atk_ko,def_ko,atk_rank,def_rank,ttk_atk_to_def,ttk_def_to_atk,v_base,v_atk_mega,v_def_has_item,v_def_mega,def_assumed_item
보만다,한카리아스,1,2,2.000,2.000,-0.3288,0.2077,-0.3288,-0.3594,구애스카프
보만다,누리레느,1,3,4.000,2.000,-0.3473,0.0298,-0.5192,,자뭉열매
보만다,갑주무사,1,4,3.000,9.000,0.9947,1.0000,0.9762,0.8984,생명의구슬
보만다,하마돈,1,5,3.000,3.000,0.3771,0.2368,0.1240,,자뭉열매
보만다,루카리오,1,6,2.000,3.000,0.3730,0.3730,0.3730,-0.3288,기합의띠
보만다,드닐레이브,1,7,2.000,2.000,0.0374,0.1072,0.0374,0.0374,기합의띠
보만다,브리두라스,1,8,3.000,2.000,-0.1261,-0.1261,-0.1960,,자뭉열매
보만다,타부자고,1,9,3.000,3.000,0.1277,0.1277,-0.1090,,풍선
보만다,따라큐,1,10,4.000,3.000,0.1062,0.4909,-0.0256,,생명의구슬
보만다,고릴타,1,11,2.000,10.000,0.9952,1.0000,1.0000,,생명의구슬
보만다,킬가르도,1,12,3.000,2.000,0.2094,0.2094,-0.0256,,먹다남은음식
보만다,마스카나,1,13,2.000,2.000,-0.4293,-0.1960,-0.4293,,구애스카프
보만다,갸라도스,1,14,3.000,3.000,-0.0256,0.1395,-0.0256,-0.0256,울퉁불퉁멧
보만다,아머까오,1,15,4.000,7.000,0.8956,0.8956,0.8956,,울퉁불퉁멧
보만다,킬라플로르,1,16,2.000,2.000,0.2077,0.4428,0.1379,-0.3594,기합의띠
보만다,대쓰여너,1,17,3.000,3.000,0.2094,0.2094,-0.2573,,구애스카프
보만다,리자몽,1,18,3.000,4.000,0.3554,0.7467,0.1220,0.3212,구애스카프
보만다,포푸니크,1,19,2.000,5.000,0.5775,0.7802,0.5775,,없음
보만다,개굴닌자,1,20,2.000,1.000,-0.5928,-0.4293,-0.5928,-0.8279,기합의띠
보만다,에이스번,1,21,2.000,4.000,0.3102,0.7085,0.3102,,구애스카프
보만다,알로라 나인테일,1,22,3.000,1.000,-0.8279,0.0374,-0.8279,,없음
보만다,에써르(수컷),1,23,2.000,4.000,0.7085,0.7784,0.2419,,구애스카프
보만다,워시로토무,1,24,3.000,4.000,0.5434,0.7768,0.5434,,먹다남은음식
보만다,불카모스,1,25,3.000,6.000,0.7958,0.9771,0.6561,,자뭉열매
보만다,빠르모트,1,26,2.000,3.000,-0.0937,0.3730,-0.0937,,기합의띠
보만다,라우드본,1,27,4.000,5.000,0.5904,0.5904,0.2972,,자뭉열매
보만다,삼삼드래,1,28,2.000,2.000,0.1072,0.1072,-0.3594,,구애스카프
보만다,메타그로스,1,29,3.000,2.000,0.2094,0.2094,-0.0256,-0.2573,생명의구슬
보만다,망나뇽,1,30,2.495,2.000,0.1765,0.1765,0.1765,-0.3447,없음
보만다,님피아,1,31,4.000,2.000,-0.5933,-0.0077,-0.7567,,먹다남은음식
보만다,히트로토무,1,32,3.000,4.000,0.5158,0.7493,0.0492,,구애스카프
보만다,거북왕,1,33,3.000,2.000,-0.0256,-0.0256,-0.0256,-0.3594,없음
보만다,대도각참,1,34,3.000,5.000,0.8061,0.7250,0.7250,,타입강화
보만다,팬텀,1,35,2.000,2.000,-0.0937,0.4428,-0.0937,-0.3288,기합의띠
보만다,마폭시,1,36,2.000,3.000,0.2419,0.7085,0.2419,-0.2573,기합의띠
보만다,엠페르트,1,37,3.000,2.000,-0.0256,-0.0256,-0.0256,,없음
보만다,번치코,1,38,2.000,4.000,0.7085,0.7784,0.3730,0.0766,생명의구슬
보만다,대짱이,1,39,3.000,3.000,0.2094,0.2094,-0.0256,-0.0256,자뭉열매
보만다,라이츄,1,40,2.000,3.000,0.2419,0.7085,0.2419,-0.0937,구애스카프
보만다,블래키,1,41,4.000,9.000,0.8830,0.9294,0.8234,,먹다남은음식
보만다,다크펫,1,42,2.000,5.000,0.8807,0.7802,0.8807,0.5434,기합의띠
보만다,더시마사리,1,43,4.000,22.000,0.9216,0.9216,0.9059,,먹다남은음식
보만다,핫삼,1,44,2.000,7.000,0.9887,0.9757,0.9757,0.9757,울퉁불퉁멧
보만다,오롱털,1,45,3.000,3.000,-0.0256,0.3730,-0.0256,,없음
보만다,픽시,1,46,5.000,3.000,-0.2034,0.3166,-0.2666,-0.3723,먹다남은음식
보만다,카디나르마,1,47,3.000,4.000,0.5434,0.5434,0.5434,,기합의띠
보만다,앱솔,1,48,2.000,2.000,0.1379,0.1379,0.1379,-0.3288,없음
보만다,찌리배리,1,49,4.000,5.000,0.8724,0.8878,0.8171,,먹다남은음식
보만다,맘모꾸리,1,50,3.000,2.000,-0.1261,-0.1261,-0.1261,,기합의띠
보만다,파라블레이즈,1,51,2.000,4.000,0.6232,0.7085,0.6232,,기합의띠
보만다,패리퍼,1,52,2.000,2.000,0.0007,0.1493,0.0007,,없음
보만다,찌르호크,1,53,3.000,5.000,0.5978,0.8081,0.3645,0.2829,구애스카프
보만다,대검귀,1,54,3.000,2.000,-0.0256,0.1379,-0.0256,,타입강화
보만다,마기라스,1,55,3.000,2.000,0.2094,0.2094,-0.0256,-0.2589,먹다남은음식
보만다,이어롭,1,56,2.000,2.000,-0.4923,0.1379,-0.4923,-0.5928,자뭉열매
보만다,플라엣테,1,57,4.000,2.000,-0.4181,0.0095,-0.8126,-0.8661,구애스카프
보만다,배바닐라,1,58,3.000,1.000,-0.3612,-0.1977,-0.3612,,타입강화
보만다,드래펄트,1,59,2.000,2.000,-0.2589,-0.2589,-0.3594,,생명의구슬
보만다,입치트,1,60,2.000,3.000,0.4735,0.4428,0.4735,0.2094,기합의띠
보만다,메가니움,1,61,3.000,5.000,0.7198,0.9363,0.7198,-0.0256,기합의띠
보만다,메타몽,1,62,2.000,3.000,0.3730,0.4428,0.3730,,구애스카프
보만다,이상해꽃,1,63,3.000,5.000,0.7076,0.9303,0.5682,0.4018,생명의구슬
보만다,밀로틱,1,64,4.000,2.000,-0.0256,0.2090,-0.0614,,먹다남은음식
보만다,스코빌런,1,65,2.000,6.000,0.9614,0.9734,0.9600,0.9208,먹다남은음식
보만다,아쿠스타,1,66,2.000,2.000,-0.4923,0.1379,-0.4923,-0.5928,기합의띠
보만다,몰드류,1,67,2.000,4.000,0.6933,0.7085,0.2266,-0.0068,구애스카프
보만다,조로아크(히스이),1,68,2.000,2.000,-0.0937,0.4428,-0.0937,,기합의띠
보만다,미끄래곤(히스이),1,69,3.000,2.000,-0.1261,-0.0256,-0.1261,,먹다남은음식
보만다,잠만보,1,70,3.000,3.000,0.0641,0.2094,-0.0420,,먹다남은음식
보만다,무장조,1,71,3.000,6.000,0.9808,0.9445,0.9093,0.1444,자뭉열매
보만다,클레스퍼트라,1,72,2.000,4.000,0.0767,0.7085,0.0767,,기합의띠
보만다,창파나이트,1,73,3.000,5.000,0.9381,0.8807,0.9381,,없음
보만다,우츠보트,1,74,3.000,5.000,0.8773,0.8807,0.8773,0.4734,기합의띠
보만다,가라르야도킹,1,75,3.000,2.000,-0.0256,0.1305,-0.0256,,먹다남은음식
보만다,깜까미,1,76,2.000,8.000,0.9829,0.9829,0.9829,0.9482,없음
보만다,엘풍,1,77,2.000,3.000,-0.0937,0.6063,-0.0937,,기합의띠
보만다,저승갓숭,1,78,3.000,3.000,-0.0006,0.4428,-0.0256,,먹다남은음식
보만다,스트린더(하이),1,79,1.000,4.000,0.7784,0.7784,0.7085,,풍선
보만다,샤미드,1,80,4.000,2.000,-0.0256,0.2006,-0.0571,,먹다남은음식
보만다,사마자르,1,81,2.000,3.000,0.5434,0.7085,0.5434,,기합의띠
보만다,인텔리레온,1,82,2.000,2.000,-0.4293,-0.1960,-0.4293,,없음
보만다,깨비물거미,1,83,3.000,3.000,0.2094,0.5568,0.0896,,자뭉열매
보만다,가디안,1,84,3.000,2.000,-0.0955,0.1379,-0.0955,-0.4293,기합의띠
보만다,왕구리,1,85,3.000,2.000,-0.0256,0.1379,-0.0256,,없음
보만다,엘레이드,1,86,2.000,2.000,0.1323,0.2741,0.0374,-0.5928,생명의구슬
보만다,브리무음,1,87,4.000,2.000,-0.1422,0.1736,-0.1422,,기합의띠
보만다,눈여아,1,88,2.000,1.000,-0.6644,0.0374,-0.6644,-0.8279,기합의띠
보만다,어흥염,1,89,3.000,6.000,0.9600,0.9337,0.8940,,자뭉열매
보만다,마릴리,1,90,4.000,4.000,0.2233,0.2639,-0.0313,,자뭉열매
보만다,올리르바,1,91,3.000,3.000,0.4079,0.7784,0.4079,,기합의띠
보만다,스트린더(로우),1,92,1.000,4.000,0.7784,0.7784,0.7085,,풍선
보만다,펜드라,1,93,2.000,5.000,0.4489,0.8662,0.4489,0.3877,기합의띠
보만다,화염레오,1,94,2.000,4.000,0.0767,0.7802,0.0767,0.0767,기합의띠
보만다,윈디(히스이),1,95,2.000,2.000,0.2139,0.2139,0.1466,,기합의띠
보만다,캥카,1,96,3.000,3.000,0.2209,0.2249,0.2209,-0.2589,타입강화
보만다,꿈트렁,1,97,2.000,6.000,0.9734,0.9444,0.9687,,자뭉열매
보만다,에써르(암컷),1,98,2.000,4.000,0.7085,0.7085,0.7085,,없음
보만다,후딘,1,99,2.000,3.000,-0.0937,0.3100,-0.0937,,기합의띠
보만다,드래캄,1,100,2.000,2.000,0.1072,0.1072,-0.1279,-0.1279,생명의구슬
한카리아스,보만다,2,1,2.000,2.000,0.1379,0.1072,-0.3288,-0.4293,구애스카프
한카리아스,누리레느,2,3,2.000,2.000,0.1097,-0.1236,-0.0955,,자뭉열매
한카리아스,갑주무사,2,4,3.000,3.000,0.2400,0.4735,0.4070,0.4735,생명의구슬
한카리아스,하마돈,2,5,3.000,2.000,-0.0588,0.6325,-0.1454,,자뭉열매
한카리아스,루카리오,2,6,1.000,2.000,0.3712,0.1379,0.1379,-0.0955,기합의띠
한카리아스,드닐레이브,2,7,2.000,1.000,-0.1977,0.0356,-0.1977,-0.1977,기합의띠
한카리아스,브리두라스,2,8,2.000,1.000,-0.1977,-0.1977,-0.1977,,자뭉열매
한카리아스,타부자고,2,9,2.000,3.000,0.3693,0.2083,0.1358,,풍선
한카리아스,따라큐,2,10,2.000,2.000,0.1627,-0.0955,0.1379,,생명의구슬
한카리아스,고릴타,2,11,2.000,3.000,0.4735,0.8090,0.1379,,생명의구슬
한카리아스,킬가르도,2,12,2.000,2.000,0.1379,0.1379,0.1379,,먹다남은음식
한카리아스,마스카나,2,13,2.000,1.000,-0.6644,0.1379,-0.6644,,구애스카프
한카리아스,갸라도스,2,14,3.000,2.000,-0.0955,0.4735,-0.0955,-0.0955,울퉁불퉁멧
한카리아스,아머까오,2,15,4.000,5.000,0.5157,0.5732,0.3027,,울퉁불퉁멧
한카리아스,킬라플로르,2,16,1.000,3.000,0.7068,0.7068,0.4735,0.7068,기합의띠
한카리아스,대쓰여너,2,17,2.000,2.000,0.1379,0.4735,-0.3288,,구애스카프
한카리아스,리자몽,2,18,2.000,3.000,0.5492,0.3943,0.0826,0.1609,구애스카프
한카리아스,포푸니크,2,19,1.000,3.000,0.2401,0.1379,0.2401,,없음
한카리아스,개굴닌자,2,20,2.000,1.000,-0.6644,0.1379,-0.6644,-0.6644,기합의띠
한카리아스,에이스번,2,21,1.000,3.000,0.2401,0.4735,0.2401,,구애스카프
한카리아스,알로라 나인테일,2,22,2.000,1.000,-0.6644,0.1379,-0.6644,,없음
한카리아스,에써르(수컷),2,23,2.000,3.000,0.4735,0.4735,0.0068,,구애스카프
한카리아스,워시로토무,2,24,2.000,3.000,0.4735,1.0000,0.4735,,먹다남은음식
한카리아스,불카모스,2,25,2.000,4.000,0.6745,0.6745,0.5332,,자뭉열매
한카리아스,빠르모트,2,26,1.000,2.000,-0.0955,0.4735,-0.3288,,기합의띠
한카리아스,라우드본,2,27,2.000,4.000,0.7927,0.5684,0.5684,,자뭉열매
한카리아스,삼삼드래,2,28,1.000,1.000,0.0356,0.0356,-0.4311,,구애스카프
한카리아스,메타그로스,2,29,2.000,2.000,0.1379,0.4735,-0.1977,-0.3288,생명의구슬
한카리아스,망나뇽,2,30,2.495,2.000,0.1368,0.1368,0.1368,-0.1433,없음
한카리아스,님피아,2,31,3.000,1.000,-0.1245,-0.5249,-0.3579,,먹다남은음식
한카리아스,히트로토무,2,32,2.000,5.000,0.9113,0.9113,0.6780,,구애스카프
한카리아스,거북왕,2,33,2.000,2.000,0.1379,0.4735,0.1379,-0.4311,없음
한카리아스,대도각참,2,34,2.000,3.000,0.4735,0.4735,0.4735,,타입강화
한카리아스,팬텀,2,35,1.000,2.000,-0.0955,0.4735,-0.3288,-0.0955,기합의띠
한카리아스,마폭시,2,36,1.000,3.000,0.2401,0.4735,0.0068,-0.3288,기합의띠
한카리아스,엠페르트,2,37,2.000,2.000,0.1379,0.4850,0.1379,,없음
한카리아스,번치코,2,38,1.000,3.000,0.7068,0.1379,0.3712,0.1379,생명의구슬
한카리아스,대짱이,2,39,2.000,2.000,0.1379,0.4735,-0.0955,-0.0955,자뭉열매
한카리아스,라이츄,2,40,1.000,3.000,0.2401,0.4735,0.2401,-0.0955,구애스카프
한카리아스,블래키,2,41,3.000,6.000,0.8936,0.8379,0.8936,,먹다남은음식
한카리아스,다크펫,2,42,2.000,3.000,0.4735,0.4735,0.4735,0.1379,기합의띠
한카리아스,더시마사리,2,43,2.000,7.000,1.0000,0.9932,1.0000,,먹다남은음식
한카리아스,핫삼,2,44,2.000,4.000,0.7251,0.7656,0.6663,0.6663,울퉁불퉁멧
한카리아스,오롱털,2,45,2.000,2.000,0.1379,-0.0955,0.1379,,없음
한카리아스,픽시,2,46,3.000,3.000,0.2044,-0.2416,-0.0062,-0.5374,먹다남은음식
한카리아스,카디나르마,2,47,2.000,3.000,0.4735,0.4735,0.4735,,기합의띠
한카리아스,앱솔,2,48,2.000,2.000,0.1379,0.1379,0.1379,-0.3288,없음
한카리아스,찌리배리,2,49,2.000,11.000,1.0000,0.9937,1.0000,,먹다남은음식
한카리아스,맘모꾸리,2,50,2.000,1.000,-0.1977,0.1379,-0.1977,,기합의띠
한카리아스,파라블레이즈,2,51,1.000,3.000,0.7068,0.4735,0.4735,,기합의띠
한카리아스,패리퍼,2,52,2.000,2.000,0.1007,0.5270,0.1007,,없음
한카리아스,찌르호크,2,53,3.000,4.000,0.5550,0.7476,0.0883,-0.1840,구애스카프
한카리아스,대검귀,2,54,2.000,2.000,0.1379,0.4735,0.1379,,타입강화
한카리아스,마기라스,2,55,2.000,2.000,0.1379,0.4735,0.1379,0.1379,먹다남은음식
한카리아스,이어롭,2,56,2.000,2.000,-0.3288,0.4735,-0.3288,-0.6644,자뭉열매
한카리아스,플라엣테,2,57,3.000,2.000,-0.1525,-0.3859,-0.6192,-0.5161,구애스카프
한카리아스,배바닐라,2,58,2.000,1.000,-0.1977,0.1379,-0.1977,,타입강화
한카리아스,드래펄트,2,59,1.000,2.000,-0.0955,0.3712,-0.4311,,생명의구슬
한카리아스,입치트,2,60,2.000,2.000,0.1379,0.1379,0.1379,0.1379,기합의띠
한카리아스,메가니움,2,61,3.000,4.000,0.5432,0.7762,0.5432,-0.2586,기합의띠
한카리아스,메타몽,2,62,2.000,3.000,0.4735,0.3712,0.4735,,구애스카프
한카리아스,이상해꽃,2,63,3.000,5.000,0.9288,0.7552,0.7552,0.5914,생명의구슬
한카리아스,밀로틱,2,64,3.000,2.000,-0.0942,0.5727,-0.0955,,먹다남은음식
한카리아스,스코빌런,2,65,2.000,3.000,0.4735,0.9113,0.4735,0.1379,먹다남은음식
한카리아스,아쿠스타,2,66,2.000,2.000,-0.3288,0.4735,-0.3288,-0.6644,기합의띠
한카리아스,몰드류,2,67,1.000,3.000,0.7068,0.4735,0.2401,0.0068,구애스카프
한카리아스,조로아크(히스이),2,68,2.000,2.000,-0.3288,0.4735,-0.3288,,기합의띠
한카리아스,미끄래곤(히스이),2,69,2.000,2.000,0.1379,0.1379,0.1379,,먹다남은음식
한카리아스,잠만보,2,70,3.000,2.000,-0.0955,0.2400,-0.0955,,먹다남은음식
한카리아스,무장조,2,71,3.000,4.000,0.7216,0.7166,0.4429,-0.3975,자뭉열매
한카리아스,클레스퍼트라,2,72,2.000,3.000,0.0068,0.4735,0.0068,,기합의띠
한카리아스,창파나이트,2,73,2.000,2.000,0.1379,0.1379,0.1379,,없음
한카리아스,우츠보트,2,74,2.000,5.000,0.9113,0.8090,0.9113,0.5732,기합의띠
한카리아스,가라르야도킹,2,75,2.000,2.000,0.1379,0.5398,0.1379,,먹다남은음식
한카리아스,깜까미,2,76,2.000,5.000,0.8919,0.8919,0.8919,0.8890,없음
한카리아스,엘풍,2,77,2.000,2.000,-0.3288,0.1379,-0.3288,,기합의띠
한카리아스,저승갓숭,2,78,3.000,2.000,-0.0707,0.2648,-0.0955,,먹다남은음식
한카리아스,스트린더(하이),2,79,1.000,3.000,0.7068,0.7068,0.4735,,풍선
한카리아스,샤미드,2,80,3.000,2.000,-0.0667,0.5609,-0.0955,,먹다남은음식
한카리아스,사마자르,2,81,2.000,4.000,0.8090,0.4735,0.8090,,기합의띠
한카리아스,인텔리레온,2,82,2.000,2.000,-0.3288,0.4735,-0.3288,,없음
한카리아스,깨비물거미,2,83,2.000,2.000,0.1379,0.8090,-0.0955,,자뭉열매
한카리아스,가디안,2,84,2.000,2.000,0.1379,-0.0955,0.1379,-0.1977,기합의띠
한카리아스,왕구리,2,85,2.000,2.000,0.1379,0.4735,0.1379,,없음
한카리아스,엘레이드,2,86,2.000,1.000,-0.1977,0.1379,-0.1977,-0.6644,생명의구슬
한카리아스,브리무음,2,87,3.000,2.000,0.0212,-0.2122,0.0212,,기합의띠
한카리아스,눈여아,2,88,2.000,1.000,-0.6644,0.1379,-0.6644,-0.6644,기합의띠
한카리아스,어흥염,2,89,2.000,4.000,0.8090,0.8090,0.5732,,자뭉열매
한카리아스,마릴리,2,90,3.000,3.000,0.0394,-0.1939,0.0394,,자뭉열매
한카리아스,올리르바,2,91,3.000,3.000,0.3335,0.3335,0.3335,,기합의띠
한카리아스,스트린더(로우),2,92,1.000,3.000,0.7068,0.7068,0.4735,,풍선
한카리아스,펜드라,2,93,2.000,4.000,0.5188,0.4735,0.5188,0.3511,기합의띠
한카리아스,화염레오,2,94,1.000,3.000,0.2401,0.4735,0.0068,0.0068,기합의띠
한카리아스,윈디(히스이),2,95,1.000,2.000,0.3837,0.3750,0.1503,,기합의띠
한카리아스,캥카,2,96,2.000,2.000,0.1018,0.4735,0.1018,-0.0955,타입강화
한카리아스,꿈트렁,2,97,2.000,4.000,0.7967,0.8090,0.5732,,자뭉열매
한카리아스,에써르(암컷),2,98,2.000,3.000,0.4735,0.4735,0.4735,,없음
한카리아스,후딘,2,99,2.000,3.000,0.0068,0.4735,0.0068,,기합의띠
한카리아스,드래캄,2,100,1.000,1.000,0.0356,0.0356,0.0356,0.0356,생명의구슬
누리레느,보만다,3,1,2.000,4.000,0.3033,,0.3033,-0.2390,구애스카프
누리레느,한카리아스,3,2,2.000,2.000,-0.2883,,-0.2883,0.0473,구애스카프
누리레느,갑주무사,3,4,3.000,4.000,0.6337,,0.4871,0.1526,생명의구슬
누리레느,하마돈,3,5,2.000,3.000,0.5967,,0.5101,,자뭉열매
누리레느,루카리오,3,6,2.000,3.000,-0.3165,,-0.3165,-0.3569,기합의띠
누리레느,드닐레이브,3,7,2.000,3.000,0.0068,,0.0068,-0.2883,기합의띠
누리레느,브리두라스,3,8,3.000,2.000,-0.5621,,-0.5621,,자뭉열매
누리레느,타부자고,3,9,4.000,3.000,-0.4000,,-0.4000,,풍선
누리레느,따라큐,3,10,3.000,2.000,-0.5621,,-0.3722,,생명의구슬
누리레느,고릴타,3,11,2.000,1.000,-0.6644,,-0.6644,,생명의구슬
누리레느,킬가르도,3,12,3.000,2.000,-0.3569,,-0.5903,,먹다남은음식
누리레느,마스카나,3,13,1.000,2.000,-0.1236,,-0.1236,,구애스카프
누리레느,갸라도스,3,14,3.000,2.000,-0.5903,,-0.5903,-0.3288,울퉁불퉁멧
누리레느,아머까오,3,15,4.000,4.000,-0.4474,,-0.4474,,울퉁불퉁멧
누리레느,킬라플로르,3,16,2.000,2.000,-0.3288,,-0.3288,-0.6239,기합의띠
누리레느,대쓰여너,3,17,3.000,3.000,-0.2267,,-0.2267,,구애스카프
누리레느,리자몽,3,18,2.000,2.000,-0.2217,,-0.2217,-0.3260,구애스카프
누리레느,포푸니크,3,19,3.000,2.000,-0.5621,,-0.5621,,없음
누리레느,개굴닌자,3,20,1.000,2.000,-0.1236,,-0.3288,-0.3288,기합의띠
누리레느,에이스번,3,21,2.000,1.000,-0.6239,,-0.6239,,구애스카프
누리레느,알로라 나인테일,3,22,3.000,4.000,0.1468,,0.1468,,없음
누리레느,에써르(수컷),3,23,3.000,3.000,-0.2267,,-0.2267,,구애스카프
누리레느,워시로토무,3,24,3.000,2.000,-0.5621,,-0.5621,,먹다남은음식
누리레느,불카모스,3,25,2.000,4.000,0.1911,,0.0669,,자뭉열매
누리레느,빠르모트,3,26,1.000,1.000,-0.3906,,-0.6239,,기합의띠
누리레느,라우드본,3,27,2.000,6.000,0.9700,,0.7415,,자뭉열매
누리레느,삼삼드래,3,28,1.000,5.000,0.9220,,0.9220,,구애스카프
누리레느,메타그로스,3,29,3.000,2.000,-0.5217,,-0.5621,-0.5501,생명의구슬
누리레느,망나뇽,3,30,2.495,4.000,0.0795,,0.0795,-0.2339,없음
누리레느,님피아,3,31,5.000,3.000,-0.4525,,-0.6744,,먹다남은음식
누리레느,히트로토무,3,32,2.000,2.000,-0.3288,,-0.3288,,구애스카프
누리레느,거북왕,3,33,3.000,5.000,0.1357,,0.1357,-0.2295,없음
누리레느,대도각참,3,34,3.000,2.000,-0.0550,,-0.0550,,타입강화
누리레느,팬텀,3,35,2.000,2.000,-0.3569,,-0.3569,-0.5621,기합의띠
누리레느,마폭시,3,36,2.000,4.000,0.3188,,0.3188,0.0068,기합의띠
누리레느,엠페르트,3,37,6.000,4.000,-0.3678,,-0.3678,,없음
누리레느,번치코,3,38,2.000,3.000,-0.2883,,-0.1236,-0.3288,생명의구슬
누리레느,대짱이,3,39,3.000,3.000,-0.2884,,-0.5220,-0.5903,자뭉열매
누리레느,라이츄,3,40,2.000,2.000,-0.3569,,-0.3569,-0.6521,구애스카프
누리레느,블래키,3,41,3.000,9.000,0.9943,,0.9942,,먹다남은음식
누리레느,다크펫,3,42,2.000,2.000,-0.3288,,-0.3288,-0.3569,기합의띠
누리레느,더시마사리,3,43,8.000,11.000,0.7000,,0.2415,,먹다남은음식
누리레느,핫삼,3,44,3.000,3.000,-0.2800,,-0.3007,-0.3007,울퉁불퉁멧
누리레느,오롱털,3,45,2.000,3.000,0.2401,,0.2401,,없음
누리레느,픽시,3,46,4.000,5.000,0.3850,,0.2044,-0.1462,먹다남은음식
누리레느,카디나르마,3,47,2.000,3.000,0.0068,,0.0068,,기합의띠
누리레느,앱솔,3,48,1.000,3.000,0.2599,,0.2599,0.2401,없음
누리레느,찌리배리,3,49,4.000,3.000,-0.0193,,-0.1552,,먹다남은음식
누리레느,맘모꾸리,3,50,2.000,2.000,-0.2883,,-0.2883,,기합의띠
누리레느,파라블레이즈,3,51,2.000,2.000,-0.2883,,-0.2883,,기합의띠
누리레느,패리퍼,3,52,2.000,4.000,0.0859,,0.0859,,없음
누리레느,찌르호크,3,53,3.000,3.000,-0.2454,,-0.2454,-0.0547,구애스카프
누리레느,대검귀,3,54,2.000,6.000,1.0000,,0.9855,,타입강화
누리레느,마기라스,3,55,2.000,2.000,-0.2883,,-0.2883,-0.3288,먹다남은음식
누리레느,이어롭,3,56,3.000,2.000,-0.5217,,-0.5501,-0.3288,자뭉열매
누리레느,플라엣테,3,57,4.000,3.000,-0.5047,,-0.5047,-0.7197,구애스카프
누리레느,배바닐라,3,58,3.000,6.000,0.7880,,0.4785,,타입강화
누리레느,드래펄트,3,59,2.000,3.000,0.0068,,-0.1236,,생명의구슬
누리레느,입치트,3,60,2.000,3.000,0.4735,,0.4735,0.2400,기합의띠
누리레느,메가니움,3,61,3.000,2.000,-0.2858,,-0.2858,-0.6706,기합의띠
누리레느,메타몽,3,62,2.000,4.000,0.8214,,0.3828,,구애스카프
누리레느,이상해꽃,3,63,3.000,3.000,-0.2907,,-0.4543,-0.7880,생명의구슬
누리레느,밀로틱,3,64,5.000,9.000,0.8187,,0.5792,,먹다남은음식
누리레느,스코빌런,3,65,3.000,2.000,-0.5040,,-0.5621,-0.6458,먹다남은음식
누리레느,아쿠스타,3,66,3.000,4.000,0.3139,,0.3139,-0.1865,기합의띠
누리레느,몰드류,3,67,2.000,2.000,-0.2883,,-0.2883,-0.3288,구애스카프
누리레느,조로아크(히스이),3,68,2.000,3.000,0.0068,,0.0068,,기합의띠
누리레느,미끄래곤(히스이),3,69,4.000,3.000,-0.2290,,-0.3806,,먹다남은음식
누리레느,잠만보,3,70,5.000,3.000,-0.0650,,-0.2704,,먹다남은음식
누리레느,무장조,3,71,3.000,3.000,-0.0172,,-0.2400,-0.4898,자뭉열매
누리레느,클레스퍼트라,3,72,3.000,3.000,-0.0214,,-0.0214,,기합의띠
누리레느,창파나이트,3,73,2.000,2.000,-0.1236,,-0.1236,,없음
누리레느,우츠보트,3,74,2.000,2.000,-0.3569,,-0.3569,-0.5621,기합의띠
누리레느,가라르야도킹,3,75,4.000,2.000,-0.1461,,-0.3863,,먹다남은음식
누리레느,깜까미,3,76,1.000,7.000,1.0000,,1.0000,1.0000,없음
누리레느,엘풍,3,77,2.000,2.000,-0.2883,,-0.2883,,기합의띠
누리레느,저승갓숭,3,78,2.000,4.000,0.3794,,0.3794,,먹다남은음식
누리레느,스트린더(하이),3,79,3.000,2.000,-0.5621,,-0.5621,,풍선
누리레느,샤미드,3,80,5.000,9.000,0.8000,,0.5472,,먹다남은음식
누리레느,사마자르,3,81,2.000,3.000,0.2525,,0.0473,,기합의띠
누리레느,인텔리레온,3,82,2.000,5.000,0.6879,,0.6879,,없음
누리레느,깨비물거미,3,83,3.000,7.000,0.9537,,0.8886,,자뭉열매
누리레느,가디안,3,84,3.000,3.000,-0.2267,,-0.2267,-0.5501,기합의띠
누리레느,왕구리,3,85,3.000,6.000,0.7880,,0.7880,,없음
누리레느,엘레이드,3,86,2.000,2.000,-0.3274,,-0.3288,-0.3288,생명의구슬
누리레느,브리무음,3,87,3.000,3.000,0.2601,,0.2601,,기합의띠
누리레느,눈여아,3,88,2.000,3.000,0.0139,,0.0139,-0.5217,기합의띠
누리레느,어흥염,3,89,2.000,4.000,0.6162,,0.6133,,자뭉열매
누리레느,마릴리,3,90,3.000,4.000,0.2145,,0.1827,,자뭉열매
누리레느,올리르바,3,91,3.000,2.000,0.1218,,0.1218,,기합의띠
누리레느,스트린더(로우),3,92,3.000,2.000,-0.5621,,-0.5621,,풍선
누리레느,펜드라,3,93,3.000,2.000,-0.6048,,-0.6048,-0.8977,기합의띠
누리레느,화염레오,3,94,2.000,4.000,0.3424,,0.3424,0.0473,기합의띠
누리레느,윈디(히스이),3,95,1.000,2.000,-0.0830,,-0.3163,,기합의띠
누리레느,캥카,3,96,3.000,2.000,-0.5603,,-0.5665,-0.6220,타입강화
누리레느,꿈트렁,3,97,2.000,3.000,-0.0300,,-0.2246,,자뭉열매
누리레느,에써르(암컷),3,98,3.000,4.000,0.1468,,0.1468,,없음
누리레느,후딘,3,99,3.000,3.000,-0.2267,,-0.2267,,기합의띠
누리레느,드래캄,3,100,3.000,2.000,-0.0955,,0.1097,-0.3906,생명의구슬
갑주무사,보만다,4,1,9.000,3.000,-0.7205,-0.8174,-0.7205,-0.8174,구애스카프
갑주무사,한카리아스,4,2,3.000,3.000,-0.2267,-0.5621,-0.2267,-0.5621,구애스카프
갑주무사,누리레느,4,3,4.000,3.000,-0.5051,-0.1031,-0.6704,,자뭉열매
갑주무사,하마돈,4,5,4.000,6.000,0.3409,0.2715,0.1806,,자뭉열매
갑주무사,루카리오,4,6,2.000,4.000,0.3424,0.1737,0.3424,0.0068,기합의띠
갑주무사,드닐레이브,4,7,2.000,3.000,0.0068,0.7696,0.0068,-0.2997,기합의띠
갑주무사,브리두라스,4,8,2.000,2.000,-0.3952,0.3424,-0.5621,,자뭉열매
갑주무사,타부자고,4,9,3.000,3.000,-0.4625,0.1105,-0.6975,,풍선
갑주무사,따라큐,4,10,2.000,5.000,0.4448,1.0000,0.3424,,생명의구슬
갑주무사,고릴타,4,11,2.000,3.000,0.0068,0.6780,-0.2333,,생명의구슬
갑주무사,킬가르도,4,12,3.000,3.000,-0.2267,-0.1584,-0.2811,,먹다남은음식
갑주무사,마스카나,4,13,1.000,3.000,0.2401,0.9366,0.2401,,구애스카프
갑주무사,갸라도스,4,14,7.000,4.000,-0.7000,-0.4905,-0.7000,0.3424,울퉁불퉁멧
갑주무사,아머까오,4,15,5.000,3.000,-0.6665,0.0798,-0.7955,,울퉁불퉁멧
갑주무사,킬라플로르,4,16,2.000,2.000,-0.3288,0.5093,-0.3288,-0.6644,기합의띠
갑주무사,대쓰여너,4,17,3.000,2.000,-0.5621,-0.2267,-0.5621,,구애스카프
갑주무사,리자몽,4,18,3.000,2.000,-0.5295,-0.8977,-0.5295,-0.6148,구애스카프
갑주무사,포푸니크,4,19,2.000,3.000,0.1023,-0.3288,0.1023,,없음
갑주무사,개굴닌자,4,20,1.000,3.000,0.3357,0.3357,0.1023,0.1737,기합의띠
갑주무사,에이스번,4,21,2.000,3.000,-0.0597,-0.6644,-0.0597,,구애스카프
갑주무사,알로라 나인테일,4,22,1.000,4.000,0.3357,1.0000,0.3357,,없음
갑주무사,에써르(수컷),4,23,1.000,3.000,0.3357,-0.0955,0.3357,,구애스카프
갑주무사,워시로토무,4,24,3.000,2.000,-0.5621,0.0352,-0.5621,,먹다남은음식
갑주무사,불카모스,4,25,3.000,3.000,-0.1584,-0.8803,-0.2263,,자뭉열매
갑주무사,빠르모트,4,26,2.000,2.000,-0.3288,-0.3288,-0.3288,,기합의띠
갑주무사,라우드본,4,27,4.000,3.000,-0.4201,-0.8977,-0.6550,,자뭉열매
갑주무사,삼삼드래,4,28,2.000,2.000,-0.3288,-0.5689,-0.3288,,구애스카프
갑주무사,메타그로스,4,29,3.000,3.000,-0.1318,0.5310,-0.2267,-0.2811,생명의구슬
갑주무사,망나뇽,4,30,6.495,3.000,-0.7468,-0.7237,-0.7468,-0.7816,없음
갑주무사,님피아,4,31,3.000,2.000,-0.4464,-0.2604,-0.5327,,먹다남은음식
갑주무사,히트로토무,4,32,3.000,2.000,-0.5621,-0.8977,-0.5621,,구애스카프
갑주무사,거북왕,4,33,3.000,4.000,-0.1058,-0.2267,-0.1058,-0.2193,없음
갑주무사,대도각참,4,34,1.000,4.000,0.5093,0.6712,0.2692,,타입강화
갑주무사,팬텀,4,35,2.000,3.000,0.0068,0.3424,0.0068,-0.2333,기합의띠
갑주무사,마폭시,4,36,2.000,2.000,-0.2333,-0.6644,-0.2333,-0.3952,기합의띠
갑주무사,엠페르트,4,37,2.000,5.000,0.7150,0.0567,0.7150,,없음
갑주무사,번치코,4,38,2.000,3.000,0.0068,-0.6644,-0.3288,-0.2997,생명의구슬
갑주무사,대짱이,4,39,3.000,6.000,0.8263,0.1066,0.5543,0.3694,자뭉열매
갑주무사,라이츄,4,40,2.000,2.000,-0.3288,0.1023,-0.3288,-0.6644,구애스카프
갑주무사,블래키,4,41,2.000,7.000,0.9599,1.0000,0.9599,,먹다남은음식
갑주무사,다크펫,4,42,2.000,3.000,0.1023,0.3424,0.1023,-0.0597,기합의띠
갑주무사,더시마사리,4,43,4.000,16.000,0.9103,0.9103,0.8219,,먹다남은음식
갑주무사,핫삼,4,44,4.000,3.000,-0.5002,0.2069,-0.7012,-0.7213,울퉁불퉁멧
갑주무사,오롱털,4,45,2.000,4.000,0.2753,0.4379,0.2753,,없음
갑주무사,픽시,4,46,3.000,4.000,0.0918,-0.2434,-0.0661,-0.1248,먹다남은음식
갑주무사,카디나르마,4,47,3.000,2.000,-0.4667,-0.7308,-0.4667,,기합의띠
갑주무사,앱솔,4,48,1.000,3.000,0.2401,0.9113,0.2401,-0.2333,없음
갑주무사,찌리배리,4,49,4.000,2.000,-0.6796,0.4306,-0.7467,,먹다남은음식
갑주무사,맘모꾸리,4,50,2.000,3.000,0.0068,0.3424,0.0068,,기합의띠
갑주무사,파라블레이즈,4,51,2.000,3.000,-0.0273,-0.5689,-0.0273,,기합의띠
갑주무사,패리퍼,4,52,5.000,2.000,-0.7955,-0.4003,-0.7955,,없음
갑주무사,찌르호크,4,53,5.000,2.000,-0.7731,-0.6488,-0.7731,-0.7955,구애스카프
갑주무사,대검귀,4,54,2.000,5.000,0.7696,0.9366,0.4379,,타입강화
갑주무사,마기라스,4,55,1.000,2.000,-0.0955,0.5757,-0.1619,-0.3288,먹다남은음식
갑주무사,이어롭,4,56,2.000,3.000,0.1023,1.0000,0.1023,-0.2333,자뭉열매
갑주무사,플라엣테,4,57,3.000,2.000,-0.2837,0.7795,-0.2837,-0.4508,구애스카프
갑주무사,배바닐라,4,58,2.000,5.000,0.6780,1.0000,0.4379,,타입강화
갑주무사,드래펄트,4,59,3.000,3.000,-0.4667,-0.3952,-0.3952,,생명의구슬
갑주무사,입치트,4,60,3.000,4.000,0.0173,-0.2267,0.0173,-0.0776,기합의띠
갑주무사,메가니움,4,61,2.000,4.000,0.2414,1.0000,0.2414,-0.4612,기합의띠
갑주무사,메타몽,4,62,1.000,5.000,0.6712,0.9366,0.6712,,구애스카프
갑주무사,이상해꽃,4,63,3.000,4.000,0.0391,0.9717,-0.1066,-0.2216,생명의구슬
갑주무사,밀로틱,4,64,4.000,7.000,0.7737,0.6807,0.7092,,먹다남은음식
갑주무사,스코빌런,4,65,2.000,3.000,-0.1089,-0.6644,-0.2474,-0.5148,먹다남은음식
갑주무사,아쿠스타,4,66,1.000,6.000,0.9366,1.0000,0.7696,0.6780,기합의띠
갑주무사,몰드류,4,67,2.000,3.000,0.0068,0.3424,0.0068,0.0068,구애스카프
갑주무사,조로아크(히스이),4,68,2.000,3.000,0.0068,-0.3288,0.0068,,기합의띠
갑주무사,미끄래곤(히스이),4,69,2.000,2.000,-0.2333,-0.3288,-0.2333,,먹다남은음식
갑주무사,잠만보,4,70,2.000,5.000,0.8710,0.1379,0.8694,,먹다남은음식
갑주무사,무장조,4,71,5.000,3.000,-0.7020,0.0287,-0.7263,-0.7495,자뭉열매
갑주무사,클레스퍼트라,4,72,1.000,4.000,0.5093,1.0000,0.3424,,기합의띠
갑주무사,창파나이트,4,73,3.000,2.000,-0.5621,-0.4667,-0.5621,,없음
갑주무사,우츠보트,4,74,3.000,4.000,0.1066,0.9981,0.1066,-0.2267,기합의띠
갑주무사,가라르야도킹,4,75,3.000,4.000,0.4642,-0.0395,0.3599,,먹다남은음식
갑주무사,깜까미,4,76,3.000,6.000,0.7424,0.8667,0.7424,0.7732,없음
갑주무사,엘풍,4,77,2.000,4.000,0.3424,1.0000,0.3424,,기합의띠
갑주무사,저승갓숭,4,78,6.000,5.000,-0.3380,-0.5254,-0.6152,,먹다남은음식
갑주무사,스트린더(하이),4,79,1.000,2.000,-0.0955,0.5757,-0.3288,,풍선
갑주무사,샤미드,4,80,4.000,8.000,0.8787,0.3977,0.8581,,먹다남은음식
갑주무사,사마자르,4,81,3.000,3.000,-0.2267,0.6780,-0.2267,,기합의띠
갑주무사,인텔리레온,4,82,2.000,3.000,0.0068,0.3424,0.0068,,없음
갑주무사,깨비물거미,4,83,3.000,6.000,0.7800,0.7391,0.7565,,자뭉열매
갑주무사,가디안,4,84,2.000,2.000,-0.2333,-0.1619,-0.2333,-0.3288,기합의띠
갑주무사,왕구리,4,85,3.000,5.000,0.5310,0.3701,0.5310,,없음
갑주무사,엘레이드,4,86,2.000,5.000,0.6788,0.4460,0.3424,0.1098,생명의구슬
갑주무사,브리무음,4,87,3.000,3.000,0.3235,0.1379,0.3235,,기합의띠
갑주무사,눈여아,4,88,2.000,3.000,0.0068,0.8449,0.0068,-0.3288,기합의띠
갑주무사,어흥염,4,89,3.000,3.000,-0.2171,-0.7478,-0.2861,,자뭉열매
갑주무사,마릴리,4,90,5.000,6.000,-0.2967,0.3472,-0.5250,,자뭉열매
갑주무사,올리르바,4,91,2.000,3.000,0.5307,0.9645,0.5307,,기합의띠
갑주무사,스트린더(로우),4,92,1.000,2.000,-0.0955,0.5757,-0.3288,,풍선
갑주무사,펜드라,4,93,5.000,4.000,-0.5139,0.5636,-0.5139,-0.6995,기합의띠
갑주무사,화염레오,4,94,2.000,2.000,-0.2333,-0.6644,-0.2333,-0.3288,기합의띠
갑주무사,윈디(히스이),4,95,2.000,2.000,-0.3288,-0.4912,-0.3288,,기합의띠
갑주무사,캥카,4,96,2.000,3.000,0.0216,-0.1962,0.0068,-0.0035,타입강화
갑주무사,꿈트렁,4,97,2.000,6.000,0.9978,0.9999,0.8350,,자뭉열매
갑주무사,에써르(암컷),4,98,1.000,4.000,0.3357,-0.0955,0.3357,,없음
갑주무사,후딘,4,99,1.000,3.000,0.2401,0.5757,0.0068,,기합의띠
갑주무사,드래캄,4,100,2.000,2.000,-0.3952,0.4379,-0.3288,-0.5621,생명의구슬
하마돈,보만다,5,1,3.000,3.000,-0.3437,,-0.3437,-0.2299,구애스카프
하마돈,한카리아스,5,2,2.000,3.000,0.0434,,0.0434,-0.6120,구애스카프
하마돈,누리레느,5,3,3.000,2.000,-0.6478,,-0.6656,,자뭉열매
하마돈,갑주무사,5,4,6.000,4.000,-0.1843,,-0.2727,-0.1172,생명의구슬
하마돈,루카리오,5,6,2.000,2.000,-0.0579,,-0.2056,-0.3288,기합의띠
하마돈,드닐레이브,5,7,4.000,2.000,-0.6120,,-0.6120,-0.7955,기합의띠
하마돈,브리두라스,5,8,2.000,2.000,-0.2913,,-0.4390,,자뭉열매
하마돈,타부자고,5,9,2.000,3.000,-0.1118,,-0.3465,,풍선
하마돈,따라큐,5,10,3.000,3.000,-0.0765,,-0.2756,,생명의구슬
하마돈,고릴타,5,11,4.000,2.000,-0.6478,,-0.8602,,생명의구슬
하마돈,킬가르도,5,12,2.000,2.000,-0.2913,,-0.2913,,먹다남은음식
하마돈,마스카나,5,13,3.000,2.000,-0.5255,,-0.5255,,구애스카프
하마돈,갸라도스,5,14,6.000,3.000,-0.7604,,-0.7604,-0.6120,울퉁불퉁멧
하마돈,아머까오,5,15,11.000,6.000,-0.7000,,-0.7000,,울퉁불퉁멧
하마돈,킬라플로르,5,16,1.000,3.000,0.0278,,-0.2056,0.0278,기합의띠
하마돈,대쓰여너,5,17,3.000,2.000,-0.6478,,-0.6478,,구애스카프
하마돈,리자몽,5,18,2.000,2.000,-0.2715,,-0.2715,-0.4396,구애스카프
하마돈,포푸니크,5,19,2.000,3.000,0.2777,,0.2777,,없음
하마돈,개굴닌자,5,20,3.000,2.000,-0.4145,,-0.4145,-0.7745,기합의띠
하마돈,에이스번,5,21,2.000,3.000,0.1300,,0.1300,,구애스카프
하마돈,알로라 나인테일,5,22,3.000,2.000,-0.5621,,-0.5621,,없음
하마돈,에써르(수컷),5,23,2.000,3.000,-0.0789,,-0.0789,,구애스카프
하마돈,워시로토무,5,24,8.000,2.000,-0.7955,,-0.7955,,먹다남은음식
하마돈,불카모스,5,25,3.000,3.000,0.0330,,-0.0266,,자뭉열매
하마돈,빠르모트,5,26,2.000,4.000,0.2777,,0.1300,,기합의띠
하마돈,라우드본,5,27,3.000,4.000,-0.1134,,-0.2079,,자뭉열매
하마돈,삼삼드래,5,28,4.000,2.000,-0.6120,,-0.6120,,구애스카프
하마돈,메타그로스,5,29,2.000,4.000,0.0434,,0.1300,0.0434,생명의구슬
하마돈,망나뇽,5,30,3.495,3.000,-0.3155,,-0.3155,-0.3674,없음
하마돈,님피아,5,31,4.000,2.000,-0.6222,,-0.7284,,먹다남은음식
하마돈,히트로토무,5,32,4.000,3.000,-0.7597,,-0.7597,,구애스카프
하마돈,거북왕,5,33,3.000,2.000,-0.8602,,-0.8602,-0.8977,없음
하마돈,대도각참,5,34,2.000,4.000,0.2983,,-0.0364,,타입강화
하마돈,팬텀,5,35,1.000,4.000,0.2777,,0.1300,0.2777,기합의띠
하마돈,마폭시,5,36,2.000,3.000,-0.2056,,-0.2056,-0.6120,기합의띠
하마돈,엠페르트,5,37,2.000,2.000,-0.3245,,-0.3245,,없음
하마돈,번치코,5,38,2.000,3.000,0.1300,,-0.0579,-0.2056,생명의구슬
하마돈,대짱이,5,39,3.000,2.000,-0.6478,,-0.7955,-0.6478,자뭉열매
하마돈,라이츄,5,40,1.000,4.000,0.6133,,0.6133,0.2777,구애스카프
하마돈,블래키,5,41,5.000,8.000,0.4501,,0.0856,,먹다남은음식
하마돈,다크펫,5,42,3.000,4.000,0.1658,,0.1658,0.0434,기합의띠
하마돈,더시마사리,5,43,3.000,5.000,0.8767,,0.6899,,먹다남은음식
하마돈,핫삼,5,44,4.000,5.000,-0.0547,,-0.3763,-0.4489,울퉁불퉁멧
하마돈,오롱털,5,45,3.000,4.000,0.1168,,0.1168,,없음
하마돈,픽시,5,46,4.000,5.000,-0.0106,,-0.1244,-0.4598,먹다남은음식
하마돈,카디나르마,5,47,2.000,3.000,-0.2056,,-0.2056,,기합의띠
하마돈,앱솔,5,48,2.000,3.000,-0.0192,,-0.0192,-0.0192,없음
하마돈,찌리배리,5,49,3.000,11.000,0.9977,,0.9584,,먹다남은음식
하마돈,맘모꾸리,5,50,3.000,2.000,-0.5255,,-0.5255,,기합의띠
하마돈,파라블레이즈,5,51,2.000,4.000,0.1300,,0.1300,,기합의띠
하마돈,패리퍼,5,52,4.000,2.000,-0.7899,,-0.7899,,없음
하마돈,찌르호크,5,53,5.000,4.000,-0.4473,,-0.4473,-0.4200,구애스카프
하마돈,대검귀,5,54,3.000,3.000,-0.2255,,-0.2255,,타입강화
하마돈,마기라스,5,55,2.000,4.000,0.0434,,0.0434,0.0434,먹다남은음식
하마돈,이어롭,5,56,3.000,4.000,-0.1470,,-0.2418,-0.5255,자뭉열매
하마돈,플라엣테,5,57,3.000,3.000,-0.2526,,-0.2526,-0.6973,구애스카프
하마돈,배바닐라,5,58,3.000,2.000,-0.6478,,-0.8602,,타입강화
하마돈,드래펄트,5,59,3.000,3.000,-0.5255,,-0.2913,,생명의구슬
하마돈,입치트,5,60,2.000,5.000,0.3653,,0.3653,0.4656,기합의띠
하마돈,메가니움,5,61,5.000,2.000,-0.7265,,-0.7265,-0.8150,기합의띠
하마돈,메타몽,5,62,2.000,6.000,0.7962,,0.7962,,구애스카프
하마돈,이상해꽃,5,63,4.000,3.000,-0.4777,,-0.4867,-0.6684,생명의구슬
하마돈,밀로틱,5,64,4.000,3.000,-0.4525,,-0.5500,,먹다남은음식
하마돈,스코빌런,5,65,3.000,2.000,-0.5805,,-0.7080,-0.8602,먹다남은음식
하마돈,아쿠스타,5,66,3.000,3.000,-0.1043,,-0.1043,-0.5255,기합의띠
하마돈,몰드류,5,67,2.000,4.000,0.2532,,0.2532,-0.0004,구애스카프
하마돈,조로아크(히스이),5,68,2.000,3.000,0.0434,,0.0434,,기합의띠
하마돈,미끄래곤(히스이),5,69,2.000,3.000,-0.2056,,-0.2913,,먹다남은음식
하마돈,잠만보,5,70,4.000,4.000,0.4367,,0.1916,,먹다남은음식
하마돈,무장조,5,71,10.000,6.000,-0.7000,,-0.7000,-0.7000,자뭉열매
하마돈,클레스퍼트라,5,72,3.000,3.000,-0.1043,,-0.1043,,기합의띠
하마돈,창파나이트,5,73,3.000,2.000,-0.5255,,-0.5255,,없음
하마돈,우츠보트,5,74,3.000,3.000,-0.3132,,-0.3132,-0.5255,기합의띠
하마돈,가라르야도킹,5,75,2.000,3.000,0.5601,,0.5601,,먹다남은음식
하마돈,깜까미,5,76,3.000,6.000,0.8640,,0.8640,0.8802,없음
하마돈,엘풍,5,77,3.000,2.000,-0.5255,,-0.5255,,기합의띠
하마돈,저승갓숭,5,78,4.000,4.000,-0.0863,,-0.3549,,먹다남은음식
하마돈,스트린더(하이),5,79,1.000,3.000,0.3633,,0.1300,,풍선
하마돈,샤미드,5,80,4.000,3.000,-0.7459,,-0.7465,,먹다남은음식
하마돈,사마자르,5,81,3.000,5.000,0.2232,,0.2232,,기합의띠
하마돈,인텔리레온,5,82,3.000,2.000,-0.4145,,-0.4145,,없음
하마돈,깨비물거미,5,83,4.000,3.000,-0.0824,,-0.3177,,자뭉열매
하마돈,가디안,5,84,3.000,3.000,0.0434,,0.0434,-0.2913,기합의띠
하마돈,왕구리,5,85,3.000,2.000,-0.5255,,-0.5255,,없음
하마돈,엘레이드,5,86,3.000,3.000,-0.2884,,-0.2913,-0.5255,생명의구슬
하마돈,브리무음,5,87,3.000,3.000,0.2082,,0.2082,,기합의띠
하마돈,눈여아,5,88,3.000,2.000,-0.4145,,-0.4145,-0.6269,기합의띠
하마돈,어흥염,5,89,3.000,4.000,0.0509,,-0.1711,,자뭉열매
하마돈,마릴리,5,90,3.000,4.000,-0.3521,,-0.5965,,자뭉열매
하마돈,올리르바,5,91,4.000,2.000,-0.1992,,-0.1992,,기합의띠
하마돈,스트린더(로우),5,92,1.000,3.000,0.3633,,0.1300,,풍선
하마돈,펜드라,5,93,3.000,6.000,0.2602,,0.2602,-0.3399,기합의띠
하마돈,화염레오,5,94,2.000,3.000,-0.2056,,-0.2056,-0.2056,기합의띠
하마돈,윈디(히스이),5,95,1.000,4.000,0.3770,,0.1469,,기합의띠
하마돈,캥카,5,96,3.000,4.000,-0.2040,,-0.2190,-0.3260,타입강화
하마돈,꿈트렁,5,97,17.000,5.000,-0.7000,,-0.7000,,자뭉열매
하마돈,에써르(암컷),5,98,3.000,4.000,0.1658,,0.1658,,없음
하마돈,후딘,5,99,2.000,3.000,-0.2913,,-0.2913,,기합의띠
하마돈,드래캄,5,100,2.000,2.000,0.2611,,0.2855,0.1379,생명의구슬
루카리오,보만다,6,1,3.000,2.000,-0.4923,0.1379,-0.4923,-0.4923,구애스카프
루카리오,한카리아스,6,2,2.000,1.000,-0.6644,-0.1977,-0.6644,-0.3288,구애스카프
루카리오,누리레느,6,3,3.000,2.000,0.1502,0.1783,-0.0550,,자뭉열매
루카리오,갑주무사,6,4,4.000,2.000,-0.3288,-0.0955,-0.4975,-0.3355,생명의구슬
루카리오,하마돈,6,5,2.000,2.000,-0.1602,0.1379,-0.3078,,자뭉열매
루카리오,드닐레이브,6,7,1.000,2.000,0.3712,0.3712,0.1379,0.1379,기합의띠
루카리오,브리두라스,6,8,1.000,2.000,0.3712,0.3712,0.1379,,자뭉열매
루카리오,타부자고,6,9,3.000,2.000,-0.2564,-0.0230,-0.2564,,풍선
루카리오,따라큐,6,10,1.000,3.000,0.2401,0.7068,-0.0955,,생명의구슬
루카리오,고릴타,6,11,2.000,2.000,0.1379,0.1379,-0.1977,,생명의구슬
루카리오,킬가르도,6,12,3.000,2.000,-0.0955,-0.0955,-0.3288,,먹다남은음식
루카리오,마스카나,6,13,1.000,3.000,0.2401,0.2401,0.2401,,구애스카프
루카리오,갸라도스,6,14,4.000,2.000,-0.3288,-0.0955,-0.3288,0.1379,울퉁불퉁멧
루카리오,아머까오,6,15,3.000,3.000,0.2400,0.8090,0.2400,,울퉁불퉁멧
루카리오,킬라플로르,6,16,1.000,2.000,0.3712,0.3712,0.1379,-0.0955,기합의띠
루카리오,대쓰여너,6,17,3.000,2.000,-0.0955,-0.0955,-0.5621,,구애스카프
루카리오,리자몽,6,18,4.000,1.000,-0.8746,-0.3553,-0.8746,-0.8977,구애스카프
루카리오,포푸니크,6,19,2.000,1.000,-0.6644,-0.6644,-0.6644,,없음
루카리오,개굴닌자,6,20,1.000,2.000,-0.0955,-0.0955,-0.3288,-0.0955,기합의띠
루카리오,에이스번,6,21,2.000,1.000,-0.6644,-0.6644,-0.6644,,구애스카프
루카리오,알로라 나인테일,6,22,1.000,3.000,0.2401,0.7068,0.2401,,없음
루카리오,에써르(수컷),6,23,2.000,3.000,0.0068,0.7068,0.0068,,구애스카프
루카리오,워시로토무,6,24,2.000,2.000,0.1379,0.1379,-0.0955,,먹다남은음식
루카리오,불카모스,6,25,5.000,2.000,-0.8365,-0.2300,-0.8365,,자뭉열매
루카리오,빠르모트,6,26,2.000,1.000,-0.6644,0.0356,-0.6644,,기합의띠
루카리오,라우드본,6,27,4.000,2.000,-0.3338,-0.1005,-0.3338,,자뭉열매
루카리오,삼삼드래,6,28,2.000,2.000,-0.3288,0.3712,-0.3288,,구애스카프
루카리오,메타그로스,6,29,2.000,2.000,0.1379,0.1379,-0.1977,-0.5621,생명의구슬
루카리오,망나뇽,6,30,3.495,2.000,-0.0966,0.1934,-0.0966,-0.7383,없음
루카리오,님피아,6,31,2.000,2.000,0.1379,0.2041,0.1379,,먹다남은음식
루카리오,히트로토무,6,32,2.000,1.000,-0.1977,-0.1977,-0.6644,,구애스카프
루카리오,거북왕,6,33,3.000,2.000,-0.0955,0.1379,-0.0955,-0.0955,없음
루카리오,대도각참,6,34,1.000,2.000,0.3712,0.3712,0.3712,,타입강화
루카리오,팬텀,6,35,2.000,2.000,-0.3288,0.3712,-0.3288,-0.6644,기합의띠
루카리오,마폭시,6,36,3.000,1.000,-0.8977,-0.1977,-0.8977,-0.8977,기합의띠
루카리오,엠페르트,6,37,2.000,2.000,0.1767,0.4100,0.1767,,없음
루카리오,번치코,6,38,2.000,1.000,-0.1977,-0.1977,-0.1977,-0.6644,생명의구슬
루카리오,대짱이,6,39,3.000,1.000,-0.4311,0.1379,-0.4311,-0.4311,자뭉열매
루카리오,라이츄,6,40,2.000,2.000,-0.3288,0.3712,-0.3288,-0.6644,구애스카프
루카리오,블래키,6,41,2.000,8.000,1.0000,1.0000,1.0000,,먹다남은음식
루카리오,다크펫,6,42,2.000,2.000,0.1379,0.3712,0.1379,0.1379,기합의띠
루카리오,더시마사리,6,43,6.000,5.000,0.5040,0.9769,0.1987,,먹다남은음식
루카리오,핫삼,6,44,3.000,2.000,0.0038,0.1379,0.0038,-0.1390,울퉁불퉁멧
루카리오,오롱털,6,45,1.000,3.000,0.7068,0.7068,0.7068,,없음
루카리오,픽시,6,46,2.000,3.000,0.4626,0.6713,0.4626,0.4379,먹다남은음식
루카리오,카디나르마,6,47,3.000,1.000,-0.4311,-0.1977,-0.4311,,기합의띠
루카리오,앱솔,6,48,1.000,2.000,0.3712,0.3712,0.3712,-0.6644,없음
루카리오,찌리배리,6,49,3.000,4.000,0.5111,0.7869,0.5111,,먹다남은음식
루카리오,맘모꾸리,6,50,1.000,1.000,0.0356,0.0356,-0.1977,,기합의띠
루카리오,파라블레이즈,6,51,3.000,1.000,-0.4311,0.1379,-0.4311,,기합의띠
루카리오,패리퍼,6,52,3.000,3.000,-0.0480,0.1541,-0.0480,,없음
루카리오,찌르호크,6,53,2.000,2.000,-0.3288,0.1806,-0.3288,-0.8550,구애스카프
루카리오,대검귀,6,54,1.000,2.000,0.3712,0.3712,0.3712,,타입강화
루카리오,마기라스,6,55,1.000,2.000,0.3712,0.3712,0.3712,0.0356,먹다남은음식
루카리오,이어롭,6,56,1.000,2.000,-0.0955,0.3712,-0.3288,-0.4311,자뭉열매
루카리오,플라엣테,6,57,2.000,2.000,-0.3288,0.3712,-0.3288,-0.3288,구애스카프
루카리오,배바닐라,6,58,1.000,4.000,0.8090,0.8090,0.7068,,타입강화
루카리오,드래펄트,6,59,2.000,2.000,-0.3288,-0.3288,-0.3288,,생명의구슬
루카리오,입치트,6,60,2.000,3.000,0.4735,0.7068,0.4735,0.4735,기합의띠
루카리오,메가니움,6,61,3.000,3.000,0.2092,0.3724,0.2092,0.2081,기합의띠
루카리오,메타몽,6,62,1.000,2.000,0.3712,0.3712,-0.0955,,구애스카프
루카리오,이상해꽃,6,63,3.000,3.000,0.2043,0.3562,-0.0139,0.1227,생명의구슬
루카리오,밀로틱,6,64,3.000,4.000,0.5714,0.8072,0.5286,,먹다남은음식
루카리오,스코빌런,6,65,2.000,1.000,-0.1977,-0.1316,-0.1977,-0.1977,먹다남은음식
루카리오,아쿠스타,6,66,2.000,3.000,0.0068,0.3424,0.0068,-0.2267,기합의띠
루카리오,몰드류,6,67,1.000,1.000,0.0356,0.0356,-0.4311,-0.4311,구애스카프
루카리오,조로아크(히스이),6,68,2.000,2.000,-0.3288,0.3712,-0.3288,,기합의띠
루카리오,미끄래곤(히스이),6,69,2.000,2.000,0.1379,0.3712,0.1379,,먹다남은음식
루카리오,잠만보,6,70,2.000,2.000,0.1379,0.3712,0.1379,,먹다남은음식
루카리오,무장조,6,71,2.000,2.000,0.2118,0.3810,0.2118,-0.4979,자뭉열매
루카리오,클레스퍼트라,6,72,2.000,3.000,0.0068,0.7068,0.0068,,기합의띠
루카리오,창파나이트,6,73,2.000,1.000,-0.1977,0.0356,-0.1977,,없음
루카리오,우츠보트,6,74,2.000,7.000,1.0000,1.0000,1.0000,0.9932,기합의띠
루카리오,가라르야도킹,6,75,3.000,3.000,0.1274,0.3608,0.1025,,먹다남은음식
루카리오,깜까미,6,76,2.000,7.000,1.0000,1.0000,1.0000,0.9469,없음
루카리오,엘풍,6,77,1.000,3.000,0.2401,0.2401,0.0068,,기합의띠
루카리오,저승갓숭,6,78,3.000,1.000,-0.6396,0.1022,-0.6644,,먹다남은음식
루카리오,스트린더(하이),6,79,3.000,3.000,0.2400,0.4735,0.2400,,풍선
루카리오,샤미드,6,80,3.000,3.000,0.5321,0.7677,0.4944,,먹다남은음식
루카리오,사마자르,6,81,1.000,2.000,0.3712,0.3712,0.1379,,기합의띠
루카리오,인텔리레온,6,82,2.000,3.000,0.0068,0.2401,0.0068,,없음
루카리오,깨비물거미,6,83,4.000,4.000,0.4484,0.5732,0.2467,,자뭉열매
루카리오,가디안,6,84,1.000,2.000,0.3712,0.3712,0.1379,-0.3288,기합의띠
루카리오,왕구리,6,85,2.000,2.000,0.1379,0.1379,0.1379,,없음
루카리오,엘레이드,6,86,2.000,2.000,-0.1943,0.1379,-0.1977,-0.6723,생명의구슬
루카리오,브리무음,6,87,1.000,2.000,0.3712,0.3712,0.1379,,기합의띠
루카리오,눈여아,6,88,1.000,3.000,0.2401,0.7068,0.0068,0.2401,기합의띠
루카리오,어흥염,6,89,2.000,1.000,-0.1977,0.0697,-0.1977,,자뭉열매
루카리오,마릴리,6,90,2.000,2.000,0.1379,0.4735,-0.0955,,자뭉열매
루카리오,올리르바,6,91,2.000,2.000,0.2314,0.3712,0.1379,,기합의띠
루카리오,스트린더(로우),6,92,3.000,3.000,0.2400,0.4735,0.2400,,풍선
루카리오,펜드라,6,93,2.000,2.000,-0.3288,0.3142,-0.3288,0.1379,기합의띠
루카리오,화염레오,6,94,1.000,1.000,-0.4311,0.0356,-0.6644,-0.4311,기합의띠
루카리오,윈디(히스이),6,95,2.000,1.000,-0.1939,0.0481,-0.4186,,기합의띠
루카리오,캥카,6,96,2.000,2.000,-0.0955,0.4231,-0.0955,-0.3288,타입강화
루카리오,꿈트렁,6,97,1.000,2.000,0.3712,0.3712,0.3590,,자뭉열매
루카리오,에써르(암컷),6,98,2.000,3.000,0.4735,0.7068,0.4735,,없음
루카리오,후딘,6,99,2.000,2.000,-0.3288,-0.0955,-0.3288,,기합의띠
루카리오,드래캄,6,100,2.000,2.000,0.1379,0.1379,0.1379,-0.0955,생명의구슬
드닐레이브,보만다,7,1,2.000,2.000,-0.2589,-0.2589,-0.2589,-0.3594,구애스카프
드닐레이브,한카리아스,7,2,1.000,2.000,-0.0955,-0.0955,-0.0955,-0.4311,구애스카프
드닐레이브,누리레느,7,3,3.000,2.000,-0.0955,0.1097,-0.0955,,자뭉열매
드닐레이브,갑주무사,7,4,3.000,2.000,-0.0955,0.1669,0.0714,-0.6286,생명의구슬
드닐레이브,하마돈,7,5,2.000,4.000,0.6325,0.8466,0.6325,,자뭉열매
드닐레이브,루카리오,7,6,2.000,1.000,-0.6644,-0.3288,-0.6644,-0.6644,기합의띠
드닐레이브,브리두라스,7,8,3.000,1.000,-0.4311,0.1379,-0.4311,,자뭉열매
드닐레이브,타부자고,7,9,3.000,2.000,-0.0230,0.1379,-0.2564,,풍선
드닐레이브,따라큐,7,10,2.000,2.000,-0.3039,0.0068,-0.3288,,생명의구슬
드닐레이브,고릴타,7,11,2.000,2.000,0.1379,0.1379,0.1379,,생명의구슬
드닐레이브,킬가르도,7,12,2.000,1.000,-0.1977,-0.1977,-0.1977,,먹다남은음식
드닐레이브,마스카나,7,13,1.000,2.000,-0.0955,0.2401,-0.0955,,구애스카프
드닐레이브,갸라도스,7,14,2.000,4.000,0.8090,0.9113,0.4735,0.2400,울퉁불퉁멧
드닐레이브,아머까오,7,15,4.000,4.000,0.3989,0.3989,0.0881,,울퉁불퉁멧
드닐레이브,킬라플로르,7,16,1.000,2.000,0.3712,0.3712,0.1379,-0.0955,기합의띠
드닐레이브,대쓰여너,7,17,2.000,2.000,0.1379,0.1379,-0.3288,,구애스카프
드닐레이브,리자몽,7,18,2.000,3.000,0.0293,0.0826,0.0293,-0.3057,구애스카프
드닐레이브,포푸니크,7,19,2.000,2.000,-0.3288,-0.3288,-0.3288,,없음
드닐레이브,개굴닌자,7,20,2.000,4.000,0.3424,0.3424,0.3424,0.0068,기합의띠
드닐레이브,에이스번,7,21,2.000,2.000,-0.3288,-0.3288,-0.3288,,구애스카프
드닐레이브,알로라 나인테일,7,22,1.000,2.000,-0.0955,-0.0955,-0.0955,,없음
드닐레이브,에써르(수컷),7,23,2.000,3.000,0.0068,0.2401,0.0068,,구애스카프
드닐레이브,워시로토무,7,24,2.000,6.000,1.0000,1.0000,1.0000,,먹다남은음식
드닐레이브,불카모스,7,25,2.000,4.000,0.2079,0.4090,0.0666,,자뭉열매
드닐레이브,빠르모트,7,26,2.000,2.000,-0.3288,-0.3288,-0.3288,,기합의띠
드닐레이브,라우드본,7,27,3.000,4.000,0.5684,0.5684,0.3911,,자뭉열매
드닐레이브,삼삼드래,7,28,1.000,1.000,-0.4311,-0.0955,-0.4311,,구애스카프
드닐레이브,메타그로스,7,29,2.000,2.000,0.1379,0.1379,0.1379,-0.5621,생명의구슬
드닐레이브,망나뇽,7,30,1.495,2.000,0.2557,0.2557,0.2557,-0.4956,없음
드닐레이브,님피아,7,31,3.000,2.000,-0.1245,-0.1245,-0.1245,,먹다남은음식
드닐레이브,히트로토무,7,32,2.000,3.000,0.4735,0.4735,0.0068,,구애스카프
드닐레이브,거북왕,7,33,2.000,3.000,0.4735,0.8090,0.4735,0.4735,없음
드닐레이브,대도각참,7,34,2.000,2.000,0.1379,0.1379,0.1379,,타입강화
드닐레이브,팬텀,7,35,2.000,2.000,-0.3288,-0.0955,-0.3288,-0.3288,기합의띠
드닐레이브,마폭시,7,36,2.000,3.000,0.0068,0.0068,0.0068,-0.3288,기합의띠
드닐레이브,엠페르트,7,37,2.000,2.000,0.1497,0.1767,0.1497,,없음
드닐레이브,번치코,7,38,2.000,2.000,0.1379,0.1379,-0.1977,-0.6644,생명의구슬
드닐레이브,대짱이,7,39,2.000,3.000,0.4735,0.8090,0.2400,0.2400,자뭉열매
드닐레이브,라이츄,7,40,2.000,2.000,-0.3288,0.2401,-0.3288,-0.3288,구애스카프
드닐레이브,블래키,7,41,3.000,6.000,0.9787,0.9795,0.9238,,먹다남은음식
드닐레이브,다크펫,7,42,2.000,3.000,0.4735,0.8090,0.4735,0.1379,기합의띠
드닐레이브,더시마사리,7,43,3.000,14.000,0.9932,0.9932,0.9932,,먹다남은음식
드닐레이브,핫삼,7,44,4.000,2.000,-0.1254,0.0100,-0.3637,-0.3120,울퉁불퉁멧
드닐레이브,오롱털,7,45,2.000,2.000,0.1379,0.1379,0.1379,,없음
드닐레이브,픽시,7,46,3.000,3.000,0.2292,0.2292,0.2292,0.1379,먹다남은음식
드닐레이브,카디나르마,7,47,2.000,2.000,0.1379,0.1379,0.1379,,기합의띠
드닐레이브,앱솔,7,48,2.000,2.000,0.1379,0.1379,0.1379,-0.3288,없음
드닐레이브,찌리배리,7,49,3.000,9.000,0.9937,0.9937,0.9937,,먹다남은음식
드닐레이브,맘모꾸리,7,50,2.000,2.000,0.1379,0.4735,0.1379,,기합의띠
드닐레이브,파라블레이즈,7,51,2.000,2.000,0.1379,0.1379,0.1379,,기합의띠
드닐레이브,패리퍼,7,52,2.000,3.000,0.5270,0.8254,0.5270,,없음
드닐레이브,찌르호크,7,53,2.000,3.000,-0.2454,0.0068,-0.2454,-0.3288,구애스카프
드닐레이브,대검귀,7,54,2.000,3.000,0.4735,0.4735,0.4735,,타입강화
드닐레이브,마기라스,7,55,2.000,2.000,0.1379,0.1379,-0.0955,-0.0955,먹다남은음식
드닐레이브,이어롭,7,56,2.000,3.000,0.0068,0.0068,0.0068,-0.6644,자뭉열매
드닐레이브,플라엣테,7,57,2.000,2.000,-0.6192,-0.3288,-0.6192,-0.6192,구애스카프
드닐레이브,배바닐라,7,58,2.000,3.000,0.4735,0.4735,0.4735,,타입강화
드닐레이브,드래펄트,7,59,1.000,2.000,-0.0955,-0.0955,-0.4311,,생명의구슬
드닐레이브,입치트,7,60,2.000,2.000,0.1379,0.4735,0.1379,0.1379,기합의띠
드닐레이브,메가니움,7,61,2.000,4.000,0.8805,0.8805,0.8805,0.3724,기합의띠
드닐레이브,메타몽,7,62,1.000,2.000,0.3712,0.7068,-0.0955,,구애스카프
드닐레이브,이상해꽃,7,63,2.000,4.000,0.8756,0.8756,0.7733,0.4568,생명의구슬
드닐레이브,밀로틱,7,64,3.000,4.000,0.5727,0.9060,0.5727,,먹다남은음식
드닐레이브,스코빌런,7,65,2.000,3.000,0.4735,0.4735,0.4735,0.3783,먹다남은음식
드닐레이브,아쿠스타,7,66,2.000,5.000,0.6780,1.0000,0.6780,0.3424,기합의띠
드닐레이브,몰드류,7,67,2.000,2.000,-0.3288,-0.3288,-0.3288,-0.3288,구애스카프
드닐레이브,조로아크(히스이),7,68,2.000,2.000,-0.3288,-0.0955,-0.3288,,기합의띠
드닐레이브,미끄래곤(히스이),7,69,2.000,2.000,0.1379,0.1379,0.1379,,먹다남은음식
드닐레이브,잠만보,7,70,3.000,4.000,0.7013,0.8558,0.5732,,먹다남은음식
드닐레이브,무장조,7,71,4.000,3.000,0.2938,0.2938,0.0629,-0.4291,자뭉열매
드닐레이브,클레스퍼트라,7,72,2.000,3.000,0.0068,0.0068,0.0068,,기합의띠
드닐레이브,창파나이트,7,73,2.000,1.000,-0.1977,-0.1977,-0.1977,,없음
드닐레이브,우츠보트,7,74,2.000,4.000,0.8090,0.9113,0.8090,0.8090,기합의띠
드닐레이브,가라르야도킹,7,75,2.000,4.000,0.7095,0.8770,0.7095,,먹다남은음식
드닐레이브,깜까미,7,76,2.000,5.000,0.8919,0.9498,0.8919,0.8890,없음
드닐레이브,엘풍,7,77,2.000,2.000,-0.3288,-0.0955,-0.3288,,기합의띠
드닐레이브,저승갓숭,7,78,3.000,2.000,-0.5373,-0.3288,-0.5621,,먹다남은음식
드닐레이브,스트린더(하이),7,79,1.000,3.000,0.7068,0.8090,0.4735,,풍선
드닐레이브,샤미드,7,80,3.000,7.000,0.9831,0.9941,0.9831,,먹다남은음식
드닐레이브,사마자르,7,81,2.000,2.000,0.1379,0.1379,0.1379,,기합의띠
드닐레이브,인텔리레온,7,82,2.000,5.000,0.6780,0.6780,0.6780,,없음
드닐레이브,깨비물거미,7,83,2.000,5.000,0.9382,1.0000,0.9361,,자뭉열매
드닐레이브,가디안,7,84,2.000,2.000,0.1379,0.1379,0.1379,-0.6644,기합의띠
드닐레이브,왕구리,7,85,2.000,6.000,1.0000,1.0000,1.0000,,없음
드닐레이브,엘레이드,7,86,2.000,2.000,0.1379,0.1379,0.1379,-0.3288,생명의구슬
드닐레이브,브리무음,7,87,2.000,2.000,0.1379,0.1379,0.1379,,기합의띠
드닐레이브,눈여아,7,88,2.000,4.000,0.3424,0.3424,0.3424,0.0068,기합의띠
드닐레이브,어흥염,7,89,3.000,2.000,-0.0955,0.2400,-0.1192,,자뭉열매
드닐레이브,마릴리,7,90,3.000,3.000,0.0394,0.0394,0.0394,,자뭉열매
드닐레이브,올리르바,7,91,2.000,3.000,0.4735,0.6746,0.4735,,기합의띠
드닐레이브,스트린더(로우),7,92,1.000,3.000,0.7068,0.8090,0.4735,,풍선
드닐레이브,펜드라,7,93,2.000,3.000,0.0068,0.3424,0.0068,0.2400,기합의띠
드닐레이브,화염레오,7,94,2.000,3.000,0.0068,0.0068,0.0068,-0.3288,기합의띠
드닐레이브,윈디(히스이),7,95,1.000,1.000,-0.4273,-0.0955,-0.6519,,기합의띠
드닐레이브,캥카,7,96,2.000,3.000,-0.0293,0.0587,-0.3130,-0.5103,타입강화
드닐레이브,꿈트렁,7,97,5.000,2.000,-0.5657,-0.3193,-0.7955,,자뭉열매
드닐레이브,에써르(암컷),7,98,2.000,3.000,0.4735,0.8090,0.4735,,없음
드닐레이브,후딘,7,99,1.000,2.000,-0.0955,-0.0955,-0.3288,,기합의띠
드닐레이브,드래캄,7,100,1.000,1.000,0.0356,0.3712,0.0356,0.0356,생명의구슬
브리두라스,보만다,8,1,2.000,3.000,-0.0238,,-0.0238,-0.0238,구애스카프
브리두라스,한카리아스,8,2,1.000,2.000,-0.0955,,-0.0955,-0.0955,구애스카프
브리두라스,누리레느,8,3,2.000,3.000,0.4735,,0.4453,,자뭉열매
브리두라스,갑주무사,8,4,2.000,2.000,0.2334,,0.1379,-0.3288,생명의구슬
브리두라스,하마돈,8,5,2.000,2.000,0.1754,,-0.0588,,자뭉열매
브리두라스,루카리오,8,6,2.000,1.000,-0.6644,,-0.6644,-0.6644,기합의띠
브리두라스,드닐레이브,8,7,1.000,3.000,0.2401,,0.0068,-0.3288,기합의띠
브리두라스,타부자고,8,9,3.000,2.000,-0.2564,,-0.2564,,풍선
브리두라스,따라큐,8,10,2.000,4.000,0.3673,,0.0317,,생명의구슬
브리두라스,고릴타,8,11,2.000,2.000,-0.0955,,-0.0955,,생명의구슬
브리두라스,킬가르도,8,12,3.000,2.000,-0.0955,,-0.0955,,먹다남은음식
브리두라스,마스카나,8,13,2.000,3.000,0.0068,,0.0068,,구애스카프
브리두라스,갸라도스,8,14,1.000,3.000,0.7068,,0.7068,0.1379,울퉁불퉁멧
브리두라스,아머까오,8,15,2.000,5.000,0.9113,,0.8090,,울퉁불퉁멧
브리두라스,킬라플로르,8,16,2.000,2.000,-0.3288,,-0.3288,-0.3288,기합의띠
브리두라스,대쓰여너,8,17,2.000,5.000,0.9113,,0.6780,,구애스카프
브리두라스,리자몽,8,18,2.000,2.000,-0.2530,,-0.2530,-0.3815,구애스카프
브리두라스,포푸니크,8,19,2.000,2.000,-0.3288,,-0.3288,,없음
브리두라스,개굴닌자,8,20,2.000,3.000,0.0068,,0.0068,-0.3288,기합의띠
브리두라스,에이스번,8,21,2.000,2.000,-0.3288,,-0.3288,,구애스카프
브리두라스,알로라 나인테일,8,22,1.000,3.000,0.2401,,0.2401,,없음
브리두라스,에써르(수컷),8,23,2.000,5.000,0.6780,,0.6780,,구애스카프
브리두라스,워시로토무,8,24,2.000,4.000,0.3424,,0.3424,,먹다남은음식
브리두라스,불카모스,8,25,3.000,3.000,-0.1331,,-0.3679,,자뭉열매
브리두라스,빠르모트,8,26,2.000,2.000,-0.3288,,-0.3288,,기합의띠
브리두라스,라우드본,8,27,3.000,3.000,0.2350,,-0.0005,,자뭉열매
브리두라스,삼삼드래,8,28,1.000,2.000,-0.0955,,-0.0955,,구애스카프
브리두라스,메타그로스,8,29,3.000,3.000,0.2400,,0.1379,-0.2267,생명의구슬
브리두라스,망나뇽,8,30,2.495,3.000,0.3078,,0.3078,-0.4455,없음
브리두라스,님피아,8,31,3.000,2.000,-0.0292,,-0.0955,,먹다남은음식
브리두라스,히트로토무,8,32,2.000,2.000,-0.3288,,-0.3288,,구애스카프
브리두라스,거북왕,8,33,2.000,3.000,0.4735,,0.4735,0.1379,없음
브리두라스,대도각참,8,34,2.000,3.000,0.4735,,0.4735,,타입강화
브리두라스,팬텀,8,35,2.000,2.000,-0.3288,,-0.3288,-0.6644,기합의띠
브리두라스,마폭시,8,36,2.000,2.000,-0.3288,,-0.3288,-0.5621,기합의띠
브리두라스,엠페르트,8,37,2.000,4.000,0.8209,,0.8209,,없음
브리두라스,번치코,8,38,2.000,2.000,0.1379,,-0.1977,-0.6644,생명의구슬
브리두라스,대짱이,8,39,2.000,2.000,0.1379,,-0.0955,-0.0955,자뭉열매
브리두라스,라이츄,8,40,2.000,2.000,-0.3288,,-0.3288,-0.3288,구애스카프
브리두라스,블래키,8,41,4.000,7.000,0.8936,,0.8936,,먹다남은음식
브리두라스,다크펫,8,42,2.000,3.000,0.4735,,0.4735,0.4735,기합의띠
브리두라스,더시마사리,8,43,3.000,16.000,0.9932,,0.9932,,먹다남은음식
브리두라스,핫삼,8,44,3.000,3.000,-0.0381,,-0.0381,-0.0381,울퉁불퉁멧
브리두라스,오롱털,8,45,2.000,4.000,0.8090,,0.8090,,없음
브리두라스,픽시,8,46,3.000,4.000,0.5627,,0.5627,0.2292,먹다남은음식
브리두라스,카디나르마,8,47,2.000,2.000,0.1379,,0.1379,,기합의띠
브리두라스,앱솔,8,48,2.000,2.000,0.1379,,0.1379,-0.3288,없음
브리두라스,찌리배리,8,49,3.000,5.000,0.8780,,0.5773,,먹다남은음식
브리두라스,맘모꾸리,8,50,2.000,2.000,0.1379,,0.1379,,기합의띠
브리두라스,파라블레이즈,8,51,2.000,2.000,-0.0955,,-0.0955,,기합의띠
브리두라스,패리퍼,8,52,1.000,5.000,0.8395,,0.8395,,없음
브리두라스,찌르호크,8,53,2.000,3.000,-0.0547,,-0.0547,-0.3288,구애스카프
브리두라스,대검귀,8,54,2.000,3.000,0.2401,,0.2401,,타입강화
브리두라스,마기라스,8,55,2.000,2.000,0.1379,,0.1379,0.1379,먹다남은음식
브리두라스,이어롭,8,56,2.000,3.000,0.0068,,-0.2267,-0.3288,자뭉열매
브리두라스,플라엣테,8,57,2.000,2.000,-0.4319,,-0.4319,-0.4319,구애스카프
브리두라스,배바닐라,8,58,2.000,2.000,0.1379,,0.1379,,타입강화
브리두라스,드래펄트,8,59,1.000,2.000,-0.0955,,-0.0955,,생명의구슬
브리두라스,입치트,8,60,2.000,4.000,0.8090,,0.8090,0.3891,기합의띠
브리두라스,메가니움,8,61,3.000,3.000,0.3102,,0.3102,0.2092,기합의띠
브리두라스,메타몽,8,62,2.000,3.000,0.4735,,0.0068,,구애스카프
브리두라스,이상해꽃,8,63,3.000,3.000,0.2043,,0.2043,0.1227,생명의구슬
브리두라스,밀로틱,8,64,3.000,6.000,0.9922,,0.9922,,먹다남은음식
브리두라스,스코빌런,8,65,2.000,2.000,0.1379,,0.1379,0.1379,먹다남은음식
브리두라스,아쿠스타,8,66,2.000,4.000,0.3424,,0.3424,0.3424,기합의띠
브리두라스,몰드류,8,67,2.000,2.000,-0.3288,,-0.3288,-0.3288,구애스카프
브리두라스,조로아크(히스이),8,68,2.000,2.000,-0.3288,,-0.3288,,기합의띠
브리두라스,미끄래곤(히스이),8,69,3.000,2.000,-0.0955,,-0.0955,,먹다남은음식
브리두라스,잠만보,8,70,3.000,3.000,0.1323,,0.0043,,먹다남은음식
브리두라스,무장조,8,71,2.000,4.000,0.7166,,0.7166,0.2500,자뭉열매
브리두라스,클레스퍼트라,8,72,2.000,5.000,0.6780,,0.6780,,기합의띠
브리두라스,창파나이트,8,73,2.000,1.000,-0.1977,,-0.1977,,없음
브리두라스,우츠보트,8,74,2.000,9.000,1.0000,,1.0000,0.9932,기합의띠
브리두라스,가라르야도킹,8,75,3.000,5.000,0.8456,,0.7438,,먹다남은음식
브리두라스,깜까미,8,76,2.000,5.000,0.9498,,0.9498,0.8890,없음
브리두라스,엘풍,8,77,2.000,3.000,0.0068,,0.0068,,기합의띠
브리두라스,저승갓숭,8,78,3.000,2.000,-0.5373,,-0.5621,,먹다남은음식
브리두라스,스트린더(하이),8,79,2.000,5.000,0.9113,,0.9113,,풍선
브리두라스,샤미드,8,80,3.000,5.000,0.9705,,0.9705,,먹다남은음식
브리두라스,사마자르,8,81,2.000,2.000,-0.0955,,-0.0955,,기합의띠
브리두라스,인텔리레온,8,82,2.000,4.000,0.3424,,0.3424,,없음
브리두라스,깨비물거미,8,83,2.000,6.000,1.0000,,0.9979,,자뭉열매
브리두라스,가디안,8,84,2.000,3.000,0.4735,,0.4735,-0.3288,기합의띠
브리두라스,왕구리,8,85,2.000,2.000,0.1379,,0.1379,,없음
브리두라스,엘레이드,8,86,2.000,2.000,0.1300,,0.1379,-0.3367,생명의구슬
브리두라스,브리무음,8,87,2.000,3.000,0.4735,,0.4735,,기합의띠
브리두라스,눈여아,8,88,2.000,3.000,0.0068,,0.0068,-0.3288,기합의띠
브리두라스,어흥염,8,89,2.000,2.000,0.1482,,-0.0614,,자뭉열매
브리두라스,마릴리,8,90,2.000,4.000,0.8090,,0.8090,,자뭉열매
브리두라스,올리르바,8,91,3.000,2.000,-0.0020,,-0.0020,,기합의띠
브리두라스,스트린더(로우),8,92,2.000,5.000,0.9113,,0.9113,,풍선
브리두라스,펜드라,8,93,2.000,3.000,0.0068,,0.0068,0.4735,기합의띠
브리두라스,화염레오,8,94,2.000,2.000,-0.3288,,-0.3288,-0.3288,기합의띠
브리두라스,윈디(히스이),8,95,2.000,2.000,-0.3250,,-0.3250,,기합의띠
브리두라스,캥카,8,96,2.000,3.000,-0.0293,,-0.0293,-0.2267,타입강화
브리두라스,꿈트렁,8,97,2.000,3.000,0.4735,,0.4612,,자뭉열매
브리두라스,에써르(암컷),8,98,2.000,5.000,0.9113,,0.9113,,없음
브리두라스,후딘,8,99,2.000,2.000,-0.3288,,-0.3288,,기합의띠
브리두라스,드래캄,8,100,1.000,2.000,0.3712,,0.3712,0.1379,생명의구슬
타부자고,보만다,9,1,3.000,3.000,-0.0852,,-0.0852,-0.0852,구애스카프
타부자고,한카리아스,9,2,3.000,2.000,-0.4897,,-0.4897,-0.2584,구애스카프
타부자고,누리레느,9,3,3.000,4.000,0.4857,,0.4481,,자뭉열매
타부자고,갑주무사,9,4,3.000,3.000,0.4987,,0.2083,-0.0198,생명의구슬
타부자고,하마돈,9,5,3.000,2.000,0.0307,,-0.2032,,자뭉열매
타부자고,루카리오,9,6,2.000,3.000,0.2382,,0.2382,-0.0974,기합의띠
타부자고,드닐레이브,9,7,2.000,3.000,-0.0974,,-0.0974,-0.3288,기합의띠
타부자고,브리두라스,9,8,2.000,3.000,0.2382,,0.0756,,자뭉열매
타부자고,따라큐,9,10,2.000,3.000,0.0964,,-0.0250,,생명의구슬
타부자고,고릴타,9,11,3.000,3.000,-0.2584,,-0.2584,,생명의구슬
타부자고,킬가르도,9,12,3.000,2.000,-0.1272,,-0.1272,,먹다남은음식
타부자고,마스카나,9,13,2.000,3.000,-0.0974,,-0.0974,,구애스카프
타부자고,갸라도스,9,14,2.000,3.000,0.3693,,0.3693,-0.0230,울퉁불퉁멧
타부자고,아머까오,9,15,4.000,10.000,0.9878,,0.9878,,울퉁불퉁멧
타부자고,킬라플로르,9,16,2.000,3.000,-0.0250,,-0.0974,-0.0250,기합의띠
타부자고,대쓰여너,9,17,2.000,3.000,0.2083,,-0.2584,,구애스카프
타부자고,리자몽,9,18,2.000,2.000,-0.3534,,-0.3534,-0.4458,구애스카프
타부자고,포푸니크,9,19,3.000,3.000,-0.0574,,-0.0574,,없음
타부자고,개굴닌자,9,20,2.000,3.000,-0.0974,,-0.0974,-0.3288,기합의띠
타부자고,에이스번,9,21,3.000,2.000,-0.4897,,-0.4897,,구애스카프
타부자고,알로라 나인테일,9,22,1.000,4.000,0.4715,,0.4715,,없음
타부자고,에써르(수컷),9,23,3.000,4.000,0.0756,,0.0756,,구애스카프
타부자고,워시로토무,9,24,4.000,4.000,-0.0112,,-0.1977,,먹다남은음식
타부자고,불카모스,9,25,2.000,2.000,-0.2866,,-0.2866,,자뭉열매
타부자고,빠르모트,9,26,3.000,3.000,-0.1542,,-0.1542,,기합의띠
타부자고,라우드본,9,27,3.000,2.000,-0.0203,,-0.2501,,자뭉열매
타부자고,삼삼드래,9,28,2.000,2.000,-0.2584,,-0.2584,,구애스카프
타부자고,메타그로스,9,29,2.000,3.000,0.3693,,0.1379,-0.2584,생명의구슬
타부자고,망나뇽,9,30,4.495,3.000,0.2118,,0.2118,-0.3957,없음
타부자고,님피아,9,31,2.000,4.000,0.8276,,0.8276,,먹다남은음식
타부자고,히트로토무,9,32,3.000,2.000,-0.4897,,-0.4897,,구애스카프
타부자고,거북왕,9,33,3.000,3.000,0.2083,,0.2083,0.1358,없음
타부자고,대도각참,9,34,1.000,2.000,0.2103,,0.2103,,타입강화
타부자고,팬텀,9,35,2.000,2.000,-0.3288,,-0.3288,-0.3288,기합의띠
타부자고,마폭시,9,36,2.000,2.000,-0.4330,,-0.4330,-0.5939,기합의띠
타부자고,엠페르트,9,37,2.000,3.000,0.5725,,0.5725,,없음
타부자고,번치코,9,38,3.000,2.000,-0.2564,,-0.1272,-0.8272,생명의구슬
타부자고,대짱이,9,39,4.000,2.000,-0.4173,,-0.6506,-0.4897,자뭉열매
타부자고,라이츄,9,40,3.000,4.000,-0.0626,,-0.0626,-0.3433,구애스카프
타부자고,블래키,9,41,4.000,4.000,0.4142,,0.2447,,먹다남은음식
타부자고,다크펫,9,42,2.000,2.000,0.2103,,0.1379,0.0337,기합의띠
타부자고,더시마사리,9,43,4.000,8.000,0.9173,,0.9149,,먹다남은음식
타부자고,핫삼,9,44,4.000,5.000,0.3880,,0.3460,0.3374,울퉁불퉁멧
타부자고,오롱털,9,45,2.000,2.000,0.2103,,0.2103,,없음
타부자고,픽시,9,46,2.000,5.000,0.8687,,0.8581,0.5239,먹다남은음식
타부자고,카디나르마,9,47,2.000,2.000,0.0337,,0.0337,,기합의띠
타부자고,앱솔,9,48,2.000,3.000,0.4417,,0.4417,-0.0974,없음
타부자고,찌리배리,9,49,5.000,6.000,0.7395,,0.5053,,먹다남은음식
타부자고,맘모꾸리,9,50,2.000,2.000,0.2103,,0.1379,,기합의띠
타부자고,파라블레이즈,9,51,2.000,2.000,-0.3288,,-0.3288,,기합의띠
타부자고,패리퍼,9,52,1.000,4.000,0.8034,,0.8034,,없음
타부자고,찌르호크,9,53,3.000,4.000,0.2887,,0.2887,-0.0564,구애스카프
타부자고,대검귀,9,54,2.000,3.000,-0.0974,,-0.0974,,타입강화
타부자고,마기라스,9,55,1.000,3.000,0.4417,,0.4417,0.4417,먹다남은음식
타부자고,이어롭,9,56,2.000,9.000,1.0000,,0.9953,0.9000,자뭉열매
타부자고,플라엣테,9,57,2.000,5.000,0.6534,,0.6534,0.3723,구애스카프
타부자고,배바닐라,9,58,2.000,6.000,0.9725,,0.9407,,타입강화
타부자고,드래펄트,9,59,2.000,2.000,-0.3288,,-0.3288,,생명의구슬
타부자고,입치트,9,60,2.000,5.000,0.8796,,0.8796,0.4153,기합의띠
타부자고,메가니움,9,61,4.000,5.000,0.7133,,0.7133,0.4902,기합의띠
타부자고,메타몽,9,62,1.000,4.000,0.7773,,0.3106,,구애스카프
타부자고,이상해꽃,9,63,4.000,4.000,0.7014,,0.3691,0.2144,생명의구슬
타부자고,밀로틱,9,64,5.000,7.000,0.8826,,0.8771,,먹다남은음식
타부자고,스코빌런,9,65,3.000,2.000,-0.0526,,-0.0526,-0.1791,먹다남은음식
타부자고,아쿠스타,9,66,2.000,5.000,0.7958,,0.7958,0.5738,기합의띠
타부자고,몰드류,9,67,2.000,2.000,-0.3288,,-0.3288,-0.4330,구애스카프
타부자고,조로아크(히스이),9,68,2.000,2.000,-0.0974,,-0.0974,,기합의띠
타부자고,미끄래곤(히스이),9,69,3.000,3.000,0.3125,,0.2945,,먹다남은음식
타부자고,잠만보,9,70,3.000,3.000,0.2751,,0.2686,,먹다남은음식
타부자고,무장조,9,71,3.000,5.000,0.8943,,0.8513,0.0697,자뭉열매
타부자고,클레스퍼트라,9,72,2.000,4.000,0.2382,,0.2382,,기합의띠
타부자고,창파나이트,9,73,2.000,4.000,0.5423,,0.5423,,없음
타부자고,우츠보트,9,74,3.000,5.000,0.8763,,0.8763,0.6835,기합의띠
타부자고,가라르야도킹,9,75,3.000,4.000,0.5923,,0.5923,,먹다남은음식
타부자고,깜까미,9,76,2.000,3.000,0.4444,,0.4444,0.3156,없음
타부자고,엘풍,9,77,1.000,9.000,1.0000,,1.0000,,기합의띠
타부자고,저승갓숭,9,78,3.000,4.000,0.0756,,0.0756,,먹다남은음식
타부자고,스트린더(하이),9,79,3.000,4.000,0.4555,,0.4555,,풍선
타부자고,샤미드,9,80,4.000,5.000,0.7903,,0.7730,,먹다남은음식
타부자고,사마자르,9,81,1.000,4.000,0.3106,,0.2382,,기합의띠
타부자고,인텔리레온,9,82,2.000,3.000,0.2382,,0.2382,,없음
타부자고,깨비물거미,9,83,3.000,6.000,0.8887,,0.8652,,자뭉열매
타부자고,가디안,9,84,2.000,3.000,0.7773,,0.7049,-0.0974,기합의띠
타부자고,왕구리,9,85,3.000,4.000,0.5423,,0.5423,,없음
타부자고,엘레이드,9,86,2.000,3.000,0.2118,,0.1402,-0.2584,생명의구슬
타부자고,브리무음,9,87,2.000,3.000,0.7773,,0.7049,,기합의띠
타부자고,눈여아,9,88,1.000,3.000,-0.0250,,-0.0974,-0.2564,기합의띠
타부자고,어흥염,9,89,2.000,2.000,-0.0230,,-0.0304,,자뭉열매
타부자고,마릴리,9,90,3.000,6.000,0.8178,,0.6772,,자뭉열매
타부자고,올리르바,9,91,3.000,3.000,0.4084,,0.4084,,기합의띠
타부자고,스트린더(로우),9,92,3.000,4.000,0.7869,,0.7869,,풍선
타부자고,펜드라,9,93,2.000,3.000,-0.0376,,-0.0376,0.2083,기합의띠
타부자고,화염레오,9,94,2.000,2.000,-0.4330,,-0.4330,-0.4330,기합의띠
타부자고,윈디(히스이),9,95,2.000,2.000,-0.3262,,-0.3262,,기합의띠
타부자고,캥카,9,96,2.000,3.000,0.0174,,0.0174,-0.2423,타입강화
타부자고,꿈트렁,9,97,2.000,3.000,0.7735,,0.7049,,자뭉열매
타부자고,에써르(암컷),9,98,3.000,4.000,0.0756,,0.0756,,없음
타부자고,후딘,9,99,2.000,3.000,0.0068,,0.0068,,기합의띠
타부자고,드래캄,9,100,3.000,4.000,0.4698,,0.2083,0.2275,생명의구슬
따라큐,보만다,10,1,3.000,4.000,-0.0204,,-0.0204,-0.5743,구애스카프
따라큐,한카리아스,10,2,2.000,2.000,-0.3461,,-0.3461,0.0068,구애스카프
따라큐,누리레느,10,3,2.000,3.000,0.4735,,0.4301,,자뭉열매
따라큐,갑주무사,10,4,5.000,2.000,-0.3965,,-0.3337,-0.8632,생명의구슬
따라큐,하마돈,10,5,3.000,3.000,0.0383,,-0.0510,,자뭉열매
따라큐,루카리오,10,6,3.000,1.000,-0.4311,,-0.4311,-0.8977,기합의띠
따라큐,드닐레이브,10,7,2.000,2.000,0.1206,,0.1206,-0.0955,기합의띠
따라큐,브리두라스,10,8,4.000,2.000,-0.3461,,-0.5794,,자뭉열매
따라큐,타부자고,10,9,3.000,2.000,-0.2116,,-0.2116,,풍선
따라큐,고릴타,10,11,4.000,2.000,-0.3288,,-0.1128,,생명의구슬
따라큐,킬가르도,10,12,3.000,1.000,-0.4311,,-0.4484,,먹다남은음식
따라큐,마스카나,10,13,2.000,2.000,-0.3288,,-0.3288,,구애스카프
따라큐,갸라도스,10,14,5.000,3.000,-0.0369,,-0.5794,0.1454,울퉁불퉁멧
따라큐,아머까오,10,15,7.000,2.000,-0.7622,,-0.7955,,울퉁불퉁멧
따라큐,킬라플로르,10,16,4.000,3.000,0.2016,,0.2016,-0.7955,기합의띠
따라큐,대쓰여너,10,17,2.000,2.000,0.1379,,-0.3288,,구애스카프
따라큐,리자몽,10,18,4.000,2.000,-0.6991,,-0.6991,-0.7912,구애스카프
따라큐,포푸니크,10,19,3.000,2.000,-0.5373,,-0.5373,,없음
따라큐,개굴닌자,10,20,2.000,3.000,0.0068,,0.0068,-0.3039,기합의띠
따라큐,에이스번,10,21,4.000,2.000,-0.7955,,-0.7955,,구애스카프
따라큐,알로라 나인테일,10,22,3.000,3.000,-0.2267,,-0.2267,,없음
따라큐,에써르(수컷),10,23,3.000,3.000,0.2400,,-0.2267,,구애스카프
따라큐,워시로토무,10,24,2.000,3.000,0.4735,,0.4706,,먹다남은음식
따라큐,불카모스,10,25,5.000,3.000,-0.2328,,-0.3638,,자뭉열매
따라큐,빠르모트,10,26,2.000,2.000,-0.3288,,-0.3288,,기합의띠
따라큐,라우드본,10,27,4.000,3.000,0.1871,,-0.0379,,자뭉열매
따라큐,삼삼드래,10,28,1.000,2.000,-0.0706,,-0.0706,,구애스카프
따라큐,메타그로스,10,29,3.000,1.000,-0.4062,,-0.4311,-0.8902,생명의구슬
따라큐,망나뇽,10,30,3.495,4.000,0.4093,,0.4093,-0.0671,없음
따라큐,님피아,10,31,4.000,2.000,-0.2518,,-0.4699,,먹다남은음식
따라큐,히트로토무,10,32,4.000,2.000,-0.3070,,-0.7736,,구애스카프
따라큐,거북왕,10,33,2.000,2.000,0.1454,,0.1454,-0.0955,없음
따라큐,대도각참,10,34,2.000,2.000,0.1379,,0.1379,,타입강화
따라큐,팬텀,10,35,2.000,2.000,-0.3288,,-0.3288,-0.3288,기합의띠
따라큐,마폭시,10,36,2.000,2.000,-0.3288,,-0.3288,-0.3288,기합의띠
따라큐,엠페르트,10,37,3.000,2.000,-0.0784,,-0.0784,,없음
따라큐,번치코,10,38,3.000,2.000,-0.0955,,-0.0955,-0.5794,생명의구슬
따라큐,대짱이,10,39,1.000,2.000,0.3539,,0.1379,0.1379,자뭉열매
따라큐,라이츄,10,40,3.000,3.000,-0.2267,,-0.2267,-0.5621,구애스카프
따라큐,블래키,10,41,3.000,4.000,0.5784,,0.5695,,먹다남은음식
따라큐,다크펫,10,42,2.000,1.000,-0.1977,,-0.1977,-0.1977,기합의띠
따라큐,더시마사리,10,43,6.000,5.000,0.4975,,0.1566,,먹다남은음식
따라큐,핫삼,10,44,5.000,2.000,-0.1989,,-0.6044,-0.6845,울퉁불퉁멧
따라큐,오롱털,10,45,2.000,2.000,0.1627,,0.1627,,없음
따라큐,픽시,10,46,5.000,4.000,0.2711,,0.2273,0.2497,먹다남은음식
따라큐,카디나르마,10,47,3.000,2.000,-0.0706,,-0.0706,,기합의띠
따라큐,앱솔,10,48,2.000,3.000,0.4735,,0.4735,0.0068,없음
따라큐,찌리배리,10,49,5.000,4.000,0.2733,,0.1686,,먹다남은음식
따라큐,맘모꾸리,10,50,2.000,2.000,0.1206,,0.1206,,기합의띠
따라큐,파라블레이즈,10,51,2.000,1.000,-0.1977,,-0.1977,,기합의띠
따라큐,패리퍼,10,52,4.000,3.000,0.2406,,0.2406,,없음
따라큐,찌르호크,10,53,6.000,3.000,-0.5861,,-0.5861,-0.4991,구애스카프
따라큐,대검귀,10,54,2.000,3.000,0.4735,,0.4735,,타입강화
따라큐,마기라스,10,55,2.000,2.000,0.1379,,0.1206,-0.0955,먹다남은음식
따라큐,이어롭,10,56,3.000,4.000,-0.0095,,-0.0127,0.0068,자뭉열매
따라큐,플라엣테,10,57,3.000,2.000,0.0358,,-0.4309,-0.6653,구애스카프
따라큐,배바닐라,10,58,3.000,3.000,0.2400,,-0.0706,,타입강화
따라큐,드래펄트,10,59,2.000,2.000,-0.3288,,-0.6644,,생명의구슬
따라큐,입치트,10,60,5.000,2.000,-0.5794,,-0.5794,-0.5621,기합의띠
따라큐,메가니움,10,61,5.000,3.000,0.2392,,0.2392,-0.1248,기합의띠
따라큐,메타몽,10,62,2.000,3.000,0.4735,,0.0068,,구애스카프
따라큐,이상해꽃,10,63,5.000,4.000,0.2178,,-0.1114,-0.0514,생명의구슬
따라큐,밀로틱,10,64,3.000,5.000,0.9043,,0.9005,,먹다남은음식
따라큐,스코빌런,10,65,4.000,2.000,0.1236,,0.0235,-0.3412,먹다남은음식
따라큐,아쿠스타,10,66,2.000,3.000,0.0317,,0.0317,0.0068,기합의띠
따라큐,몰드류,10,67,3.000,2.000,-0.0955,,-0.5621,-0.8902,구애스카프
따라큐,조로아크(히스이),10,68,3.000,2.000,-0.5621,,-0.5621,,기합의띠
따라큐,미끄래곤(히스이),10,69,3.000,2.000,-0.1128,,-0.3461,,먹다남은음식
따라큐,잠만보,10,70,4.000,4.000,0.3553,,0.2376,,먹다남은음식
따라큐,무장조,10,71,7.000,2.000,-0.3849,,-0.6419,-0.7955,자뭉열매
따라큐,클레스퍼트라,10,72,2.000,3.000,0.0068,,0.0068,,기합의띠
따라큐,창파나이트,10,73,2.000,3.000,0.4735,,0.4735,,없음
따라큐,우츠보트,10,74,4.000,3.000,0.2058,,0.2058,-0.0369,기합의띠
따라큐,가라르야도킹,10,75,3.000,4.000,0.5318,,0.4321,,먹다남은음식
따라큐,깜까미,10,76,2.000,3.000,0.6224,,0.6224,0.5168,없음
따라큐,엘풍,10,77,3.000,4.000,-0.2020,,-0.2020,,기합의띠
따라큐,저승갓숭,10,78,2.000,3.000,0.4249,,0.3932,,먹다남은음식
따라큐,스트린더(하이),10,79,4.000,3.000,0.2016,,0.2016,,풍선
따라큐,샤미드,10,80,3.000,4.000,0.5799,,0.5745,,먹다남은음식
따라큐,사마자르,10,81,3.000,3.000,0.2371,,0.2371,,기합의띠
따라큐,인텔리레온,10,82,2.000,2.000,-0.3039,,-0.3039,,없음
따라큐,깨비물거미,10,83,3.000,4.000,0.3424,,0.2358,,자뭉열매
따라큐,가디안,10,84,2.000,3.000,0.4735,,0.4735,-0.3288,기합의띠
따라큐,왕구리,10,85,2.000,3.000,0.4983,,0.4983,,없음
따라큐,엘레이드,10,86,2.000,2.000,0.1732,,0.1379,-0.3288,생명의구슬
따라큐,브리무음,10,87,2.000,3.000,0.3567,,0.3567,,기합의띠
따라큐,눈여아,10,88,2.000,2.000,-0.3288,,-0.3288,-0.3288,기합의띠
따라큐,어흥염,10,89,5.000,2.000,-0.5585,,-0.7918,,자뭉열매
따라큐,마릴리,10,90,3.000,4.000,0.1743,,0.1743,,자뭉열매
따라큐,올리르바,10,91,3.000,4.000,0.4232,,0.4232,,기합의띠
따라큐,스트린더(로우),10,92,4.000,3.000,0.2016,,0.2016,,풍선
따라큐,펜드라,10,93,4.000,2.000,-0.7840,,-0.7840,-0.6930,기합의띠
따라큐,화염레오,10,94,3.000,2.000,-0.5373,,-0.5373,-0.5794,기합의띠
따라큐,윈디(히스이),10,95,3.000,2.000,-0.1200,,-0.1200,,기합의띠
따라큐,캥카,10,96,3.000,4.000,0.5674,,0.5674,-0.2439,타입강화
따라큐,꿈트렁,10,97,4.000,2.000,-0.3308,,-0.5539,,자뭉열매
따라큐,에써르(암컷),10,98,3.000,3.000,0.2647,,0.2647,,없음
따라큐,후딘,10,99,2.000,2.000,-0.3039,,-0.3039,,기합의띠
따라큐,드래캄,10,100,3.000,3.000,0.2371,,-0.0955,-0.3288,생명의구슬
고릴타,보만다,11,1,10.000,2.000,-0.7286,,-0.7286,-0.8261,구애스카프
고릴타,한카리아스,11,2,3.000,2.000,-0.5621,,-0.5621,-0.7955,구애스카프
고릴타,누리레느,11,3,1.000,2.000,0.3712,,0.1379,,자뭉열매
고릴타,갑주무사,11,4,3.000,2.000,-0.0955,,-0.3355,-0.5621,생명의구슬
고릴타,하마돈,11,5,2.000,4.000,0.6342,,0.6325,,자뭉열매
고릴타,루카리오,11,6,2.000,2.000,-0.3288,,-0.3288,-0.3288,기합의띠
고릴타,드닐레이브,11,7,2.000,2.000,-0.3288,,-0.3288,-0.3288,기합의띠
고릴타,브리두라스,11,8,2.000,2.000,-0.0955,,-0.3288,,자뭉열매
고릴타,타부자고,11,9,3.000,3.000,0.2083,,-0.0267,,풍선
고릴타,따라큐,11,10,2.000,4.000,0.3424,,0.0068,,생명의구슬
고릴타,킬가르도,11,12,3.000,2.000,-0.0955,,-0.0955,,먹다남은음식
고릴타,마스카나,11,13,1.000,2.000,-0.0955,,-0.0955,,구애스카프
고릴타,갸라도스,11,14,3.000,3.000,0.2400,,0.2400,0.4735,울퉁불퉁멧
고릴타,아머까오,11,15,5.000,2.000,-0.5621,,-0.5621,,울퉁불퉁멧
고릴타,킬라플로르,11,16,1.000,2.000,-0.0955,,-0.3288,-0.4311,기합의띠
고릴타,대쓰여너,11,17,1.000,3.000,0.7068,,0.2401,,구애스카프
고릴타,리자몽,11,18,6.000,1.000,-0.8746,,-0.8746,-0.8977,구애스카프
고릴타,포푸니크,11,19,2.000,2.000,-0.3288,,-0.3288,,없음
고릴타,개굴닌자,11,20,1.000,2.000,-0.0955,,-0.3288,-0.0955,기합의띠
고릴타,에이스번,11,21,2.000,2.000,-0.3288,,-0.3288,,구애스카프
고릴타,알로라 나인테일,11,22,2.000,2.000,-0.3288,,-0.3288,,없음
고릴타,에써르(수컷),11,23,2.000,3.000,0.0068,,0.0068,,구애스카프
고릴타,워시로토무,11,24,1.000,5.000,0.9113,,0.9113,,먹다남은음식
고릴타,불카모스,11,25,4.000,2.000,-0.7020,,-0.7955,,자뭉열매
고릴타,빠르모트,11,26,2.000,3.000,0.0068,,0.0068,,기합의띠
고릴타,라우드본,11,27,3.000,2.000,-0.1118,,-0.3338,,자뭉열매
고릴타,삼삼드래,11,28,2.000,2.000,-0.3288,,-0.3288,,구애스카프
고릴타,메타그로스,11,29,3.000,3.000,0.2400,,0.1379,-0.2267,생명의구슬
고릴타,망나뇽,11,30,7.495,2.000,-0.7468,,-0.7468,-0.7955,없음
고릴타,님피아,11,31,3.000,2.000,-0.0292,,-0.0292,,먹다남은음식
고릴타,히트로토무,11,32,3.000,1.000,-0.8977,,-0.8977,,구애스카프
고릴타,거북왕,11,33,1.000,3.000,0.7068,,0.7068,0.1379,없음
고릴타,대도각참,11,34,1.000,3.000,0.7068,,0.7068,,타입강화
고릴타,팬텀,11,35,2.000,2.000,-0.3288,,-0.3288,-0.6644,기합의띠
고릴타,마폭시,11,36,2.000,1.000,-0.6644,,-0.6644,-0.8977,기합의띠
고릴타,엠페르트,11,37,2.000,2.000,0.1767,,0.1767,,없음
고릴타,번치코,11,38,2.000,2.000,0.1379,,-0.1977,-0.6644,생명의구슬
고릴타,대짱이,11,39,1.000,3.000,0.7068,,0.7068,0.3712,자뭉열매
고릴타,라이츄,11,40,2.000,4.000,0.3424,,0.3424,0.0068,구애스카프
고릴타,블래키,11,41,3.000,6.000,0.9625,,0.9625,,먹다남은음식
고릴타,다크펫,11,42,2.000,2.000,0.1379,,0.1379,0.1379,기합의띠
고릴타,더시마사리,11,43,3.000,13.000,0.9932,,0.9016,,먹다남은음식
고릴타,핫삼,11,44,4.000,2.000,-0.2296,,-0.2296,-0.4629,울퉁불퉁멧
고릴타,오롱털,11,45,2.000,3.000,0.4735,,0.4735,,없음
고릴타,픽시,11,46,3.000,3.000,0.5627,,0.5627,-0.4333,먹다남은음식
고릴타,카디나르마,11,47,2.000,1.000,-0.1977,,-0.1977,,기합의띠
고릴타,앱솔,11,48,2.000,3.000,0.4735,,0.4735,0.0068,없음
고릴타,찌리배리,11,49,3.000,6.000,0.9875,,0.9019,,먹다남은음식
고릴타,맘모꾸리,11,50,2.000,2.000,0.1379,,0.1379,,기합의띠
고릴타,파라블레이즈,11,51,2.000,2.000,-0.0955,,-0.0955,,기합의띠
고릴타,패리퍼,11,52,2.000,2.000,0.1007,,0.1007,,없음
고릴타,찌르호크,11,53,5.000,2.000,-0.7955,,-0.7955,-0.8142,구애스카프
고릴타,대검귀,11,54,1.000,3.000,0.4735,,0.4735,,타입강화
고릴타,마기라스,11,55,1.000,3.000,0.7068,,0.7068,0.1379,먹다남은음식
고릴타,이어롭,11,56,2.000,3.000,0.0068,,0.0068,-0.3288,자뭉열매
고릴타,플라엣테,11,57,2.000,2.000,-0.2837,,-0.2837,-0.4319,구애스카프
고릴타,배바닐라,11,58,2.000,2.000,0.1379,,-0.1977,,타입강화
고릴타,드래펄트,11,59,3.000,2.000,-0.5621,,-0.5621,,생명의구슬
고릴타,입치트,11,60,3.000,4.000,0.3891,,0.3891,0.4735,기합의띠
고릴타,메가니움,11,61,4.000,6.000,0.9031,,0.9031,-0.3546,기합의띠
고릴타,메타몽,11,62,1.000,4.000,0.8090,,0.5757,,구애스카프
고릴타,이상해꽃,11,63,5.000,2.000,-0.4806,,-0.5163,-0.7139,생명의구슬
고릴타,밀로틱,11,64,2.000,3.000,0.4748,,0.4748,,먹다남은음식
고릴타,스코빌런,11,65,3.000,1.000,-0.1906,,-0.1906,-0.4311,먹다남은음식
고릴타,아쿠스타,11,66,1.000,3.000,0.2401,,0.0068,-0.0955,기합의띠
고릴타,몰드류,11,67,2.000,3.000,0.0068,,0.0068,0.0068,구애스카프
고릴타,조로아크(히스이),11,68,2.000,2.000,-0.3288,,-0.3288,,기합의띠
고릴타,미끄래곤(히스이),11,69,2.000,2.000,0.1379,,0.1379,,먹다남은음식
고릴타,잠만보,11,70,2.000,3.000,0.2912,,0.1845,,먹다남은음식
고릴타,무장조,11,71,5.000,2.000,-0.4979,,-0.7312,-0.8236,자뭉열매
고릴타,클레스퍼트라,11,72,2.000,3.000,0.0068,,0.0068,,기합의띠
고릴타,창파나이트,11,73,2.000,2.000,0.1379,,0.1379,,없음
고릴타,우츠보트,11,74,4.000,2.000,-0.3288,,-0.3288,-0.5621,기합의띠
고릴타,가라르야도킹,11,75,3.000,2.000,-0.0172,,-0.0172,,먹다남은음식
고릴타,깜까미,11,76,2.000,5.000,0.8919,,0.8919,0.8514,없음
고릴타,엘풍,11,77,4.000,3.000,-0.4379,,-0.4379,,기합의띠
고릴타,저승갓숭,11,78,3.000,3.000,-0.2267,,-0.2267,,먹다남은음식
고릴타,스트린더(하이),11,79,1.000,2.000,0.3712,,0.1379,,풍선
고릴타,샤미드,11,80,2.000,3.000,0.4608,,0.4608,,먹다남은음식
고릴타,사마자르,11,81,2.000,2.000,-0.0955,,-0.0955,,기합의띠
고릴타,인텔리레온,11,82,1.000,2.000,-0.0955,,-0.0955,,없음
고릴타,깨비물거미,11,83,2.000,3.000,0.4028,,0.2400,,자뭉열매
고릴타,가디안,11,84,2.000,3.000,0.4735,,0.4735,-0.3288,기합의띠
고릴타,왕구리,11,85,1.000,3.000,0.7068,,0.7068,,없음
고릴타,엘레이드,11,86,2.000,2.000,0.1379,,0.1379,-0.3367,생명의구슬
고릴타,브리무음,11,87,2.000,3.000,0.3057,,0.3057,,기합의띠
고릴타,눈여아,11,88,2.000,2.000,-0.3288,,-0.3288,-0.6644,기합의띠
고릴타,어흥염,11,89,3.000,2.000,-0.0955,,-0.1192,,자뭉열매
고릴타,마릴리,11,90,2.000,5.000,0.9113,,0.9113,,자뭉열매
고릴타,올리르바,11,91,2.000,3.000,0.4735,,0.4735,,기합의띠
고릴타,스트린더(로우),11,92,1.000,2.000,0.3712,,0.1379,,풍선
고릴타,펜드라,11,93,4.000,2.000,-0.7955,,-0.7955,-0.8440,기합의띠
고릴타,화염레오,11,94,2.000,1.000,-0.6644,,-0.6644,-0.6644,기합의띠
고릴타,윈디(히스이),11,95,1.000,2.000,-0.1042,,-0.3288,,기합의띠
고릴타,캥카,11,96,2.000,3.000,0.0068,,-0.3288,-0.3288,타입강화
고릴타,꿈트렁,11,97,2.000,4.000,0.7967,,0.5732,,자뭉열매
고릴타,에써르(암컷),11,98,2.000,3.000,0.2401,,0.2401,,없음
고릴타,후딘,11,99,2.000,3.000,0.0068,,0.0068,,기합의띠
고릴타,드래캄,11,100,2.000,2.000,0.1379,,-0.1977,-0.1977,생명의구슬
킬가르도,보만다,12,1,2.000,3.000,-0.2573,,-0.2573,-0.2573,구애스카프
킬가르도,한카리아스,12,2,2.000,2.000,-0.3288,,-0.3288,-0.3288,구애스카프
킬가르도,누리레느,12,3,2.000,3.000,0.2806,,0.0468,,자뭉열매
킬가르도,갑주무사,12,4,3.000,3.000,0.2400,,0.0000,0.1917,생명의구슬
킬가르도,하마돈,12,5,2.000,2.000,0.1754,,0.1754,,자뭉열매
킬가르도,루카리오,12,6,2.000,3.000,0.0068,,0.0068,0.0068,기합의띠
킬가르도,드닐레이브,12,7,1.000,2.000,-0.0955,,-0.3288,-0.0955,기합의띠
킬가르도,브리두라스,12,8,2.000,3.000,0.0068,,-0.2267,,자뭉열매
킬가르도,타부자고,12,9,2.000,3.000,-0.0250,,-0.0250,,풍선
킬가르도,따라큐,12,10,1.000,3.000,0.2401,,-0.0955,,생명의구슬
킬가르도,고릴타,12,11,2.000,3.000,0.0068,,-0.3288,,생명의구슬
킬가르도,마스카나,12,13,2.000,2.000,-0.3288,,-0.3288,,구애스카프
킬가르도,갸라도스,12,14,3.000,2.000,-0.5621,,-0.5621,-0.3288,울퉁불퉁멧
킬가르도,아머까오,12,15,4.000,8.000,0.9183,,-0.0880,,울퉁불퉁멧
킬가르도,킬라플로르,12,16,1.000,3.000,0.2401,,0.0068,-0.0955,기합의띠
킬가르도,대쓰여너,12,17,1.000,2.000,-0.0955,,-0.0955,,구애스카프
킬가르도,리자몽,12,18,2.000,2.000,-0.3815,,-0.3815,-0.6413,구애스카프
킬가르도,포푸니크,12,19,2.000,3.000,0.0068,,0.0068,,없음
킬가르도,개굴닌자,12,20,2.000,2.000,-0.3288,,-0.3288,-0.3288,기합의띠
킬가르도,에이스번,12,21,2.000,2.000,-0.3288,,-0.3288,,구애스카프
킬가르도,알로라 나인테일,12,22,1.000,4.000,0.5757,,0.5757,,없음
킬가르도,에써르(수컷),12,23,2.000,3.000,0.0068,,0.0068,,구애스카프
킬가르도,워시로토무,12,24,2.000,3.000,0.0068,,0.0068,,먹다남은음식
킬가르도,불카모스,12,25,2.000,2.000,-0.4686,,-0.4686,,자뭉열매
킬가르도,빠르모트,12,26,2.000,3.000,0.0068,,0.0068,,기합의띠
킬가르도,라우드본,12,27,2.000,2.000,-0.3288,,-0.3288,,자뭉열매
킬가르도,삼삼드래,12,28,2.000,2.000,-0.3288,,-0.3288,,구애스카프
킬가르도,메타그로스,12,29,2.000,2.000,-0.3288,,-0.3288,-0.3288,생명의구슬
킬가르도,망나뇽,12,30,3.495,3.000,-0.3928,,-0.3928,-0.3940,없음
킬가르도,님피아,12,31,2.000,4.000,0.4804,,0.4804,,먹다남은음식
킬가르도,히트로토무,12,32,2.000,2.000,-0.3288,,-0.3288,,구애스카프
킬가르도,거북왕,12,33,2.000,3.000,0.0068,,0.0068,-0.5621,없음
킬가르도,대도각참,12,34,1.000,2.000,0.3712,,0.3712,,타입강화
킬가르도,팬텀,12,35,1.000,2.000,-0.0955,,-0.3288,-0.0955,기합의띠
킬가르도,마폭시,12,36,1.000,2.000,-0.0955,,-0.3288,-0.4311,기합의띠
킬가르도,엠페르트,12,37,2.000,3.000,0.2790,,0.2790,,없음
킬가르도,번치코,12,38,2.000,2.000,-0.3288,,-0.6644,-0.6644,생명의구슬
킬가르도,대짱이,12,39,3.000,2.000,-0.3288,,-0.3288,-0.5621,자뭉열매
킬가르도,라이츄,12,40,2.000,3.000,0.0068,,0.0068,-0.3288,구애스카프
킬가르도,블래키,12,41,3.000,3.000,-0.1877,,-0.1877,,먹다남은음식
킬가르도,다크펫,12,42,1.000,2.000,-0.0955,,-0.3288,-0.4311,기합의띠
킬가르도,더시마사리,12,43,4.000,7.000,0.9196,,0.9196,,먹다남은음식
킬가르도,핫삼,12,44,3.000,4.000,0.1328,,-0.1274,-0.2607,울퉁불퉁멧
킬가르도,오롱털,12,45,1.000,2.000,0.1379,,0.1379,,없음
킬가르도,픽시,12,46,2.000,4.000,0.5649,,0.5649,0.0315,먹다남은음식
킬가르도,카디나르마,12,47,2.000,2.000,-0.3288,,-0.3288,,기합의띠
킬가르도,앱솔,12,48,1.000,2.000,-0.0955,,-0.0955,-0.3288,없음
킬가르도,찌리배리,12,49,3.000,5.000,0.6794,,0.6794,,먹다남은음식
킬가르도,맘모꾸리,12,50,1.000,2.000,-0.0955,,-0.3288,,기합의띠
킬가르도,파라블레이즈,12,51,1.000,2.000,-0.0955,,-0.3288,,기합의띠
킬가르도,패리퍼,12,52,2.000,3.000,0.0758,,0.0758,,없음
킬가르도,찌르호크,12,53,2.000,4.000,0.2809,,0.2809,0.0883,구애스카프
킬가르도,대검귀,12,54,2.000,3.000,0.0068,,-0.3288,,타입강화
킬가르도,마기라스,12,55,1.000,2.000,-0.0955,,-0.0955,-0.0955,먹다남은음식
킬가르도,이어롭,12,56,2.000,7.000,1.0000,,1.0000,0.6780,자뭉열매
킬가르도,플라엣테,12,57,2.000,5.000,0.7632,,0.7632,0.6209,구애스카프
킬가르도,배바닐라,12,58,1.000,6.000,1.0000,,0.9113,,타입강화
킬가르도,드래펄트,12,59,1.000,2.000,-0.0955,,-0.0955,,생명의구슬
킬가르도,입치트,12,60,1.000,4.000,0.8090,,0.8090,0.8090,기합의띠
킬가르도,메가니움,12,61,3.000,4.000,0.3095,,0.3095,-0.0240,기합의띠
킬가르도,메타몽,12,62,1.000,3.000,0.7068,,0.2401,,구애스카프
킬가르도,이상해꽃,12,63,2.000,4.000,0.0717,,-0.1105,0.0717,생명의구슬
킬가르도,밀로틱,12,64,3.000,6.000,0.7575,,0.7566,,먹다남은음식
킬가르도,스코빌런,12,65,2.000,2.000,-0.3288,,-0.3288,-0.4240,먹다남은음식
킬가르도,아쿠스타,12,66,1.000,5.000,0.9113,,0.6780,0.5757,기합의띠
킬가르도,몰드류,12,67,2.000,2.000,-0.3288,,-0.3288,-0.3288,구애스카프
킬가르도,조로아크(히스이),12,68,2.000,2.000,-0.3288,,-0.3288,,기합의띠
킬가르도,미끄래곤(히스이),12,69,2.000,3.000,0.2401,,0.2401,,먹다남은음식
킬가르도,잠만보,12,70,2.000,3.000,0.4735,,0.4735,,먹다남은음식
킬가르도,무장조,12,71,3.000,5.000,0.2574,,0.1032,0.0134,자뭉열매
킬가르도,클레스퍼트라,12,72,1.000,3.000,0.2401,,0.0068,,기합의띠
킬가르도,창파나이트,12,73,2.000,3.000,0.0068,,0.0068,,없음
킬가르도,우츠보트,12,74,2.000,4.000,0.3424,,0.3424,0.3424,기합의띠
킬가르도,가라르야도킹,12,75,2.000,3.000,0.7747,,0.7747,,먹다남은음식
킬가르도,깜까미,12,76,2.000,3.000,0.2835,,0.2835,0.1822,없음
킬가르도,엘풍,12,77,1.000,8.000,1.0000,,1.0000,,기합의띠
킬가르도,저승갓숭,12,78,2.000,3.000,0.0068,,0.0068,,먹다남은음식
킬가르도,스트린더(하이),12,79,2.000,4.000,0.3424,,0.3424,,풍선
킬가르도,샤미드,12,80,3.000,5.000,0.4278,,0.4071,,먹다남은음식
킬가르도,사마자르,12,81,1.000,3.000,0.2401,,0.0068,,기합의띠
킬가르도,인텔리레온,12,82,2.000,3.000,0.0068,,0.0068,,없음
킬가르도,깨비물거미,12,83,2.000,5.000,0.9099,,0.9065,,자뭉열매
킬가르도,가디안,12,84,1.000,3.000,0.2401,,0.0068,0.2401,기합의띠
킬가르도,왕구리,12,85,2.000,3.000,0.0068,,0.0068,,없음
킬가르도,엘레이드,12,86,1.000,2.000,-0.0842,,-0.0955,-0.1033,생명의구슬
킬가르도,브리무음,12,87,1.000,3.000,0.7068,,0.4735,,기합의띠
킬가르도,눈여아,12,88,1.000,3.000,0.2401,,0.0068,-0.0955,기합의띠
킬가르도,어흥염,12,89,3.000,2.000,-0.3288,,-0.3288,,자뭉열매
킬가르도,마릴리,12,90,2.000,5.000,0.9113,,0.9113,,자뭉열매
킬가르도,올리르바,12,91,2.000,3.000,0.4735,,0.4735,,기합의띠
킬가르도,스트린더(로우),12,92,2.000,4.000,0.3424,,0.3424,,풍선
킬가르도,펜드라,12,93,2.000,3.000,0.0068,,0.0068,-0.1524,기합의띠
킬가르도,화염레오,12,94,2.000,2.000,-0.3288,,-0.3288,-0.3288,기합의띠
킬가르도,윈디(히스이),12,95,2.000,2.000,-0.3288,,-0.3288,,기합의띠
킬가르도,캥카,12,96,2.000,3.000,0.0068,,0.0068,-0.2769,타입강화
킬가르도,꿈트렁,12,97,2.000,3.000,0.0068,,-0.2267,,자뭉열매
킬가르도,에써르(암컷),12,98,2.000,4.000,0.3424,,0.3424,,없음
킬가르도,후딘,12,99,1.000,3.000,0.2401,,0.0068,,기합의띠
킬가르도,드래캄,12,100,2.000,3.000,0.4735,,0.4735,0.4735,생명의구슬
마스카나,보만다,13,1,2.000,2.000,0.2077,,-0.2589,-0.1279,구애스카프
마스카나,한카리아스,13,2,1.000,2.000,0.3712,,-0.0955,-0.3288,구애스카프
마스카나,누리레느,13,3,2.000,1.000,-0.1573,,-0.1854,,자뭉열매
마스카나,갑주무사,13,4,3.000,1.000,-0.4311,,-0.2642,-0.8977,생명의구슬
마스카나,하마돈,13,5,2.000,3.000,0.5101,,0.5101,,자뭉열매
마스카나,루카리오,13,6,3.000,1.000,-0.4311,,-0.4311,-0.4311,기합의띠
마스카나,드닐레이브,13,7,2.000,1.000,-0.1977,,-0.1977,-0.4311,기합의띠
마스카나,브리두라스,13,8,3.000,2.000,-0.0955,,-0.3288,,자뭉열매
마스카나,타부자고,13,9,3.000,2.000,-0.0230,,-0.0230,,풍선
마스카나,따라큐,13,10,2.000,2.000,0.1379,,-0.1729,,생명의구슬
마스카나,고릴타,13,11,2.000,1.000,-0.1977,,-0.1977,,생명의구슬
마스카나,킬가르도,13,12,2.000,2.000,0.1379,,-0.0955,,먹다남은음식
마스카나,갸라도스,13,14,2.000,3.000,0.4735,,0.1379,0.1379,울퉁불퉁멧
마스카나,아머까오,13,15,3.000,2.000,-0.0955,,-0.0955,,울퉁불퉁멧
마스카나,킬라플로르,13,16,3.000,1.000,-0.4311,,-0.4311,-0.4311,기합의띠
마스카나,대쓰여너,13,17,2.000,3.000,0.4735,,0.0068,,구애스카프
마스카나,리자몽,13,18,2.000,1.000,-0.1746,,-0.6413,-0.2504,구애스카프
마스카나,포푸니크,13,19,2.000,1.000,-0.1977,,-0.1977,,없음
마스카나,개굴닌자,13,20,2.000,1.000,-0.1977,,-0.1977,-0.6644,기합의띠
마스카나,에이스번,13,21,3.000,1.000,-0.4311,,-0.8977,,구애스카프
마스카나,알로라 나인테일,13,22,3.000,2.000,-0.0955,,-0.0955,,없음
마스카나,에써르(수컷),13,23,2.000,2.000,0.1379,,-0.3288,,구애스카프
마스카나,워시로토무,13,24,2.000,4.000,0.8090,,0.8090,,먹다남은음식
마스카나,불카모스,13,25,4.000,1.000,-0.5709,,-0.8042,,자뭉열매
마스카나,빠르모트,13,26,2.000,1.000,-0.1977,,-0.1977,,기합의띠
마스카나,라우드본,13,27,3.000,2.000,-0.1005,,-0.3338,,자뭉열매
마스카나,삼삼드래,13,28,1.000,2.000,0.3712,,-0.0955,,구애스카프
마스카나,메타그로스,13,29,2.000,2.000,0.1379,,0.1379,-0.0955,생명의구슬
마스카나,망나뇽,13,30,1.495,2.000,0.4268,,0.4268,0.2545,없음
마스카나,님피아,13,31,3.000,1.000,-0.3648,,-0.5981,,먹다남은음식
마스카나,히트로토무,13,32,3.000,1.000,-0.4311,,-0.8977,,구애스카프
마스카나,거북왕,13,33,2.000,2.000,0.1379,,0.1379,0.1379,없음
마스카나,대도각참,13,34,4.000,2.000,-0.3288,,-0.3288,,타입강화
마스카나,팬텀,13,35,2.000,1.000,-0.1977,,-0.1977,-0.6644,기합의띠
마스카나,마폭시,13,36,2.000,1.000,-0.1977,,-0.1977,-0.6644,기합의띠
마스카나,엠페르트,13,37,2.000,2.000,0.1497,,0.1497,,없음
마스카나,번치코,13,38,3.000,1.000,-0.4311,,-0.4311,-0.4311,생명의구슬
마스카나,대짱이,13,39,1.000,2.000,0.3712,,0.1379,0.1379,자뭉열매
마스카나,라이츄,13,40,2.000,2.000,0.1379,,-0.3288,-0.6644,구애스카프
마스카나,블래키,13,41,3.000,8.000,0.9943,,0.9943,,먹다남은음식
마스카나,다크펫,13,42,2.000,2.000,0.1379,,0.1379,-0.1977,기합의띠
마스카나,더시마사리,13,43,3.000,8.000,0.9932,,0.8910,,먹다남은음식
마스카나,핫삼,13,44,4.000,1.000,-0.7985,,-0.7985,-0.7985,울퉁불퉁멧
마스카나,오롱털,13,45,2.000,2.000,0.1379,,0.1379,,없음
마스카나,픽시,13,46,3.000,2.000,-0.0955,,-0.3041,0.1023,먹다남은음식
마스카나,카디나르마,13,47,2.000,1.000,-0.1977,,-0.1977,,기합의띠
마스카나,앱솔,13,48,2.000,2.000,0.1379,,0.1379,-0.3288,없음
마스카나,찌리배리,13,49,4.000,6.000,0.8700,,0.5565,,먹다남은음식
마스카나,맘모꾸리,13,50,2.000,2.000,0.1379,,0.1379,,기합의띠
마스카나,파라블레이즈,13,51,2.000,2.000,0.1379,,0.1379,,기합의띠
마스카나,패리퍼,13,52,1.000,2.000,0.3340,,0.3340,,없음
마스카나,찌르호크,13,53,2.000,2.000,0.0764,,-0.3902,0.0764,구애스카프
마스카나,대검귀,13,54,2.000,2.000,0.1379,,0.1379,,타입강화
마스카나,마기라스,13,55,2.000,2.000,0.1379,,-0.0955,-0.4311,먹다남은음식
마스카나,이어롭,13,56,2.000,2.000,0.1379,,-0.0955,-0.6644,자뭉열매
마스카나,플라엣테,13,57,3.000,1.000,-0.3009,,-0.7675,-0.4311,구애스카프
마스카나,배바닐라,13,58,3.000,1.000,-0.4311,,-0.4311,,타입강화
마스카나,드래펄트,13,59,1.000,2.000,-0.0955,,-0.4311,,생명의구슬
마스카나,입치트,13,60,4.000,2.000,-0.3288,,-0.3288,-0.3288,기합의띠
마스카나,메가니움,13,61,2.000,3.000,0.7080,,0.7080,0.1379,기합의띠
마스카나,메타몽,13,62,2.000,2.000,0.1379,,0.1379,,구애스카프
마스카나,이상해꽃,13,63,2.000,2.000,0.1379,,0.1021,-0.3645,생명의구슬
마스카나,밀로틱,13,64,3.000,3.000,0.2394,,0.2394,,먹다남은음식
마스카나,스코빌런,13,65,2.000,1.000,-0.1977,,-0.3649,-0.3649,먹다남은음식
마스카나,아쿠스타,13,66,2.000,2.000,0.1379,,0.1379,0.1379,기합의띠
마스카나,몰드류,13,67,2.000,2.000,0.1379,,-0.3288,-0.0955,구애스카프
마스카나,조로아크(히스이),13,68,2.000,2.000,0.1379,,0.1379,,기합의띠
마스카나,미끄래곤(히스이),13,69,3.000,2.000,-0.0955,,-0.0955,,먹다남은음식
마스카나,잠만보,13,70,4.000,2.000,-0.3288,,-0.5621,,먹다남은음식
마스카나,무장조,13,71,3.000,2.000,-0.0955,,-0.2646,-0.1236,자뭉열매
마스카나,클레스퍼트라,13,72,2.000,2.000,0.1379,,0.1379,,기합의띠
마스카나,창파나이트,13,73,2.000,1.000,-0.1977,,-0.1977,,없음
마스카나,우츠보트,13,74,2.000,2.000,0.1379,,0.1379,0.1379,기합의띠
마스카나,가라르야도킹,13,75,2.000,2.000,-0.0172,,-0.0172,,먹다남은음식
마스카나,깜까미,13,76,2.000,7.000,1.0000,,1.0000,0.9971,없음
마스카나,엘풍,13,77,1.000,2.000,0.3712,,0.1379,,기합의띠
마스카나,저승갓숭,13,78,2.000,1.000,-0.1977,,-0.1977,,먹다남은음식
마스카나,스트린더(하이),13,79,2.000,2.000,0.1379,,0.1379,,풍선
마스카나,샤미드,13,80,3.000,3.000,0.2274,,0.2274,,먹다남은음식
마스카나,사마자르,13,81,3.000,1.000,-0.4311,,-0.4311,,기합의띠
마스카나,인텔리레온,13,82,2.000,2.000,0.1379,,0.1379,,없음
마스카나,깨비물거미,13,83,2.000,1.000,-0.1977,,-0.2684,,자뭉열매
마스카나,가디안,13,84,2.000,1.000,-0.1977,,-0.1977,-0.1977,기합의띠
마스카나,왕구리,13,85,2.000,2.000,0.1379,,0.1379,,없음
마스카나,엘레이드,13,86,2.000,2.000,0.1379,,0.0277,-0.1977,생명의구슬
마스카나,브리무음,13,87,3.000,2.000,0.0212,,0.0212,,기합의띠
마스카나,눈여아,13,88,2.000,2.000,0.1379,,0.1379,-0.1977,기합의띠
마스카나,어흥염,13,89,5.000,1.000,-0.8977,,-0.8977,,자뭉열매
마스카나,마릴리,13,90,2.000,2.000,0.1379,,-0.0955,,자뭉열매
마스카나,올리르바,13,91,2.000,2.000,0.3390,,0.3390,,기합의띠
마스카나,스트린더(로우),13,92,2.000,2.000,0.1379,,0.1379,,풍선
마스카나,펜드라,13,93,3.000,1.000,-0.3204,,-0.3204,-0.5537,기합의띠
마스카나,화염레오,13,94,3.000,1.000,-0.4311,,-0.4311,-0.8977,기합의띠
마스카나,윈디(히스이),13,95,4.000,1.000,-0.6606,,-0.6606,,기합의띠
마스카나,캥카,13,96,3.000,2.000,-0.0955,,-0.0955,-0.0955,타입강화
마스카나,꿈트렁,13,97,4.000,2.000,-0.3410,,-0.5744,,자뭉열매
마스카나,에써르(암컷),13,98,2.000,3.000,0.4735,,0.4735,,없음
마스카나,후딘,13,99,1.000,2.000,0.3712,,0.1379,,기합의띠
마스카나,드래캄,13,100,1.000,1.000,0.0356,,0.0356,-0.1977,생명의구슬
갸라도스,보만다,14,1,3.000,3.000,0.0767,0.0767,0.0767,-0.1568,구애스카프
갸라도스,한카리아스,14,2,2.000,3.000,0.0068,0.0068,0.0068,-0.5621,구애스카프
갸라도스,누리레느,14,3,2.000,3.000,0.5139,0.1379,0.5139,,자뭉열매
갸라도스,갑주무사,14,4,4.000,7.000,0.8717,-0.3288,0.7865,0.6071,생명의구슬
갸라도스,하마돈,14,5,3.000,6.000,0.9975,0.6325,0.9557,,자뭉열매
갸라도스,루카리오,14,6,2.000,4.000,0.3424,-0.3288,0.3424,0.0068,기합의띠
갸라도스,드닐레이브,14,7,4.000,2.000,-0.7955,-0.2267,-0.7955,-0.7955,기합의띠
갸라도스,브리두라스,14,8,3.000,1.000,-0.8977,-0.3288,-0.8977,,자뭉열매
갸라도스,타부자고,14,9,3.000,2.000,-0.4897,-0.0974,-0.7230,,풍선
갸라도스,따라큐,14,10,3.000,5.000,0.1649,-0.3212,0.3042,,생명의구슬
갸라도스,고릴타,14,11,3.000,3.000,-0.2267,-0.5621,-0.2267,,생명의구슬
갸라도스,킬가르도,14,12,2.000,3.000,0.4735,0.1379,0.2400,,먹다남은음식
갸라도스,마스카나,14,13,3.000,2.000,-0.5621,-0.3288,-0.5621,,구애스카프
갸라도스,아머까오,14,15,5.000,5.000,0.2958,0.5157,-0.2313,,울퉁불퉁멧
갸라도스,킬라플로르,14,16,1.000,2.000,-0.0955,0.2401,-0.3288,-0.0955,기합의띠
갸라도스,대쓰여너,14,17,2.000,2.000,0.1379,0.4735,-0.3288,,구애스카프
갸라도스,리자몽,14,18,2.000,3.000,0.0826,0.0826,0.0826,-0.2530,구애스카프
갸라도스,포푸니크,14,19,2.000,4.000,0.3424,-0.3288,0.3424,,없음
갸라도스,개굴닌자,14,20,2.000,4.000,0.3424,0.2401,0.3424,0.0068,기합의띠
갸라도스,에이스번,14,21,2.000,3.000,0.0068,-0.3288,0.0068,,구애스카프
갸라도스,알로라 나인테일,14,22,3.000,4.000,0.1066,-0.2267,0.1066,,없음
갸라도스,에써르(수컷),14,23,2.000,4.000,0.3424,0.2401,0.3424,,구애스카프
갸라도스,워시로토무,14,24,2.000,1.000,-0.6644,-0.3288,-0.6644,,먹다남은음식
갸라도스,불카모스,14,25,2.000,5.000,0.8709,-0.0342,0.5375,,자뭉열매
갸라도스,빠르모트,14,26,2.000,1.000,-0.6644,-0.3288,-0.6644,,기합의띠
갸라도스,라우드본,14,27,3.000,5.000,0.9018,0.9018,0.8903,,자뭉열매
갸라도스,삼삼드래,14,28,3.000,2.000,-0.5621,-0.2267,-0.5621,,구애스카프
갸라도스,메타그로스,14,29,3.000,2.000,-0.0955,0.1379,0.1379,-0.5621,생명의구슬
갸라도스,망나뇽,14,30,2.495,2.000,0.0224,0.5290,0.0224,-0.7289,없음
갸라도스,님피아,14,31,4.000,2.000,-0.0240,-0.1908,-0.1357,,먹다남은음식
갸라도스,히트로토무,14,32,2.000,1.000,-0.6644,-0.3288,-0.6644,,구애스카프
갸라도스,거북왕,14,33,2.000,5.000,0.9113,0.8090,0.9113,0.8090,없음
갸라도스,대도각참,14,34,3.000,4.000,0.3557,0.4735,0.3557,,타입강화
갸라도스,팬텀,14,35,2.000,3.000,0.0068,-0.0955,0.0068,0.0068,기합의띠
갸라도스,마폭시,14,36,2.000,3.000,0.0068,0.0068,0.0068,0.0068,기합의띠
갸라도스,엠페르트,14,37,2.000,5.000,0.9208,0.9216,0.9208,,없음
갸라도스,번치코,14,38,2.000,2.000,0.1379,0.1379,0.1379,-0.3288,생명의구슬
갸라도스,대짱이,14,39,1.000,6.000,1.0000,0.7068,1.0000,0.9113,자뭉열매
갸라도스,라이츄,14,40,2.000,1.000,-0.6644,-0.0955,-0.6644,-0.6644,구애스카프
갸라도스,블래키,14,41,5.000,7.000,0.8058,0.8516,0.7123,,먹다남은음식
갸라도스,다크펫,14,42,2.000,4.000,0.8090,0.8090,0.8090,0.4735,기합의띠
갸라도스,더시마사리,14,43,3.000,17.000,0.9932,0.9932,0.9255,,먹다남은음식
갸라도스,핫삼,14,44,4.000,5.000,0.5915,-0.0381,0.2760,0.1744,울퉁불퉁멧
갸라도스,오롱털,14,45,3.000,4.000,0.5732,-0.0955,0.5732,,없음
갸라도스,픽시,14,46,4.000,5.000,0.5982,-0.0062,0.3985,0.2961,먹다남은음식
갸라도스,카디나르마,14,47,2.000,3.000,0.4735,0.1379,0.4735,,기합의띠
갸라도스,앱솔,14,48,3.000,3.000,0.2400,0.1379,0.2400,-0.2267,없음
갸라도스,찌리배리,14,49,3.000,2.000,-0.1022,0.2332,-0.3356,,먹다남은음식
갸라도스,맘모꾸리,14,50,2.000,3.000,0.4735,0.4735,0.4735,,기합의띠
갸라도스,파라블레이즈,14,51,2.000,3.000,0.0068,-0.3288,0.0068,,기합의띠
갸라도스,패리퍼,14,52,3.000,3.000,0.2976,0.5777,0.2976,,없음
갸라도스,찌르호크,14,53,5.000,4.000,-0.1399,-0.4806,-0.1399,-0.1754,구애스카프
갸라도스,대검귀,14,54,2.000,5.000,0.6780,0.0068,0.6780,,타입강화
갸라도스,마기라스,14,55,2.000,2.000,0.1379,0.1379,0.1379,-0.0955,먹다남은음식
갸라도스,이어롭,14,56,3.000,3.000,-0.2267,-0.2267,-0.4623,-0.5621,자뭉열매
갸라도스,플라엣테,14,57,3.000,3.000,-0.5180,-0.4319,-0.5180,-0.5180,구애스카프
갸라도스,배바닐라,14,58,3.000,3.000,0.2400,0.9932,0.2400,,타입강화
갸라도스,드래펄트,14,59,2.000,2.000,-0.3288,0.0068,-0.6644,,생명의구슬
갸라도스,입치트,14,60,2.000,3.000,0.4735,0.1379,0.4735,0.1379,기합의띠
갸라도스,메가니움,14,61,4.000,4.000,0.4924,-0.0257,0.4924,-0.1348,기합의띠
갸라도스,메타몽,14,62,2.000,6.000,1.0000,0.4735,1.0000,,구애스카프
갸라도스,이상해꽃,14,63,4.000,4.000,0.5914,0.4568,0.4568,-0.1485,생명의구슬
갸라도스,밀로틱,14,64,2.000,8.000,0.9995,0.9094,0.9928,,먹다남은음식
갸라도스,스코빌런,14,65,3.000,3.000,0.2400,-0.0293,0.2400,0.1449,먹다남은음식
갸라도스,아쿠스타,14,66,2.000,5.000,0.6780,1.0000,0.6780,0.6780,기합의띠
갸라도스,몰드류,14,67,2.000,3.000,0.0068,0.0068,0.0068,0.0068,구애스카프
갸라도스,조로아크(히스이),14,68,2.000,3.000,0.0068,-0.0955,0.0068,,기합의띠
갸라도스,미끄래곤(히스이),14,69,2.000,2.000,0.1379,0.4735,0.1379,,먹다남은음식
갸라도스,잠만보,14,70,4.000,5.000,0.6012,0.4497,0.3990,,먹다남은음식
갸라도스,무장조,14,71,5.000,5.000,0.3624,0.1014,0.1607,-0.3653,자뭉열매
갸라도스,클레스퍼트라,14,72,2.000,4.000,0.3424,0.0068,0.3424,,기합의띠
갸라도스,창파나이트,14,73,3.000,4.000,0.5732,-0.4311,0.5732,,없음
갸라도스,우츠보트,14,74,3.000,4.000,0.5732,0.2400,0.5732,0.2400,기합의띠
갸라도스,가라르야도킹,14,75,3.000,4.000,0.7095,0.8770,0.7095,,먹다남은음식
갸라도스,깜까미,14,76,3.000,6.000,0.9442,0.9971,0.9442,0.8998,없음
갸라도스,엘풍,14,77,3.000,4.000,0.1066,0.0068,0.1066,,기합의띠
갸라도스,저승갓숭,14,78,4.000,6.000,0.2286,-0.5621,0.0105,,먹다남은음식
갸라도스,스트린더(하이),14,79,1.000,1.000,0.0356,0.3712,-0.1977,,풍선
갸라도스,샤미드,14,80,2.000,7.000,0.9891,1.0000,0.9831,,먹다남은음식
갸라도스,사마자르,14,81,2.000,3.000,0.0068,-0.3288,0.0068,,기합의띠
갸라도스,인텔리레온,14,82,2.000,5.000,0.6780,1.0000,0.6780,,없음
갸라도스,깨비물거미,14,83,3.000,8.000,0.9623,0.2400,0.8910,,자뭉열매
갸라도스,가디안,14,84,3.000,2.000,-0.0955,0.1379,-0.0955,-0.8977,기합의띠
갸라도스,왕구리,14,85,2.000,6.000,1.0000,1.0000,1.0000,,없음
갸라도스,엘레이드,14,86,3.000,5.000,0.9065,0.1300,0.8011,0.0975,생명의구슬
갸라도스,브리무음,14,87,3.000,3.000,0.4067,-0.0955,0.4067,,기합의띠
갸라도스,눈여아,14,88,2.000,2.000,-0.3288,0.5757,-0.3288,-0.6644,기합의띠
갸라도스,어흥염,14,89,3.000,5.000,0.9065,0.1482,0.8755,,자뭉열매
갸라도스,마릴리,14,90,2.000,7.000,1.0000,0.4735,0.7758,,자뭉열매
갸라도스,올리르바,14,91,3.000,4.000,0.4397,0.1055,0.4397,,기합의띠
갸라도스,스트린더(로우),14,92,1.000,1.000,0.0356,0.3712,-0.1977,,풍선
갸라도스,펜드라,14,93,3.000,4.000,-0.1156,-0.3858,-0.1156,0.0043,기합의띠
갸라도스,화염레오,14,94,2.000,4.000,0.3424,0.3424,0.3424,0.0068,기합의띠
갸라도스,윈디(히스이),14,95,1.000,2.000,-0.1042,-0.0830,-0.3288,,기합의띠
갸라도스,캥카,14,96,3.000,2.000,-0.5467,-0.2267,-0.5467,-0.7955,타입강화
갸라도스,꿈트렁,14,97,4.000,6.000,0.8874,0.0043,0.6634,,자뭉열매
갸라도스,에써르(암컷),14,98,2.000,4.000,0.3424,0.5757,0.3424,,없음
갸라도스,후딘,14,99,2.000,3.000,0.0068,-0.0955,0.0068,,기합의띠
갸라도스,드래캄,14,100,2.000,2.000,0.1379,0.4735,-0.1977,0.1379,생명의구슬
아머까오,보만다,15,1,7.000,4.000,-0.6994,,-0.6994,-0.6994,구애스카프
아머까오,한카리아스,15,2,5.000,4.000,-0.3570,,-0.3570,-0.4623,구애스카프
아머까오,누리레느,15,3,4.000,4.000,0.5638,,0.3007,,자뭉열매
아머까오,갑주무사,15,4,3.000,5.000,0.8790,,0.8188,0.0327,생명의구슬
아머까오,하마돈,15,5,6.000,11.000,0.7561,,0.7099,,자뭉열매
아머까오,루카리오,15,6,3.000,3.000,-0.2267,,-0.2267,-0.7955,기합의띠
아머까오,드닐레이브,15,7,4.000,4.000,-0.2700,,-0.2700,-0.2700,기합의띠
아머까오,브리두라스,15,8,5.000,2.000,-0.7955,,-0.7955,,자뭉열매
아머까오,타부자고,15,9,10.000,4.000,-0.7000,,-0.7000,,풍선
아머까오,따라큐,15,10,2.000,7.000,0.9706,,1.0000,,생명의구슬
아머까오,고릴타,15,11,2.000,5.000,0.6780,,0.3424,,생명의구슬
아머까오,킬가르도,15,12,8.000,4.000,-0.6986,,-0.7000,,먹다남은음식
아머까오,마스카나,15,13,2.000,3.000,0.0068,,0.0068,,구애스카프
아머까오,갸라도스,15,14,5.000,5.000,-0.1709,,-0.4344,-0.3570,울퉁불퉁멧
아머까오,킬라플로르,15,16,3.000,4.000,0.1066,,0.1066,-0.2267,기합의띠
아머까오,대쓰여너,15,17,4.000,3.000,-0.4623,,-0.4623,,구애스카프
아머까오,리자몽,15,18,4.000,2.000,-0.7955,,-0.7955,-0.7955,구애스카프
아머까오,포푸니크,15,19,2.000,4.000,0.3424,,0.3424,,없음
아머까오,개굴닌자,15,20,3.000,4.000,0.1066,,0.1066,-0.2267,기합의띠
아머까오,에이스번,15,21,4.000,2.000,-0.7955,,-0.7955,,구애스카프
아머까오,알로라 나인테일,15,22,2.000,4.000,0.3424,,0.3424,,없음
아머까오,에써르(수컷),15,23,3.000,4.000,0.1066,,0.1066,,구애스카프
아머까오,워시로토무,15,24,7.000,3.000,-0.7000,,-0.7000,,먹다남은음식
아머까오,불카모스,15,25,2.000,3.000,-0.1277,,-0.2676,,자뭉열매
아머까오,빠르모트,15,26,3.000,2.000,-0.5621,,-0.5621,,기합의띠
아머까오,라우드본,15,27,6.000,2.000,-0.7841,,-0.7955,,자뭉열매
아머까오,삼삼드래,15,28,4.000,3.000,-0.4623,,-0.4623,,구애스카프
아머까오,메타그로스,15,29,9.000,4.000,-0.7000,,-0.7000,-0.7000,생명의구슬
아머까오,망나뇽,15,30,5.495,4.000,-0.4087,,-0.4087,-0.6993,없음
아머까오,님피아,15,31,3.000,5.000,0.5932,,0.5932,,먹다남은음식
아머까오,히트로토무,15,32,7.000,2.000,-0.7955,,-0.7955,,구애스카프
아머까오,거북왕,15,33,4.000,3.000,-0.4623,,-0.4623,-0.6305,없음
아머까오,대도각참,15,34,3.000,5.000,0.6890,,0.3557,,타입강화
아머까오,팬텀,15,35,3.000,4.000,0.1066,,0.1066,0.1066,기합의띠
아머까오,마폭시,15,36,3.000,2.000,-0.5621,,-0.5621,-0.5621,기합의띠
아머까오,엠페르트,15,37,4.000,4.000,0.3019,,0.3019,,없음
아머까오,번치코,15,38,2.000,2.000,-0.3288,,-0.3288,-0.3288,생명의구슬
아머까오,대짱이,15,39,4.000,4.000,0.3027,,0.0322,-0.6305,자뭉열매
아머까오,라이츄,15,40,5.000,2.000,-0.7955,,-0.7955,-0.7955,구애스카프
아머까오,블래키,15,41,6.000,8.000,0.7050,,0.5528,,먹다남은음식
아머까오,다크펫,15,42,3.000,4.000,0.5732,,0.5732,-0.2267,기합의띠
아머까오,더시마사리,15,43,6.000,10.000,0.7157,,0.7000,,먹다남은음식
아머까오,핫삼,15,44,5.000,6.000,0.4528,,0.0658,-0.3724,울퉁불퉁멧
아머까오,오롱털,15,45,3.000,5.000,0.9065,,0.9065,,없음
아머까오,픽시,15,46,4.000,5.000,0.5982,,0.5982,-0.1706,먹다남은음식
아머까오,카디나르마,15,47,4.000,2.000,-0.7955,,-0.7955,,기합의띠
아머까오,앱솔,15,48,3.000,5.000,0.2694,,0.2694,0.2694,없음
아머까오,찌리배리,15,49,11.000,3.000,-0.7000,,-0.7000,,먹다남은음식
아머까오,맘모꾸리,15,50,3.000,5.000,0.4399,,0.4399,,기합의띠
아머까오,파라블레이즈,15,51,4.000,3.000,-0.4623,,-0.4623,,기합의띠
아머까오,패리퍼,15,52,4.000,4.000,0.3583,,0.3583,,없음
아머까오,찌르호크,15,53,6.000,5.000,-0.3830,,-0.3830,0.3606,구애스카프
아머까오,대검귀,15,54,4.000,6.000,0.3137,,0.0749,,타입강화
아머까오,마기라스,15,55,3.000,4.000,0.5732,,0.5732,0.1066,먹다남은음식
아머까오,이어롭,15,56,3.000,6.000,0.5409,,0.2250,0.0068,자뭉열매
아머까오,플라엣테,15,57,3.000,6.000,0.5938,,0.5938,0.1574,구애스카프
아머까오,배바닐라,15,58,3.000,4.000,0.1066,,-0.2267,,타입강화
아머까오,드래펄트,15,59,4.000,3.000,-0.4623,,-0.2267,,생명의구슬
아머까오,입치트,15,60,6.000,5.000,-0.0540,,-0.0540,-0.0540,기합의띠
아머까오,메가니움,15,61,3.000,13.000,0.9953,,0.9953,0.9953,기합의띠
아머까오,메타몽,15,62,2.000,13.000,1.0000,,1.0000,,구애스카프
아머까오,이상해꽃,15,63,3.000,26.000,0.9956,,1.0000,0.9932,생명의구슬
아머까오,밀로틱,15,64,5.000,7.000,0.3210,,0.0816,,먹다남은음식
아머까오,스코빌런,15,65,2.000,2.000,-0.3288,,-0.3288,-0.3288,먹다남은음식
아머까오,아쿠스타,15,66,3.000,6.000,0.7599,,0.7599,0.4243,기합의띠
아머까오,몰드류,15,67,4.000,7.000,0.4906,,0.4906,-0.0056,구애스카프
아머까오,조로아크(히스이),15,68,3.000,3.000,-0.2267,,-0.2267,,기합의띠
아머까오,미끄래곤(히스이),15,69,4.000,3.000,0.0043,,-0.1638,,먹다남은음식
아머까오,잠만보,15,70,5.000,4.000,0.1791,,-0.1608,,먹다남은음식
아머까오,무장조,15,71,11.000,9.000,-0.6982,,-0.7000,-0.5244,자뭉열매
아머까오,클레스퍼트라,15,72,3.000,7.000,0.8779,,0.8779,,기합의띠
아머까오,창파나이트,15,73,2.000,3.000,0.4735,,0.4735,,없음
아머까오,우츠보트,15,74,2.000,11.000,1.0000,,1.0000,1.0000,기합의띠
아머까오,가라르야도킹,15,75,5.000,4.000,0.1571,,-0.0403,,먹다남은음식
아머까오,깜까미,15,76,3.000,7.000,0.9488,,0.9488,0.8466,없음
아머까오,엘풍,15,77,2.000,10.000,1.0000,,1.0000,,기합의띠
아머까오,저승갓숭,15,78,3.000,4.000,0.1317,,0.1066,,먹다남은음식
아머까오,스트린더(하이),15,79,6.000,3.000,-0.6996,,-0.6996,,풍선
아머까오,샤미드,15,80,5.000,6.000,0.4983,,0.2645,,먹다남은음식
아머까오,사마자르,15,81,3.000,5.000,0.4399,,0.4399,,기합의띠
아머까오,인텔리레온,15,82,3.000,4.000,0.1066,,0.1066,,없음
아머까오,깨비물거미,15,83,2.000,7.000,1.0000,,0.9932,,자뭉열매
아머까오,가디안,15,84,2.000,3.000,0.0068,,0.0068,0.0068,기합의띠
아머까오,왕구리,15,85,4.000,5.000,0.1345,,0.1345,,없음
아머까오,엘레이드,15,86,2.000,5.000,0.6780,,0.3424,0.3424,생명의구슬
아머까오,브리무음,15,87,3.000,4.000,0.5732,,0.5732,,기합의띠
아머까오,눈여아,15,88,3.000,4.000,0.0659,,0.0659,-0.2267,기합의띠
아머까오,어흥염,15,89,6.000,2.000,-0.7955,,-0.7955,,자뭉열매
아머까오,마릴리,15,90,4.000,8.000,0.6040,,0.3859,,자뭉열매
아머까오,올리르바,15,91,2.000,8.000,1.0000,,1.0000,,기합의띠
아머까오,스트린더(로우),15,92,6.000,3.000,-0.6996,,-0.6996,,풍선
아머까오,펜드라,15,93,2.000,10.000,1.0000,,1.0000,0.9837,기합의띠
아머까오,화염레오,15,94,3.000,2.000,-0.5621,,-0.5621,-0.7955,기합의띠
아머까오,윈디(히스이),15,95,4.000,2.000,-0.7918,,-0.7918,,기합의띠
아머까오,캥카,15,96,4.000,5.000,0.1423,,0.1423,-0.1650,타입강화
아머까오,꿈트렁,15,97,5.000,7.000,0.8164,,0.5484,,자뭉열매
아머까오,에써르(암컷),15,98,3.000,4.000,0.1066,,0.1066,,없음
아머까오,후딘,15,99,3.000,4.000,-0.0293,,-0.0293,,기합의띠
아머까오,드래캄,15,100,4.000,4.000,0.3027,,0.2400,0.0043,생명의구슬
킬라플로르,보만다,16,1,2.000,2.000,-0.4293,0.1072,-0.4293,-0.5928,구애스카프
킬라플로르,한카리아스,16,2,3.000,1.000,-0.8977,-0.8977,-0.8977,-0.8977,구애스카프
킬라플로르,누리레느,16,3,2.000,2.000,0.1379,0.3431,0.1379,,자뭉열매
킬라플로르,갑주무사,16,4,2.000,2.000,0.1379,0.3712,-0.1977,-0.5689,생명의구슬
킬라플로르,하마돈,16,5,3.000,1.000,-0.2834,-0.2834,-0.5167,,자뭉열매
킬라플로르,루카리오,16,6,2.000,1.000,-0.6644,-0.1977,-0.6644,-0.6644,기합의띠
킬라플로르,드닐레이브,16,7,2.000,1.000,-0.6644,-0.1977,-0.6644,-0.6644,기합의띠
킬라플로르,브리두라스,16,8,2.000,2.000,0.1379,0.1379,0.1379,,자뭉열매
킬라플로르,타부자고,16,9,3.000,2.000,-0.1272,-0.1272,-0.3606,,풍선
킬라플로르,따라큐,16,10,3.000,4.000,-0.1724,0.8166,-0.0065,,생명의구슬
킬라플로르,고릴타,16,11,2.000,1.000,-0.1977,0.0356,0.0356,,생명의구슬
킬라플로르,킬가르도,16,12,3.000,1.000,-0.4311,-0.1977,-0.4311,,먹다남은음식
킬라플로르,마스카나,16,13,1.000,3.000,0.2401,0.2401,0.2401,,구애스카프
킬라플로르,갸라도스,16,14,2.000,1.000,-0.1977,-0.1977,-0.1977,-0.4311,울퉁불퉁멧
킬라플로르,아머까오,16,15,4.000,3.000,0.0043,0.2400,0.0043,,울퉁불퉁멧
킬라플로르,대쓰여너,16,17,2.000,1.000,-0.1977,-0.1977,-0.6644,,구애스카프
킬라플로르,리자몽,16,18,1.000,4.000,0.3917,0.8321,0.3917,0.2632,구애스카프
킬라플로르,포푸니크,16,19,2.000,2.000,-0.3288,0.0068,-0.3288,,없음
킬라플로르,개굴닌자,16,20,2.000,2.000,-0.3288,-0.3288,-0.3288,-0.6644,기합의띠
킬라플로르,에이스번,16,21,2.000,2.000,-0.3288,-0.0955,-0.3288,,구애스카프
킬라플로르,알로라 나인테일,16,22,2.000,3.000,0.0068,0.2401,0.0068,,없음
킬라플로르,에써르(수컷),16,23,3.000,2.000,-0.5621,0.1379,-0.5621,,구애스카프
킬라플로르,워시로토무,16,24,2.000,2.000,-0.0955,0.1379,-0.0955,,먹다남은음식
킬라플로르,불카모스,16,25,1.000,3.000,-0.0342,0.5723,-0.0342,,자뭉열매
킬라플로르,빠르모트,16,26,2.000,2.000,-0.3288,0.0068,-0.3288,,기합의띠
킬라플로르,라우드본,16,27,2.000,2.000,0.1215,0.1492,-0.1005,,자뭉열매
킬라플로르,삼삼드래,16,28,2.000,1.000,-0.6644,0.0356,-0.6644,,구애스카프
킬라플로르,메타그로스,16,29,2.000,1.000,-0.1977,-0.1977,-0.1977,-0.8977,생명의구슬
킬라플로르,망나뇽,16,30,2.495,1.000,-0.2611,-0.1422,-0.2611,-0.7289,없음
킬라플로르,님피아,16,31,3.000,4.000,0.5449,0.7869,0.5449,,먹다남은음식
킬라플로르,히트로토무,16,32,2.000,3.000,0.2401,0.7068,0.0068,,구애스카프
킬라플로르,거북왕,16,33,2.000,1.000,-0.1977,0.1379,-0.1977,-0.4311,없음
킬라플로르,대도각참,16,34,2.000,2.000,0.1379,0.1379,0.1379,,타입강화
킬라플로르,팬텀,16,35,2.000,3.000,0.0068,0.0068,0.0068,0.0068,기합의띠
킬라플로르,마폭시,16,36,2.000,2.000,-0.3288,-0.0955,-0.3288,-0.6644,기합의띠
킬라플로르,엠페르트,16,37,3.000,2.000,0.1108,0.1108,0.1108,,없음
킬라플로르,번치코,16,38,2.000,1.000,-0.1977,-0.1977,-0.1977,-0.6644,생명의구슬
킬라플로르,대짱이,16,39,1.000,1.000,0.0356,0.0356,-0.1977,-0.1977,자뭉열매
킬라플로르,라이츄,16,40,2.000,3.000,0.0068,0.0068,0.0068,-0.3288,구애스카프
킬라플로르,블래키,16,41,4.000,5.000,0.8379,0.9231,0.5132,,먹다남은음식
킬라플로르,다크펫,16,42,2.000,3.000,0.4735,0.4735,0.4735,-0.0955,기합의띠
킬라플로르,더시마사리,16,43,3.000,3.000,0.2400,0.5732,0.0043,,먹다남은음식
킬라플로르,핫삼,16,44,3.000,3.000,-0.0381,0.1965,-0.0381,-0.0381,울퉁불퉁멧
킬라플로르,오롱털,16,45,2.000,3.000,0.4735,0.7068,0.4735,,없음
킬라플로르,픽시,16,46,2.000,8.000,1.0000,1.0000,1.0000,0.9906,먹다남은음식
킬라플로르,카디나르마,16,47,2.000,2.000,0.1379,0.3712,0.1379,,기합의띠
킬라플로르,앱솔,16,48,2.000,3.000,0.4735,0.4735,0.4735,0.0068,없음
킬라플로르,찌리배리,16,49,3.000,3.000,0.2332,0.2332,-0.0023,,먹다남은음식
킬라플로르,맘모꾸리,16,50,2.000,1.000,-0.1977,-0.1977,-0.1977,,기합의띠
킬라플로르,파라블레이즈,16,51,2.000,3.000,0.4735,0.7068,0.4735,,기합의띠
킬라플로르,패리퍼,16,52,2.000,2.000,0.1379,0.3712,0.1379,,없음
킬라플로르,찌르호크,16,53,2.000,4.000,0.5551,0.8926,0.5551,-0.2881,구애스카프
킬라플로르,대검귀,16,54,2.000,2.000,0.1379,0.1379,0.1379,,타입강화
킬라플로르,마기라스,16,55,3.000,1.000,-0.4311,-0.1977,-0.4311,-0.4311,먹다남은음식
킬라플로르,이어롭,16,56,3.000,4.000,-0.0095,0.3424,-0.0095,-0.3288,자뭉열매
킬라플로르,플라엣테,16,57,2.000,3.000,-0.1805,0.4164,-0.1805,-0.2837,구애스카프
킬라플로르,배바닐라,16,58,2.000,3.000,0.4735,0.7068,0.1379,,타입강화
킬라플로르,드래펄트,16,59,2.000,2.000,-0.3288,0.0068,-0.3288,,생명의구슬
킬라플로르,입치트,16,60,2.000,2.000,0.1379,0.1379,0.1379,0.1379,기합의띠
킬라플로르,메가니움,16,61,2.000,2.000,0.1379,0.2081,0.1379,0.2702,기합의띠
킬라플로르,메타몽,16,62,2.000,2.000,0.1379,0.3712,-0.3288,,구애스카프
킬라플로르,이상해꽃,16,63,4.000,2.000,-0.2473,-0.0139,-0.2128,-0.3645,생명의구슬
킬라플로르,밀로틱,16,64,4.000,3.000,0.0038,0.2381,0.0038,,먹다남은음식
킬라플로르,스코빌런,16,65,1.000,2.000,0.6116,0.7068,0.4445,0.1379,먹다남은음식
킬라플로르,아쿠스타,16,66,2.000,2.000,-0.3288,-0.3288,-0.3288,-0.3288,기합의띠
킬라플로르,몰드류,16,67,2.000,1.000,-0.6644,-0.1977,-0.6644,-0.6644,구애스카프
킬라플로르,조로아크(히스이),16,68,2.000,3.000,0.0068,0.0068,0.0068,,기합의띠
킬라플로르,미끄래곤(히스이),16,69,3.000,2.000,-0.0955,-0.0955,-0.3288,,먹다남은음식
킬라플로르,잠만보,16,70,4.000,1.000,-0.6177,-0.0955,-0.8510,,먹다남은음식
킬라플로르,무장조,16,71,3.000,2.000,-0.0955,0.2118,-0.2646,-0.8236,자뭉열매
킬라플로르,클레스퍼트라,16,72,2.000,2.000,-0.3288,-0.3288,-0.3288,,기합의띠
킬라플로르,창파나이트,16,73,2.000,2.000,0.1379,0.1379,0.1379,,없음
킬라플로르,우츠보트,16,74,3.000,4.000,0.5732,0.9113,0.5732,0.5732,기합의띠
킬라플로르,가라르야도킹,16,75,3.000,2.000,-0.2505,0.2057,-0.2505,,먹다남은음식
킬라플로르,깜까미,16,76,2.000,4.000,0.8534,0.8919,0.8534,0.8514,없음
킬라플로르,엘풍,16,77,1.000,4.000,0.5757,0.5757,0.3424,,기합의띠
킬라플로르,저승갓숭,16,78,3.000,3.000,-0.2624,0.2400,-0.4730,,먹다남은음식
킬라플로르,스트린더(하이),16,79,1.000,3.000,0.7068,0.7068,0.4735,,풍선
킬라플로르,샤미드,16,80,4.000,2.000,-0.3000,0.1986,-0.3000,,먹다남은음식
킬라플로르,사마자르,16,81,2.000,3.000,0.4735,0.7068,0.4735,,기합의띠
킬라플로르,인텔리레온,16,82,2.000,2.000,-0.3288,-0.3288,-0.3288,,없음
킬라플로르,깨비물거미,16,83,2.000,2.000,0.2394,0.4735,0.0060,,자뭉열매
킬라플로르,가디안,16,84,2.000,2.000,0.1379,0.3712,0.1379,-0.6644,기합의띠
킬라플로르,왕구리,16,85,3.000,2.000,-0.0955,0.1379,-0.0955,,없음
킬라플로르,엘레이드,16,86,3.000,1.000,-0.4311,-0.1864,-0.2056,-0.8977,생명의구슬
킬라플로르,브리무음,16,87,2.000,2.000,0.1379,0.3712,0.1379,,기합의띠
킬라플로르,눈여아,16,88,2.000,3.000,0.0068,0.2401,0.0068,-0.3288,기합의띠
킬라플로르,어흥염,16,89,2.000,3.000,0.5076,0.8090,0.4836,,자뭉열매
킬라플로르,마릴리,16,90,2.000,3.000,0.4735,0.7068,0.4735,,자뭉열매
킬라플로르,올리르바,16,91,2.000,1.000,0.0034,0.0969,0.0034,,기합의띠
킬라플로르,스트린더(로우),16,92,1.000,3.000,0.7068,0.7068,0.4735,,풍선
킬라플로르,펜드라,16,93,2.000,2.000,-0.4880,-0.0955,-0.4880,-0.1977,기합의띠
킬라플로르,화염레오,16,94,2.000,2.000,-0.3288,-0.0955,-0.3288,-0.3288,기합의띠
킬라플로르,윈디(히스이),16,95,1.000,2.000,-0.0917,0.3750,-0.3163,,기합의띠
킬라플로르,캥카,16,96,3.000,2.000,-0.5621,0.1379,-0.5621,-0.8977,타입강화
킬라플로르,꿈트렁,16,97,4.000,2.000,-0.3410,-0.1077,-0.5744,,자뭉열매
킬라플로르,에써르(암컷),16,98,3.000,2.000,-0.0955,0.1379,-0.0955,,없음
킬라플로르,후딘,16,99,3.000,2.000,-0.5621,-0.3288,-0.5621,,기합의띠
킬라플로르,드래캄,16,100,2.000,2.000,0.1379,0.1379,0.1379,-0.0955,생명의구슬
대쓰여너,보만다,17,1,3.000,3.000,-0.2573,,-0.2573,-0.2573,구애스카프
대쓰여너,한카리아스,17,2,2.000,2.000,-0.3288,,-0.3288,-0.5621,구애스카프
대쓰여너,누리레느,17,3,3.000,3.000,0.2400,,0.2116,,자뭉열매
대쓰여너,갑주무사,17,4,2.000,3.000,0.4735,,0.2334,0.2400,생명의구슬
대쓰여너,하마돈,17,5,2.000,3.000,0.5967,,0.5967,,자뭉열매
대쓰여너,루카리오,17,6,2.000,3.000,0.0068,,0.0068,0.0068,기합의띠
대쓰여너,드닐레이브,17,7,2.000,2.000,-0.3288,,-0.3288,-0.3288,기합의띠
대쓰여너,브리두라스,17,8,5.000,2.000,-0.7955,,-0.7955,,자뭉열매
대쓰여너,타부자고,17,9,3.000,2.000,-0.2584,,-0.2584,,풍선
대쓰여너,따라큐,17,10,2.000,2.000,-0.3288,,-0.3288,,생명의구슬
대쓰여너,고릴타,17,11,3.000,1.000,-0.8977,,-0.8977,,생명의구슬
대쓰여너,킬가르도,17,12,2.000,1.000,-0.1977,,-0.4311,,먹다남은음식
대쓰여너,마스카나,17,13,3.000,2.000,-0.5621,,-0.5621,,구애스카프
대쓰여너,갸라도스,17,14,2.000,2.000,-0.3288,,-0.3288,-0.5621,울퉁불퉁멧
대쓰여너,아머까오,17,15,3.000,4.000,0.5732,,0.2400,,울퉁불퉁멧
대쓰여너,킬라플로르,17,16,1.000,2.000,-0.0955,,-0.3288,-0.0955,기합의띠
대쓰여너,리자몽,17,18,1.000,2.000,-0.0197,,-0.0197,-0.0955,구애스카프
대쓰여너,포푸니크,17,19,1.000,3.000,0.2401,,0.2401,,없음
대쓰여너,개굴닌자,17,20,2.000,2.000,-0.3288,,-0.3288,-0.5621,기합의띠
대쓰여너,에이스번,17,21,1.000,2.000,-0.0955,,-0.0955,,구애스카프
대쓰여너,알로라 나인테일,17,22,2.000,3.000,0.0068,,0.0068,,없음
대쓰여너,에써르(수컷),17,23,2.000,3.000,0.0068,,0.0068,,구애스카프
대쓰여너,워시로토무,17,24,3.000,2.000,-0.5621,,-0.5621,,먹다남은음식
대쓰여너,불카모스,17,25,1.000,3.000,0.4412,,0.4412,,자뭉열매
대쓰여너,빠르모트,17,26,2.000,1.000,-0.6644,,-0.6644,,기합의띠
대쓰여너,라우드본,17,27,2.000,3.000,0.4685,,0.4571,,자뭉열매
대쓰여너,삼삼드래,17,28,3.000,2.000,-0.5621,,-0.5621,,구애스카프
대쓰여너,메타그로스,17,29,2.000,3.000,0.4735,,0.1379,-0.5621,생명의구슬
대쓰여너,망나뇽,17,30,2.495,3.000,0.0624,,0.0624,-0.3940,없음
대쓰여너,님피아,17,31,2.000,2.000,0.3781,,0.2110,,먹다남은음식
대쓰여너,히트로토무,17,32,1.000,2.000,-0.0955,,-0.0955,,구애스카프
대쓰여너,거북왕,17,33,3.000,3.000,0.0066,,0.0066,0.0066,없음
대쓰여너,대도각참,17,34,3.000,2.000,-0.0955,,-0.0955,,타입강화
대쓰여너,팬텀,17,35,2.000,2.000,-0.3288,,-0.3288,-0.3288,기합의띠
대쓰여너,마폭시,17,36,1.000,3.000,0.2401,,0.0068,0.2401,기합의띠
대쓰여너,엠페르트,17,37,4.000,4.000,0.3019,,0.3019,,없음
대쓰여너,번치코,17,38,1.000,3.000,0.2401,,-0.0955,-0.0955,생명의구슬
대쓰여너,대짱이,17,39,2.000,3.000,0.4735,,0.2400,0.1379,자뭉열매
대쓰여너,라이츄,17,40,2.000,2.000,-0.3288,,-0.3288,-0.6644,구애스카프
대쓰여너,블래키,17,41,3.000,3.000,0.2229,,0.1840,,먹다남은음식
대쓰여너,다크펫,17,42,2.000,2.000,0.1379,,0.1379,-0.1977,기합의띠
대쓰여너,더시마사리,17,43,4.000,8.000,0.8910,,0.7887,,먹다남은음식
대쓰여너,핫삼,17,44,2.000,3.000,0.4079,,0.1965,0.4079,울퉁불퉁멧
대쓰여너,오롱털,17,45,2.000,2.000,0.1379,,0.1379,,없음
대쓰여너,픽시,17,46,2.000,5.000,0.7847,,0.7847,0.7735,먹다남은음식
대쓰여너,카디나르마,17,47,1.000,2.000,0.3712,,0.1379,,기합의띠
대쓰여너,앱솔,17,48,2.000,2.000,0.1379,,0.1379,-0.3288,없음
대쓰여너,찌리배리,17,49,3.000,3.000,0.2332,,0.2332,,먹다남은음식
대쓰여너,맘모꾸리,17,50,1.000,3.000,0.2401,,0.0068,,기합의띠
대쓰여너,파라블레이즈,17,51,1.000,2.000,-0.0955,,-0.3288,,기합의띠
대쓰여너,패리퍼,17,52,2.000,3.000,0.5270,,0.5270,,없음
대쓰여너,찌르호크,17,53,2.000,3.000,-0.2454,,-0.2454,-0.2454,구애스카프
대쓰여너,대검귀,17,54,3.000,2.000,-0.5621,,-0.5621,,타입강화
대쓰여너,마기라스,17,55,1.000,2.000,0.3712,,0.1379,0.1379,먹다남은음식
대쓰여너,이어롭,17,56,2.000,3.000,0.0068,,0.0068,0.0068,자뭉열매
대쓰여너,플라엣테,17,57,2.000,3.000,-0.1805,,-0.1805,-0.1805,구애스카프
대쓰여너,배바닐라,17,58,2.000,5.000,0.6780,,0.6780,,타입강화
대쓰여너,드래펄트,17,59,2.000,2.000,-0.3288,,-0.6644,,생명의구슬
대쓰여너,입치트,17,60,2.000,3.000,0.4735,,0.4735,0.4735,기합의띠
대쓰여너,메가니움,17,61,4.000,2.000,-0.7252,,-0.7252,-0.8263,기합의띠
대쓰여너,메타몽,17,62,1.000,3.000,0.7068,,0.2401,,구애스카프
대쓰여너,이상해꽃,17,63,3.000,3.000,-0.2624,,-0.2624,-0.4972,생명의구슬
대쓰여너,밀로틱,17,64,4.000,8.000,0.8902,,0.8902,,먹다남은음식
대쓰여너,스코빌런,17,65,2.000,2.000,0.2040,,0.2040,-0.1977,먹다남은음식
대쓰여너,아쿠스타,17,66,2.000,4.000,0.3424,,0.3424,0.3424,기합의띠
대쓰여너,몰드류,17,67,1.000,3.000,0.2401,,0.2401,-0.0955,구애스카프
대쓰여너,조로아크(히스이),17,68,2.000,2.000,-0.3288,,-0.3288,,기합의띠
대쓰여너,미끄래곤(히스이),17,69,4.000,3.000,0.0043,,-0.2313,,먹다남은음식
대쓰여너,잠만보,17,70,2.000,4.000,0.8536,,0.8536,,먹다남은음식
대쓰여너,무장조,17,71,3.000,4.000,0.4801,,0.2266,-0.2548,자뭉열매
대쓰여너,클레스퍼트라,17,72,2.000,3.000,0.0068,,0.0068,,기합의띠
대쓰여너,창파나이트,17,73,2.000,2.000,0.1379,,0.1379,,없음
대쓰여너,우츠보트,17,74,3.000,3.000,0.2400,,0.2400,-0.0955,기합의띠
대쓰여너,가라르야도킹,17,75,2.000,4.000,0.7095,,0.7095,,먹다남은음식
대쓰여너,깜까미,17,76,2.000,2.000,0.2835,,0.2835,0.1822,없음
대쓰여너,엘풍,17,77,3.000,2.000,-0.5621,,-0.5621,,기합의띠
대쓰여너,저승갓숭,17,78,2.000,3.000,0.0068,,-0.2019,,먹다남은음식
대쓰여너,스트린더(하이),17,79,2.000,2.000,0.1379,,0.1379,,풍선
대쓰여너,샤미드,17,80,4.000,8.000,0.9036,,0.9036,,먹다남은음식
대쓰여너,사마자르,17,81,1.000,3.000,0.2401,,0.0068,,기합의띠
대쓰여너,인텔리레온,17,82,2.000,3.000,0.0068,,0.0068,,없음
대쓰여너,깨비물거미,17,83,2.000,8.000,1.0000,,1.0000,,자뭉열매
대쓰여너,가디안,17,84,2.000,2.000,-0.3288,,-0.3288,-0.3288,기합의띠
대쓰여너,왕구리,17,85,3.000,5.000,0.9065,,0.9065,,없음
대쓰여너,엘레이드,17,86,2.000,2.000,-0.3175,,-0.3288,-0.3288,생명의구슬
대쓰여너,브리무음,17,87,2.000,3.000,0.4735,,0.4735,,기합의띠
대쓰여너,눈여아,17,88,1.000,2.000,-0.0955,,-0.3288,-0.0955,기합의띠
대쓰여너,어흥염,17,89,2.000,2.000,0.1379,,0.1379,,자뭉열매
대쓰여너,마릴리,17,90,3.000,5.000,0.5079,,0.2442,,자뭉열매
대쓰여너,올리르바,17,91,3.000,2.000,-0.0955,,-0.0955,,기합의띠
대쓰여너,스트린더(로우),17,92,2.000,2.000,0.1379,,0.1379,,풍선
대쓰여너,펜드라,17,93,2.000,5.000,0.5188,,0.5188,0.8090,기합의띠
대쓰여너,화염레오,17,94,1.000,3.000,0.2401,,0.0068,0.2401,기합의띠
대쓰여너,윈디(히스이),17,95,1.000,2.000,-0.0830,,-0.3163,,기합의띠
대쓰여너,캥카,17,96,2.000,3.000,0.0068,,0.0068,-0.0293,타입강화
대쓰여너,꿈트렁,17,97,2.000,5.000,0.9111,,0.9065,,자뭉열매
대쓰여너,에써르(암컷),17,98,2.000,4.000,0.3424,,0.3424,,없음
대쓰여너,후딘,17,99,1.000,2.000,-0.0955,,-0.3288,,기합의띠
대쓰여너,드래캄,17,100,2.000,2.000,0.1379,,0.1379,-0.0955,생명의구슬
리자몽,보만다,18,1,4.000,3.000,-0.2787,-0.2477,-0.5120,-0.7260,구애스카프
리자몽,한카리아스,18,2,3.000,2.000,-0.6148,-0.3057,-0.6148,-0.6413,구애스카프
리자몽,누리레느,18,3,2.000,2.000,0.0634,0.1406,-0.1482,,자뭉열매
리자몽,갑주무사,18,4,2.000,3.000,0.4817,0.5492,0.2726,0.8321,생명의구슬
리자몽,하마돈,18,5,2.000,2.000,0.1951,0.3173,0.1951,,자뭉열매
리자몽,루카리오,18,6,1.000,4.000,0.8321,0.8522,0.8321,0.1874,기합의띠
리자몽,드닐레이브,18,7,3.000,2.000,-0.0729,0.1609,-0.0729,-0.1482,기합의띠
리자몽,브리두라스,18,8,2.000,2.000,0.0852,0.2136,-0.0955,,자뭉열매
리자몽,타부자고,18,9,2.000,2.000,0.1133,0.2462,0.1133,,풍선
리자몽,따라큐,18,10,2.000,4.000,0.7394,0.8283,0.4578,,생명의구슬
리자몽,고릴타,18,11,1.000,6.000,0.9313,0.9313,0.8321,,생명의구슬
리자몽,킬가르도,18,12,2.000,2.000,0.2136,0.3943,0.2136,,먹다남은음식
리자몽,마스카나,18,13,1.000,2.000,-0.0724,-0.0197,-0.0724,,구애스카프
리자몽,갸라도스,18,14,3.000,2.000,-0.1482,0.0852,-0.1482,-0.1482,울퉁불퉁멧
리자몽,아머까오,18,15,2.000,4.000,0.8321,0.8321,0.5492,,울퉁불퉁멧
리자몽,킬라플로르,18,16,4.000,1.000,-0.5365,-0.4080,-0.5365,-0.8977,기합의띠
리자몽,대쓰여너,18,17,2.000,1.000,-0.2504,-0.1977,-0.7171,,구애스카프
리자몽,포푸니크,18,19,2.000,2.000,-0.6413,-0.5886,-0.6413,,없음
리자몽,개굴닌자,18,20,2.000,2.000,-0.3288,-0.1482,-0.3288,-0.5886,기합의띠
리자몽,에이스번,18,21,4.000,2.000,-0.5781,-0.5396,-0.5781,,구애스카프
리자몽,알로라 나인테일,18,22,2.000,3.000,0.2632,0.5988,0.2632,,없음
리자몽,에써르(수컷),18,23,2.000,3.000,0.4960,0.8321,0.0293,,구애스카프
리자몽,워시로토무,18,24,2.000,2.000,0.0852,0.1379,0.0852,,먹다남은음식
리자몽,불카모스,18,25,3.000,5.000,0.6412,0.9716,0.3533,,자뭉열매
리자몽,빠르모트,18,26,2.000,1.000,-0.6413,-0.5886,-0.6413,,기합의띠
리자몽,라우드본,18,27,5.000,5.000,0.2351,0.5882,-0.0229,,자뭉열매
리자몽,삼삼드래,18,28,3.000,2.000,0.1609,0.1609,-0.3057,,구애스카프
리자몽,메타그로스,18,29,2.000,3.000,0.3943,0.3943,0.3943,-0.2530,생명의구슬
리자몽,망나뇽,18,30,3.495,3.000,0.0902,0.4097,0.0902,-0.4039,없음
리자몽,님피아,18,31,3.000,4.000,0.4947,0.8826,0.2905,,먹다남은음식
리자몽,히트로토무,18,32,4.000,2.000,-0.3815,-0.0729,-0.7955,,구애스카프
리자몽,거북왕,18,33,2.000,1.000,-0.1746,0.1379,-0.1746,-0.2504,없음
리자몽,대도각참,18,34,2.000,3.000,0.7299,0.7299,0.3943,,타입강화
리자몽,팬텀,18,35,2.000,3.000,0.0293,0.0826,0.0293,-0.3057,기합의띠
리자몽,마폭시,18,36,4.000,3.000,-0.4751,-0.0767,-0.4751,-0.7588,기합의띠
리자몽,엠페르트,18,37,3.000,2.000,-0.0973,0.0669,-0.0973,,없음
리자몽,번치코,18,38,2.000,1.000,-0.1219,-0.1219,-0.1977,-0.4838,생명의구슬
리자몽,대짱이,18,39,1.000,2.000,0.0587,0.1114,-0.1219,0.0587,자뭉열매
리자몽,라이츄,18,40,2.000,2.000,-0.3815,-0.3288,-0.3815,-0.6413,구애스카프
리자몽,블래키,18,41,4.000,5.000,0.5871,0.8910,0.3643,,먹다남은음식
리자몽,다크펫,18,42,2.000,3.000,0.2136,0.2136,0.2136,0.1609,기합의띠
리자몽,더시마사리,18,43,5.000,3.000,-0.2699,-0.0336,-0.4692,,먹다남은음식
리자몽,핫삼,18,44,1.000,4.000,0.7887,0.7887,0.7887,0.7887,울퉁불퉁멧
리자몽,오롱털,18,45,2.000,3.000,0.4960,0.5492,0.4960,,없음
리자몽,픽시,18,46,3.000,8.000,0.9556,0.9731,0.8767,0.7876,먹다남은음식
리자몽,카디나르마,18,47,4.000,3.000,0.0275,0.3095,0.0275,,기합의띠
리자몽,앱솔,18,48,2.000,1.000,-0.1219,-0.1219,-0.1219,-0.6644,없음
리자몽,찌리배리,18,49,4.000,3.000,-0.1104,0.2480,-0.3323,,먹다남은음식
리자몽,맘모꾸리,18,50,2.000,1.000,-0.1219,0.0587,-0.1219,,기합의띠
리자몽,파라블레이즈,18,51,4.000,3.000,-0.3068,-0.0729,-0.3068,,기합의띠
리자몽,패리퍼,18,52,2.000,2.000,0.1415,0.1830,0.1415,,없음
리자몽,찌르호크,18,53,3.000,3.000,0.0037,0.2110,-0.2296,-0.2296,구애스카프
리자몽,대검귀,18,54,2.000,2.000,0.2136,0.2136,0.2136,,타입강화
리자몽,마기라스,18,55,2.000,1.000,-0.2504,-0.1977,-0.4838,-0.4311,먹다남은음식
리자몽,이어롭,18,56,2.000,3.000,-0.3057,-0.2530,-0.5396,-0.3815,자뭉열매
리자몽,플라엣테,18,57,3.000,4.000,0.7257,0.8685,0.2619,-0.1885,구애스카프
리자몽,배바닐라,18,58,1.000,3.000,0.6541,0.7299,0.3943,,타입강화
리자몽,드래펄트,18,59,2.000,3.000,-0.3057,-0.0459,-0.3057,,생명의구슬
리자몽,입치트,18,60,1.000,3.000,0.7299,0.7299,0.5492,0.7299,기합의띠
리자몽,메가니움,18,61,2.000,3.000,0.4110,0.5969,0.4110,0.1540,기합의띠
리자몽,메타몽,18,62,2.000,5.000,0.8522,0.8522,0.8522,,구애스카프
리자몽,이상해꽃,18,63,2.000,4.000,0.7453,0.8967,0.4951,0.5503,생명의구슬
리자몽,밀로틱,18,64,4.000,3.000,0.2087,0.2536,0.0102,,먹다남은음식
리자몽,스코빌런,18,65,2.000,5.000,0.9089,0.9313,0.9078,0.8311,먹다남은음식
리자몽,아쿠스타,18,66,2.000,2.000,-0.2530,-0.2530,-0.2530,-0.3815,기합의띠
리자몽,몰드류,18,67,1.000,1.000,0.0587,0.1114,-0.4080,-0.4080,구애스카프
리자몽,조로아크(히스이),18,68,2.000,3.000,0.0826,0.3390,0.0826,,기합의띠
리자몽,미끄래곤(히스이),18,69,3.000,2.000,-0.0729,0.3152,-0.2921,,먹다남은음식
리자몽,잠만보,18,70,5.000,2.000,-0.5854,-0.4291,-0.7739,,먹다남은음식
리자몽,무장조,18,71,2.000,4.000,0.7542,0.7542,0.7542,0.0399,자뭉열매
리자몽,클레스퍼트라,18,72,2.000,4.000,0.3272,0.4909,0.3272,,기합의띠
리자몽,창파나이트,18,73,2.000,3.000,0.5492,0.5492,0.5492,,없음
리자몽,우츠보트,18,74,2.000,4.000,0.8321,0.8321,0.8321,0.5492,기합의띠
리자몽,가라르야도킹,18,75,4.000,4.000,0.2854,0.7366,0.2374,,먹다남은음식
리자몽,깜까미,18,76,2.000,4.000,0.7275,0.8304,0.7275,0.5607,없음
리자몽,엘풍,18,77,1.000,7.000,1.0000,1.0000,1.0000,,기합의띠
리자몽,저승갓숭,18,78,3.000,2.000,-0.0481,0.1609,-0.0714,,먹다남은음식
리자몽,스트린더(하이),18,79,2.000,2.000,0.0852,0.2136,0.0852,,풍선
리자몽,샤미드,18,80,3.000,2.000,-0.1095,0.2426,-0.2872,,먹다남은음식
리자몽,사마자르,18,81,2.000,1.000,-0.1746,-0.1219,-0.1746,,기합의띠
리자몽,인텔리레온,18,82,2.000,2.000,-0.3288,-0.0724,-0.3288,,없음
리자몽,깨비물거미,18,83,3.000,2.000,0.0901,0.1609,-0.0729,,자뭉열매
리자몽,가디안,18,84,2.000,2.000,0.1609,0.4960,0.1609,-0.0724,기합의띠
리자몽,왕구리,18,85,2.000,2.000,0.1609,0.2136,0.1609,,없음
리자몽,엘레이드,18,86,2.000,3.000,0.4899,0.5474,0.1722,-0.0495,생명의구슬
리자몽,브리무음,18,87,3.000,3.000,0.4056,0.5463,0.4056,,기합의띠
리자몽,눈여아,18,88,1.000,3.000,0.2632,0.3159,0.0826,-0.0724,기합의띠
리자몽,어흥염,18,89,4.000,3.000,0.0061,0.2311,-0.2285,,자뭉열매
리자몽,마릴리,18,90,2.000,3.000,0.1156,0.2136,-0.1177,,자뭉열매
리자몽,올리르바,18,91,2.000,3.000,0.5492,0.8004,0.5492,,기합의띠
리자몽,스트린더(로우),18,92,2.000,2.000,0.0852,0.2136,0.0852,,풍선
리자몽,펜드라,18,93,1.000,2.000,-0.1482,-0.0955,-0.3288,0.1003,기합의띠
리자몽,화염레오,18,94,3.000,3.000,-0.2125,0.1129,-0.2125,-0.4560,기합의띠
리자몽,윈디(히스이),18,95,4.000,1.000,-0.7238,-0.4925,-0.7238,,기합의띠
리자몽,캥카,18,96,3.000,2.000,0.1248,0.1609,0.1248,-0.3063,타입강화
리자몽,꿈트렁,18,97,1.000,3.000,0.4578,0.4606,0.4079,,자뭉열매
리자몽,에써르(암컷),18,98,3.000,4.000,0.4960,0.8311,0.4960,,없음
리자몽,후딘,18,99,2.000,3.000,-0.0014,0.0826,-0.0014,,기합의띠
리자몽,드래캄,18,100,2.000,2.000,0.1609,0.1609,0.0852,0.0852,생명의구슬
포푸니크,보만다,19,1,5.000,2.000,-0.4923,,-0.7955,-0.8279,구애스카프
포푸니크,한카리아스,19,2,3.000,1.000,-0.4311,,-0.8977,-0.3288,구애스카프
포푸니크,누리레느,19,3,2.000,3.000,0.4735,,0.4735,,자뭉열매
포푸니크,갑주무사,19,4,3.000,2.000,-0.1619,,-0.0955,0.1379,생명의구슬
포푸니크,하마돈,19,5,3.000,2.000,-0.3935,,-0.6269,,자뭉열매
포푸니크,루카리오,19,6,1.000,2.000,0.3712,,0.1379,0.3712,기합의띠
포푸니크,드닐레이브,19,7,2.000,2.000,0.1379,,0.1379,0.1379,기합의띠
포푸니크,브리두라스,19,8,2.000,2.000,0.1379,,0.1379,,자뭉열매
포푸니크,타부자고,19,9,3.000,3.000,0.0673,,0.0673,,풍선
포푸니크,따라큐,19,10,2.000,3.000,0.4561,,0.1627,,생명의구슬
포푸니크,고릴타,19,11,2.000,2.000,0.1379,,0.1379,,생명의구슬
포푸니크,킬가르도,19,12,3.000,2.000,-0.0955,,-0.0955,,먹다남은음식
포푸니크,마스카나,19,13,1.000,2.000,-0.0955,,-0.0955,,구애스카프
포푸니크,갸라도스,19,14,4.000,2.000,-0.3288,,-0.3288,0.1379,울퉁불퉁멧
포푸니크,아머까오,19,15,4.000,2.000,-0.3288,,-0.3288,,울퉁불퉁멧
포푸니크,킬라플로르,19,16,2.000,2.000,0.1379,,0.1379,-0.0955,기합의띠
포푸니크,대쓰여너,19,17,3.000,1.000,-0.4311,,-0.8977,,구애스카프
포푸니크,리자몽,19,18,2.000,2.000,0.3943,,-0.0724,0.3185,구애스카프
포푸니크,개굴닌자,19,20,1.000,3.000,0.2401,,0.0068,-0.0955,기합의띠
포푸니크,에이스번,19,21,2.000,1.000,-0.1977,,-0.6644,,구애스카프
포푸니크,알로라 나인테일,19,22,2.000,3.000,0.4735,,0.4735,,없음
포푸니크,에써르(수컷),19,23,2.000,1.000,-0.1977,,-0.6644,,구애스카프
포푸니크,워시로토무,19,24,2.000,3.000,0.4735,,0.4735,,먹다남은음식
포푸니크,불카모스,19,25,2.000,1.000,0.0969,,0.0033,,자뭉열매
포푸니크,빠르모트,19,26,2.000,2.000,0.1379,,0.1379,,기합의띠
포푸니크,라우드본,19,27,4.000,3.000,0.1292,,-0.0950,,자뭉열매
포푸니크,삼삼드래,19,28,1.000,2.000,0.3712,,-0.0955,,구애스카프
포푸니크,메타그로스,19,29,3.000,1.000,-0.4311,,-0.4311,-0.4311,생명의구슬
포푸니크,망나뇽,19,30,3.495,2.000,-0.3299,,-0.3299,-0.3311,없음
포푸니크,님피아,19,31,2.000,2.000,0.1379,,0.1379,,먹다남은음식
포푸니크,히트로토무,19,32,2.000,2.000,0.1379,,-0.3288,,구애스카프
포푸니크,거북왕,19,33,2.000,2.000,0.1379,,0.1379,-0.0955,없음
포푸니크,대도각참,19,34,1.000,3.000,0.7068,,0.7068,,타입강화
포푸니크,팬텀,19,35,2.000,3.000,0.4735,,0.4735,0.0068,기합의띠
포푸니크,마폭시,19,36,2.000,1.000,-0.1977,,-0.1977,-0.6644,기합의띠
포푸니크,엠페르트,19,37,1.000,3.000,0.6798,,0.6798,,없음
포푸니크,번치코,19,38,2.000,2.000,0.1379,,0.1379,0.1379,생명의구슬
포푸니크,대짱이,19,39,2.000,1.000,-0.1977,,-0.4311,-0.4311,자뭉열매
포푸니크,라이츄,19,40,2.000,3.000,0.4735,,0.0068,-0.3288,구애스카프
포푸니크,블래키,19,41,2.000,8.000,1.0000,,1.0000,,먹다남은음식
포푸니크,다크펫,19,42,2.000,2.000,0.1379,,0.1379,0.1379,기합의띠
포푸니크,더시마사리,19,43,6.000,5.000,0.3438,,-0.1600,,먹다남은음식
포푸니크,핫삼,19,44,2.000,2.000,0.1379,,-0.0049,-0.0049,울퉁불퉁멧
포푸니크,오롱털,19,45,2.000,3.000,0.4735,,0.4735,,없음
포푸니크,픽시,19,46,2.000,4.000,0.7735,,0.7735,0.2647,먹다남은음식
포푸니크,카디나르마,19,47,3.000,1.000,-0.4311,,-0.4311,,기합의띠
포푸니크,앱솔,19,48,1.000,1.000,0.0356,,0.0356,-0.8977,없음
포푸니크,찌리배리,19,49,3.000,4.000,0.5513,,0.4448,,먹다남은음식
포푸니크,맘모꾸리,19,50,1.000,1.000,0.0356,,-0.1977,,기합의띠
포푸니크,파라블레이즈,19,51,2.000,2.000,0.1379,,0.1379,,기합의띠
포푸니크,패리퍼,19,52,3.000,2.000,-0.0955,,-0.0955,,없음
포푸니크,찌르호크,19,53,3.000,1.000,-0.3475,,-0.8142,-0.8123,구애스카프
포푸니크,대검귀,19,54,1.000,3.000,0.7068,,0.7068,,타입강화
포푸니크,마기라스,19,55,1.000,2.000,0.3712,,0.3712,0.3712,먹다남은음식
포푸니크,이어롭,19,56,1.000,2.000,0.3712,,0.3712,-0.0955,자뭉열매
포푸니크,플라엣테,19,57,2.000,1.000,-0.0494,,-0.5161,-0.0494,구애스카프
포푸니크,배바닐라,19,58,1.000,3.000,0.7068,,0.3712,,타입강화
포푸니크,드래펄트,19,59,2.000,2.000,-0.3288,,-0.3288,,생명의구슬
포푸니크,입치트,19,60,3.000,1.000,-0.4311,,-0.4311,-0.1977,기합의띠
포푸니크,메가니움,19,61,2.000,3.000,0.7080,,0.7080,0.4427,기합의띠
포푸니크,메타몽,19,62,1.000,4.000,0.8090,,0.8090,,구애스카프
포푸니크,이상해꽃,19,63,3.000,3.000,0.1227,,0.2043,-0.1767,생명의구슬
포푸니크,밀로틱,19,64,3.000,5.000,0.9041,,0.9036,,먹다남은음식
포푸니크,스코빌런,19,65,2.000,2.000,0.1379,,0.1379,0.1379,먹다남은음식
포푸니크,아쿠스타,19,66,2.000,1.000,-0.1977,,-0.1977,-0.4311,기합의띠
포푸니크,몰드류,19,67,1.000,1.000,0.0356,,-0.4311,-0.1977,구애스카프
포푸니크,조로아크(히스이),19,68,2.000,3.000,0.4735,,0.4735,,기합의띠
포푸니크,미끄래곤(히스이),19,69,1.000,2.000,0.3712,,0.1379,,먹다남은음식
포푸니크,잠만보,19,70,2.000,2.000,0.1379,,0.1379,,먹다남은음식
포푸니크,무장조,19,71,3.000,2.000,-0.3570,,-0.3570,-0.3668,자뭉열매
포푸니크,클레스퍼트라,19,72,2.000,1.000,-0.1977,,-0.1977,,기합의띠
포푸니크,창파나이트,19,73,2.000,2.000,0.1379,,0.1379,,없음
포푸니크,우츠보트,19,74,3.000,6.000,0.9932,,0.9932,0.9065,기합의띠
포푸니크,가라르야도킹,19,75,3.000,1.000,-0.4311,,-0.5861,,먹다남은음식
포푸니크,깜까미,19,76,4.000,6.000,0.9057,,0.9057,0.6167,없음
포푸니크,엘풍,19,77,1.000,3.000,0.7068,,0.4735,,기합의띠
포푸니크,저승갓숭,19,78,3.000,4.000,0.5732,,0.4714,,먹다남은음식
포푸니크,스트린더(하이),19,79,4.000,2.000,-0.3288,,-0.3288,,풍선
포푸니크,샤미드,19,80,3.000,4.000,0.5609,,0.5488,,먹다남은음식
포푸니크,사마자르,19,81,2.000,5.000,0.9113,,0.9113,,기합의띠
포푸니크,인텔리레온,19,82,2.000,3.000,0.2401,,0.2401,,없음
포푸니크,깨비물거미,19,83,3.000,4.000,0.3408,,0.3408,,자뭉열매
포푸니크,가디안,19,84,2.000,1.000,-0.1977,,-0.1977,-0.1977,기합의띠
포푸니크,왕구리,19,85,2.000,2.000,0.1379,,0.1379,,없음
포푸니크,엘레이드,19,86,2.000,1.000,-0.2056,,-0.1977,-0.4311,생명의구슬
포푸니크,브리무음,19,87,2.000,1.000,-0.1977,,-0.1977,,기합의띠
포푸니크,눈여아,19,88,2.000,3.000,0.4735,,0.4735,-0.0955,기합의띠
포푸니크,어흥염,19,89,2.000,2.000,0.1379,,0.1141,,자뭉열매
포푸니크,마릴리,19,90,2.000,4.000,0.8090,,0.8090,,자뭉열매
포푸니크,올리르바,19,91,2.000,2.000,0.2314,,0.1379,,기합의띠
포푸니크,스트린더(로우),19,92,4.000,2.000,-0.3288,,-0.3288,,풍선
포푸니크,펜드라,19,93,3.000,2.000,0.0152,,0.0152,-0.2181,기합의띠
포푸니크,화염레오,19,94,1.000,2.000,0.3712,,0.1379,-0.0955,기합의띠
포푸니크,윈디(히스이),19,95,1.000,1.000,0.0394,,-0.1852,,기합의띠
포푸니크,캥카,19,96,1.000,2.000,0.3351,,0.3351,0.1379,타입강화
포푸니크,꿈트렁,19,97,2.000,2.000,0.1379,,0.1379,,자뭉열매
포푸니크,에써르(암컷),19,98,2.000,1.000,-0.1977,,-0.1977,,없음
포푸니크,후딘,19,99,2.000,1.000,-0.4311,,-0.4311,,기합의띠
포푸니크,드래캄,19,100,4.000,2.000,-0.3288,,-0.0955,-0.3288,생명의구슬
개굴닌자,보만다,20,1,1.000,2.000,0.4428,0.6063,-0.0238,0.2077,구애스카프
개굴닌자,한카리아스,20,2,1.000,2.000,0.3712,0.3712,-0.0955,-0.3288,구애스카프
개굴닌자,누리레느,20,3,2.000,1.000,-0.1573,0.1379,-0.3906,,자뭉열매
개굴닌자,갑주무사,20,4,3.000,1.000,-0.4975,-0.3355,-0.4311,-0.4975,생명의구슬
개굴닌자,하마돈,20,5,2.000,3.000,0.2611,0.6211,0.1754,,자뭉열매
개굴닌자,루카리오,20,6,2.000,1.000,-0.1977,-0.1977,-0.1977,-0.1977,기합의띠
개굴닌자,드닐레이브,20,7,4.000,2.000,-0.3288,-0.0955,-0.3288,-0.3288,기합의띠
개굴닌자,브리두라스,20,8,3.000,2.000,-0.0955,0.1379,-0.0955,,자뭉열매
개굴닌자,타부자고,20,9,3.000,2.000,-0.0230,0.1379,-0.0230,,풍선
개굴닌자,따라큐,20,10,3.000,2.000,-0.0955,0.1206,-0.1902,,생명의구슬
개굴닌자,고릴타,20,11,2.000,1.000,-0.1977,-0.1977,-0.1977,,생명의구슬
개굴닌자,킬가르도,20,12,2.000,2.000,0.1379,0.1379,-0.0955,,먹다남은음식
개굴닌자,마스카나,20,13,1.000,2.000,-0.0955,0.3712,-0.0955,,구애스카프
개굴닌자,갸라도스,20,14,4.000,2.000,-0.3288,-0.0955,-0.3288,-0.4311,울퉁불퉁멧
개굴닌자,아머까오,20,15,4.000,3.000,0.0043,0.2400,0.0043,,울퉁불퉁멧
개굴닌자,킬라플로르,20,16,2.000,2.000,0.1379,0.3712,0.1379,0.1379,기합의띠
개굴닌자,대쓰여너,20,17,2.000,2.000,0.1379,0.4735,-0.3288,,구애스카프
개굴닌자,리자몽,20,18,2.000,2.000,0.1379,0.3185,-0.3288,-0.1219,구애스카프
개굴닌자,포푸니크,20,19,3.000,1.000,-0.4311,-0.1977,-0.4311,,없음
개굴닌자,에이스번,20,21,2.000,1.000,-0.1977,0.0356,-0.6644,,구애스카프
개굴닌자,알로라 나인테일,20,22,2.000,2.000,0.1379,0.1379,0.1379,,없음
개굴닌자,에써르(수컷),20,23,2.000,2.000,0.1379,0.1379,-0.3288,,구애스카프
개굴닌자,워시로토무,20,24,3.000,2.000,-0.0955,0.1379,-0.0955,,먹다남은음식
개굴닌자,불카모스,20,25,2.000,2.000,0.0033,0.1379,-0.1365,,자뭉열매
개굴닌자,빠르모트,20,26,2.000,1.000,-0.1977,-0.1977,-0.1977,,기합의띠
개굴닌자,라우드본,20,27,2.000,3.000,0.4571,0.4848,0.2350,,자뭉열매
개굴닌자,삼삼드래,20,28,2.000,2.000,0.1379,0.1379,-0.3288,,구애스카프
개굴닌자,메타그로스,20,29,2.000,2.000,0.1379,0.1379,-0.1977,0.1379,생명의구슬
개굴닌자,망나뇽,20,30,2.495,2.000,0.3078,0.4268,0.3078,0.1356,없음
개굴닌자,님피아,20,31,3.000,1.000,-0.3648,-0.3648,-0.5981,,먹다남은음식
개굴닌자,히트로토무,20,32,2.000,2.000,0.1379,0.3712,-0.3288,,구애스카프
개굴닌자,거북왕,20,33,3.000,3.000,0.2400,0.4735,0.2400,-0.0955,없음
개굴닌자,대도각참,20,34,3.000,2.000,-0.0955,-0.0955,-0.0955,,타입강화
개굴닌자,팬텀,20,35,2.000,2.000,0.1379,0.1379,0.1379,-0.6644,기합의띠
개굴닌자,마폭시,20,36,2.000,2.000,0.1379,0.1379,0.1379,-0.3288,기합의띠
개굴닌자,엠페르트,20,37,3.000,3.000,0.2472,0.2785,0.2472,,없음
개굴닌자,번치코,20,38,1.000,1.000,0.0356,0.0356,0.0356,-0.1977,생명의구슬
개굴닌자,대짱이,20,39,2.000,2.000,0.1379,0.7068,0.1379,0.1379,자뭉열매
개굴닌자,라이츄,20,40,2.000,1.000,-0.1977,0.1379,-0.6644,-0.6644,구애스카프
개굴닌자,블래키,20,41,4.000,8.000,0.9080,0.9943,0.8228,,먹다남은음식
개굴닌자,다크펫,20,42,2.000,3.000,0.4735,0.7068,0.4735,0.1379,기합의띠
개굴닌자,더시마사리,20,43,4.000,9.000,0.8910,0.9932,0.7887,,먹다남은음식
개굴닌자,핫삼,20,44,3.000,2.000,-0.2382,0.0038,-0.2382,-0.3723,울퉁불퉁멧
개굴닌자,오롱털,20,45,2.000,2.000,0.1379,0.1379,0.1379,,없음
개굴닌자,픽시,20,46,3.000,2.000,-0.0708,0.1379,-0.0708,-0.1063,먹다남은음식
개굴닌자,카디나르마,20,47,2.000,2.000,0.1379,0.3712,0.1379,,기합의띠
개굴닌자,앱솔,20,48,2.000,2.000,0.1379,0.1379,0.1379,-0.6644,없음
개굴닌자,찌리배리,20,49,4.000,2.000,-0.3134,-0.0955,-0.5314,,먹다남은음식
개굴닌자,맘모꾸리,20,50,2.000,2.000,0.1379,0.3712,0.1379,,기합의띠
개굴닌자,파라블레이즈,20,51,2.000,2.000,0.1379,0.1379,0.1379,,기합의띠
개굴닌자,패리퍼,20,52,3.000,3.000,0.2400,0.4894,0.2400,,없음
개굴닌자,찌르호크,20,53,2.000,2.000,0.1379,0.1806,-0.3288,-0.3884,구애스카프
개굴닌자,대검귀,20,54,2.000,2.000,0.1379,0.1379,0.1379,,타입강화
개굴닌자,마기라스,20,55,2.000,2.000,0.1379,0.1379,0.1379,-0.1977,먹다남은음식
개굴닌자,이어롭,20,56,3.000,2.000,-0.0955,0.1379,-0.0955,-0.8977,자뭉열매
개굴닌자,플라엣테,20,57,3.000,1.000,-0.3009,-0.0494,-0.7675,-0.3009,구애스카프
개굴닌자,배바닐라,20,58,3.000,4.000,0.5732,0.8090,0.5732,,타입강화
개굴닌자,드래펄트,20,59,2.000,2.000,-0.3288,-0.0955,-0.3288,,생명의구슬
개굴닌자,입치트,20,60,2.000,2.000,0.1379,0.1379,0.1379,0.1379,기합의띠
개굴닌자,메가니움,20,61,2.000,2.000,-0.0252,0.1379,-0.0252,0.1071,기합의띠
개굴닌자,메타몽,20,62,2.000,3.000,0.4735,0.4735,0.4735,,구애스카프
개굴닌자,이상해꽃,20,63,2.000,2.000,0.2043,0.3562,0.1379,-0.4806,생명의구슬
개굴닌자,밀로틱,20,64,4.000,3.000,0.0038,0.3024,-0.2319,,먹다남은음식
개굴닌자,스코빌런,20,65,2.000,1.000,-0.1977,0.0356,-0.1977,-0.1977,먹다남은음식
개굴닌자,아쿠스타,20,66,2.000,6.000,1.0000,1.0000,1.0000,0.9113,기합의띠
개굴닌자,몰드류,20,67,2.000,2.000,0.1379,0.3712,-0.3288,0.1379,구애스카프
개굴닌자,조로아크(히스이),20,68,2.000,2.000,0.1379,0.3712,0.1379,,기합의띠
개굴닌자,미끄래곤(히스이),20,69,4.000,2.000,-0.3288,-0.0955,-0.5621,,먹다남은음식
개굴닌자,잠만보,20,70,4.000,3.000,-0.1034,0.0043,-0.3389,,먹다남은음식
개굴닌자,무장조,20,71,3.000,2.000,0.2118,0.2118,-0.0232,-0.2646,자뭉열매
개굴닌자,클레스퍼트라,20,72,2.000,2.000,0.1379,0.1379,0.1379,,기합의띠
개굴닌자,창파나이트,20,73,2.000,1.000,-0.1977,-0.1977,-0.1977,,없음
개굴닌자,우츠보트,20,74,2.000,2.000,0.1379,0.1379,0.1379,0.1379,기합의띠
개굴닌자,가라르야도킹,20,75,3.000,3.000,0.3183,0.5398,0.0834,,먹다남은음식
개굴닌자,깜까미,20,76,2.000,6.000,0.9971,1.0000,0.9971,0.8998,없음
개굴닌자,엘풍,20,77,1.000,2.000,0.3712,0.3712,0.1379,,기합의띠
개굴닌자,저승갓숭,20,78,4.000,1.000,-0.6396,-0.4311,-0.6644,,먹다남은음식
개굴닌자,스트린더(하이),20,79,2.000,2.000,0.1379,0.3712,-0.0955,,풍선
개굴닌자,샤미드,20,80,4.000,6.000,0.7721,0.8929,0.7350,,먹다남은음식
개굴닌자,사마자르,20,81,1.000,2.000,0.3712,0.3712,0.1379,,기합의띠
개굴닌자,인텔리레온,20,82,2.000,4.000,0.8090,0.8090,0.8090,,없음
개굴닌자,깨비물거미,20,83,4.000,2.000,-0.3288,-0.1661,-0.5621,,자뭉열매
개굴닌자,가디안,20,84,2.000,1.000,-0.1977,0.1379,-0.1977,-0.1977,기합의띠
개굴닌자,왕구리,20,85,3.000,4.000,0.5732,0.9113,0.5732,,없음
개굴닌자,엘레이드,20,86,3.000,1.000,-0.4198,-0.0955,-0.4311,-0.4311,생명의구슬
개굴닌자,브리무음,20,87,2.000,2.000,0.1379,0.1379,0.1379,,기합의띠
개굴닌자,눈여아,20,88,2.000,3.000,0.4735,0.4735,0.4735,0.1379,기합의띠
개굴닌자,어흥염,20,89,2.000,2.000,0.1379,0.1379,0.1379,,자뭉열매
개굴닌자,마릴리,20,90,2.000,2.000,0.1379,0.1379,0.1379,,자뭉열매
개굴닌자,올리르바,20,91,2.000,2.000,0.1379,0.1379,0.1379,,기합의띠
개굴닌자,스트린더(로우),20,92,2.000,2.000,0.1379,0.3712,-0.0955,,풍선
개굴닌자,펜드라,20,93,2.000,2.000,0.1379,0.1379,0.1379,-0.0955,기합의띠
개굴닌자,화염레오,20,94,1.000,3.000,0.7068,0.7068,0.4735,-0.3288,기합의띠
개굴닌자,윈디(히스이),20,95,1.000,2.000,0.3712,0.3712,0.1379,,기합의띠
개굴닌자,캥카,20,96,3.000,2.000,-0.0955,-0.0955,-0.0955,-0.1316,타입강화
개굴닌자,꿈트렁,20,97,2.000,2.000,0.1379,0.1379,-0.0955,,자뭉열매
개굴닌자,에써르(암컷),20,98,2.000,3.000,0.4735,0.4735,0.4735,,없음
개굴닌자,후딘,20,99,2.000,2.000,0.1379,0.3712,0.1379,,기합의띠
개굴닌자,드래캄,20,100,2.000,2.000,0.1379,0.1379,0.1379,-0.0955,생명의구슬
에이스번,보만다,21,1,4.000,2.000,-0.1906,,-0.6573,-0.7256,구애스카프
에이스번,한카리아스,21,2,3.000,1.000,-0.4311,,-0.8977,-0.5621,구애스카프
에이스번,누리레느,21,3,1.000,2.000,0.3431,,0.1379,,자뭉열매
에이스번,갑주무사,21,4,3.000,2.000,0.0000,,-0.0955,0.3712,생명의구슬
에이스번,하마돈,21,5,3.000,2.000,-0.1812,,-0.4145,,자뭉열매
에이스번,루카리오,21,6,1.000,2.000,0.3712,,0.1379,0.3712,기합의띠
에이스번,드닐레이브,21,7,2.000,2.000,0.1379,,0.1379,0.1379,기합의띠
에이스번,브리두라스,21,8,2.000,2.000,0.1379,,0.1379,,자뭉열매
에이스번,타부자고,21,9,2.000,3.000,0.3693,,0.3693,,풍선
에이스번,따라큐,21,10,2.000,4.000,0.8090,,0.4735,,생명의구슬
에이스번,고릴타,21,11,2.000,2.000,0.1379,,0.3712,,생명의구슬
에이스번,킬가르도,21,12,2.000,2.000,0.1379,,0.1379,,먹다남은음식
에이스번,마스카나,21,13,1.000,3.000,0.2401,,0.2401,,구애스카프
에이스번,갸라도스,21,14,3.000,2.000,-0.0955,,-0.0955,0.1379,울퉁불퉁멧
에이스번,아머까오,21,15,2.000,4.000,0.8090,,0.4735,,울퉁불퉁멧
에이스번,킬라플로르,21,16,2.000,2.000,0.1379,,0.1379,-0.1977,기합의띠
에이스번,대쓰여너,21,17,2.000,1.000,-0.1977,,-0.6644,,구애스카프
에이스번,리자몽,21,18,2.000,4.000,0.5505,,0.0838,0.4960,구애스카프
에이스번,포푸니크,21,19,1.000,2.000,-0.0955,,-0.0955,,없음
에이스번,개굴닌자,21,20,1.000,2.000,-0.0955,,-0.3288,-0.4311,기합의띠
에이스번,알로라 나인테일,21,22,1.000,5.000,0.9113,,0.9113,,없음
에이스번,에써르(수컷),21,23,2.000,3.000,0.4735,,0.0068,,구애스카프
에이스번,워시로토무,21,24,2.000,2.000,0.1379,,0.1379,,먹다남은음식
에이스번,불카모스,21,25,3.000,4.000,0.6700,,0.5755,,자뭉열매
에이스번,빠르모트,21,26,2.000,2.000,0.1379,,0.1379,,기합의띠
에이스번,라우드본,21,27,3.000,3.000,0.2350,,-0.0005,,자뭉열매
에이스번,삼삼드래,21,28,1.000,2.000,0.3712,,-0.0955,,구애스카프
에이스번,메타그로스,21,29,2.000,2.000,0.1379,,0.1379,0.1379,생명의구슬
에이스번,망나뇽,21,30,3.495,2.000,-0.0406,,-0.0406,-0.3311,없음
에이스번,님피아,21,31,2.000,4.000,0.7800,,0.7800,,먹다남은음식
에이스번,히트로토무,21,32,2.000,3.000,0.4735,,0.0068,,구애스카프
에이스번,거북왕,21,33,2.000,1.000,-0.1977,,-0.1977,-0.4311,없음
에이스번,대도각참,21,34,1.000,3.000,0.7068,,0.3712,,타입강화
에이스번,팬텀,21,35,2.000,3.000,0.4735,,0.4735,-0.3288,기합의띠
에이스번,마폭시,21,36,2.000,3.000,0.4735,,0.4735,-0.3288,기합의띠
에이스번,엠페르트,21,37,1.000,2.000,0.0474,,0.0474,,없음
에이스번,번치코,21,38,2.000,2.000,0.1379,,0.1379,0.1379,생명의구슬
에이스번,대짱이,21,39,3.000,1.000,-0.4311,,-0.4311,-0.4311,자뭉열매
에이스번,라이츄,21,40,2.000,3.000,0.4735,,0.0068,-0.3288,구애스카프
에이스번,블래키,21,41,2.000,5.000,0.8942,,0.8942,,먹다남은음식
에이스번,다크펫,21,42,2.000,2.000,0.1379,,0.1379,0.1379,기합의띠
에이스번,더시마사리,21,43,3.000,3.000,0.2400,,0.2400,,먹다남은음식
에이스번,핫삼,21,44,1.000,3.000,0.7656,,0.5641,0.7656,울퉁불퉁멧
에이스번,오롱털,21,45,1.000,3.000,0.7068,,0.7068,,없음
에이스번,픽시,21,46,2.000,7.000,0.9906,,0.9906,0.9798,먹다남은음식
에이스번,카디나르마,21,47,2.000,3.000,0.4735,,0.4735,,기합의띠
에이스번,앱솔,21,48,1.000,2.000,0.3712,,0.3712,-0.3288,없음
에이스번,찌리배리,21,49,3.000,4.000,0.5513,,0.2986,,먹다남은음식
에이스번,맘모꾸리,21,50,1.000,1.000,0.0356,,-0.1977,,기합의띠
에이스번,파라블레이즈,21,51,2.000,2.000,0.1379,,0.1379,,기합의띠
에이스번,패리퍼,21,52,2.000,2.000,0.1007,,0.1007,,없음
에이스번,찌르호크,21,53,3.000,3.000,-0.0139,,-0.4806,0.2213,구애스카프
에이스번,대검귀,21,54,1.000,2.000,0.3712,,0.3712,,타입강화
에이스번,마기라스,21,55,1.000,1.000,0.0356,,0.0356,0.0356,먹다남은음식
에이스번,이어롭,21,56,1.000,2.000,0.3712,,0.1379,-0.0955,자뭉열매
에이스번,플라엣테,21,57,1.000,4.000,0.7972,,0.4336,0.7520,구애스카프
에이스번,배바닐라,21,58,1.000,4.000,0.8090,,0.8090,,타입강화
에이스번,드래펄트,21,59,2.000,2.000,-0.3288,,-0.3288,,생명의구슬
에이스번,입치트,21,60,2.000,5.000,0.9113,,0.9113,0.8090,기합의띠
에이스번,메가니움,21,61,2.000,3.000,0.7080,,0.7080,0.6058,기합의띠
에이스번,메타몽,21,62,1.000,3.000,0.7068,,0.7068,,구애스카프
에이스번,이상해꽃,21,63,2.000,3.000,0.4377,,0.4377,0.2043,생명의구슬
에이스번,밀로틱,21,64,3.000,3.000,0.2394,,0.2381,,먹다남은음식
에이스번,스코빌런,21,65,1.000,4.000,0.8090,,0.8090,0.7801,먹다남은음식
에이스번,아쿠스타,21,66,2.000,2.000,0.1379,,0.1379,-0.3288,기합의띠
에이스번,몰드류,21,67,1.000,1.000,0.0356,,-0.4311,-0.1977,구애스카프
에이스번,조로아크(히스이),21,68,2.000,3.000,0.4735,,0.4735,,기합의띠
에이스번,미끄래곤(히스이),21,69,1.000,2.000,0.3712,,0.1379,,먹다남은음식
에이스번,잠만보,21,70,2.000,2.000,0.1379,,0.1379,,먹다남은음식
에이스번,무장조,21,71,2.000,3.000,0.7166,,0.4801,0.3810,자뭉열매
에이스번,클레스퍼트라,21,72,2.000,3.000,0.4735,,0.4735,,기합의띠
에이스번,창파나이트,21,73,2.000,2.000,0.1379,,0.1379,,없음
에이스번,우츠보트,21,74,1.000,3.000,0.7068,,0.4735,0.4735,기합의띠
에이스번,가라르야도킹,21,75,3.000,3.000,0.5398,,0.5398,,먹다남은음식
에이스번,깜까미,21,76,2.000,4.000,0.6614,,0.6614,0.3846,없음
에이스번,엘풍,21,77,1.000,6.000,1.0000,,1.0000,,기합의띠
에이스번,저승갓숭,21,78,2.000,2.000,0.1379,,-0.0707,,먹다남은음식
에이스번,스트린더(하이),21,79,2.000,3.000,0.4735,,0.4735,,풍선
에이스번,샤미드,21,80,3.000,2.000,-0.0667,,-0.0955,,먹다남은음식
에이스번,사마자르,21,81,2.000,2.000,0.1379,,0.1379,,기합의띠
에이스번,인텔리레온,21,82,2.000,2.000,-0.3288,,-0.3288,,없음
에이스번,깨비물거미,21,83,2.000,2.000,0.0672,,-0.0955,,자뭉열매
에이스번,가디안,21,84,1.000,3.000,0.7068,,0.4735,0.3712,기합의띠
에이스번,왕구리,21,85,2.000,2.000,0.1379,,0.1379,,없음
에이스번,엘레이드,21,86,2.000,2.000,0.1379,,0.1379,0.1300,생명의구슬
에이스번,브리무음,21,87,1.000,3.000,0.5901,,0.4735,,기합의띠
에이스번,눈여아,21,88,1.000,4.000,0.8090,,0.8090,0.2401,기합의띠
에이스번,어흥염,21,89,2.000,3.000,0.4735,,0.4497,,자뭉열매
에이스번,마릴리,21,90,2.000,2.000,0.1379,,0.1379,,자뭉열매
에이스번,올리르바,21,91,2.000,2.000,0.2314,,0.1379,,기합의띠
에이스번,스트린더(로우),21,92,2.000,3.000,0.4735,,0.4735,,풍선
에이스번,펜드라,21,93,1.000,2.000,0.3712,,0.1379,0.1379,기합의띠
에이스번,화염레오,21,94,1.000,3.000,0.7068,,0.4735,0.2401,기합의띠
에이스번,윈디(히스이),21,95,1.000,1.000,0.0394,,-0.1852,,기합의띠
에이스번,캥카,21,96,1.000,2.000,0.3351,,0.3351,0.1379,타입강화
에이스번,꿈트렁,21,97,2.000,2.000,0.1554,,0.1554,,자뭉열매
에이스번,에써르(암컷),21,98,2.000,3.000,0.4735,,0.4735,,없음
에이스번,후딘,21,99,1.000,3.000,0.2401,,0.0068,,기합의띠
에이스번,드래캄,21,100,2.000,2.000,0.1379,,0.1379,0.1379,생명의구슬
알로라 나인테일,보만다,22,1,1.000,3.000,0.6063,,0.1396,-0.2589,구애스카프
알로라 나인테일,한카리아스,22,2,1.000,2.000,0.3712,,-0.0955,-0.3288,구애스카프
알로라 나인테일,누리레느,22,3,4.000,3.000,-0.0241,,-0.2597,,자뭉열매
알로라 나인테일,갑주무사,22,4,4.000,1.000,-0.4975,,-0.4311,-0.8977,생명의구슬
알로라 나인테일,하마돈,22,5,2.000,3.000,0.4735,,0.3877,,자뭉열매
알로라 나인테일,루카리오,22,6,3.000,1.000,-0.4311,,-0.4311,-0.8977,기합의띠
알로라 나인테일,드닐레이브,22,7,2.000,1.000,-0.1977,,-0.1977,-0.1977,기합의띠
알로라 나인테일,브리두라스,22,8,3.000,1.000,-0.4311,,-0.4311,,자뭉열매
알로라 나인테일,타부자고,22,9,4.000,1.000,-0.5920,,-0.5920,,풍선
알로라 나인테일,따라큐,22,10,3.000,3.000,0.2400,,0.2400,,생명의구슬
알로라 나인테일,고릴타,22,11,2.000,2.000,0.1379,,0.1379,,생명의구슬
알로라 나인테일,킬가르도,22,12,4.000,1.000,-0.6644,,-0.8977,,먹다남은음식
알로라 나인테일,마스카나,22,13,2.000,3.000,0.0068,,0.0068,,구애스카프
알로라 나인테일,갸라도스,22,14,4.000,3.000,0.0043,,0.0043,0.2400,울퉁불퉁멧
알로라 나인테일,아머까오,22,15,4.000,2.000,-0.3288,,-0.3288,,울퉁불퉁멧
알로라 나인테일,킬라플로르,22,16,3.000,2.000,-0.0955,,-0.0955,-0.4311,기합의띠
알로라 나인테일,대쓰여너,22,17,3.000,2.000,-0.0955,,-0.5621,,구애스카프
알로라 나인테일,리자몽,22,18,3.000,2.000,-0.4080,,-0.8746,-0.6413,구애스카프
알로라 나인테일,포푸니크,22,19,3.000,2.000,-0.5621,,-0.5621,,없음
알로라 나인테일,개굴닌자,22,20,2.000,2.000,-0.3288,,-0.3288,-0.3288,기합의띠
알로라 나인테일,에이스번,22,21,5.000,1.000,-0.8977,,-0.8977,,구애스카프
알로라 나인테일,에써르(수컷),22,23,3.000,3.000,0.2400,,-0.2267,,구애스카프
알로라 나인테일,워시로토무,22,24,3.000,3.000,0.2400,,0.0043,,먹다남은음식
알로라 나인테일,불카모스,22,25,8.000,2.000,-0.7955,,-0.7955,,자뭉열매
알로라 나인테일,빠르모트,22,26,2.000,2.000,0.1379,,0.1379,,기합의띠
알로라 나인테일,라우드본,22,27,4.000,2.000,-0.3338,,-0.5671,,자뭉열매
알로라 나인테일,삼삼드래,22,28,1.000,2.000,0.3712,,-0.0955,,구애스카프
알로라 나인테일,메타그로스,22,29,3.000,1.000,-0.4311,,-0.4311,-0.8977,생명의구슬
알로라 나인테일,망나뇽,22,30,1.495,3.000,0.6434,,0.6434,0.3067,없음
알로라 나인테일,님피아,22,31,5.000,2.000,-0.6629,,-0.7292,,먹다남은음식
알로라 나인테일,히트로토무,22,32,5.000,1.000,-0.8977,,-0.8977,,구애스카프
알로라 나인테일,거북왕,22,33,4.000,2.000,-0.3288,,-0.3288,-0.3288,없음
알로라 나인테일,대도각참,22,34,4.000,1.000,-0.6644,,-0.6644,,타입강화
알로라 나인테일,팬텀,22,35,3.000,2.000,-0.5621,,-0.5621,-0.8977,기합의띠
알로라 나인테일,마폭시,22,36,3.000,1.000,-0.4311,,-0.4311,-0.8977,기합의띠
알로라 나인테일,엠페르트,22,37,7.000,1.000,-0.8859,,-0.8859,,없음
알로라 나인테일,번치코,22,38,3.000,1.000,-0.4311,,-0.4311,-0.4311,생명의구슬
알로라 나인테일,대짱이,22,39,3.000,2.000,-0.0955,,-0.3288,-0.3288,자뭉열매
알로라 나인테일,라이츄,22,40,3.000,3.000,-0.2267,,-0.2267,-0.5621,구애스카프
알로라 나인테일,블래키,22,41,3.000,8.000,0.9932,,0.9080,,먹다남은음식
알로라 나인테일,다크펫,22,42,2.000,2.000,0.1379,,0.1379,-0.4311,기합의띠
알로라 나인테일,더시마사리,22,43,9.000,5.000,-0.7000,,-0.7000,,먹다남은음식
알로라 나인테일,핫삼,22,44,6.000,1.000,-0.8390,,-0.8390,-0.8977,울퉁불퉁멧
알로라 나인테일,오롱털,22,45,2.000,3.000,0.4735,,0.4735,,없음
알로라 나인테일,픽시,22,46,4.000,4.000,0.0542,,0.0293,0.2292,먹다남은음식
알로라 나인테일,카디나르마,22,47,3.000,1.000,-0.4311,,-0.4311,,기합의띠
알로라 나인테일,앱솔,22,48,2.000,2.000,0.1379,,0.1379,-0.3288,없음
알로라 나인테일,찌리배리,22,49,5.000,4.000,0.2921,,0.0003,,먹다남은음식
알로라 나인테일,맘모꾸리,22,50,3.000,2.000,-0.0955,,-0.0955,,기합의띠
알로라 나인테일,파라블레이즈,22,51,3.000,2.000,-0.0955,,-0.0955,,기합의띠
알로라 나인테일,패리퍼,22,52,3.000,3.000,0.2931,,0.2931,,없음
알로라 나인테일,찌르호크,22,53,2.000,3.000,0.4120,,-0.0547,-0.0547,구애스카프
알로라 나인테일,대검귀,22,54,2.000,3.000,0.4735,,0.4735,,타입강화
알로라 나인테일,마기라스,22,55,2.000,1.000,-0.1977,,-0.4311,-0.4311,먹다남은음식
알로라 나인테일,이어롭,22,56,3.000,2.000,-0.0955,,-0.3288,-0.3288,자뭉열매
알로라 나인테일,플라엣테,22,57,4.000,2.000,-0.2857,,-0.7524,-0.2857,구애스카프
알로라 나인테일,배바닐라,22,58,4.000,2.000,-0.3288,,-0.3288,,타입강화
알로라 나인테일,드래펄트,22,59,2.000,2.000,-0.3288,,-0.3288,,생명의구슬
알로라 나인테일,입치트,22,60,4.000,1.000,-0.6644,,-0.6644,-0.8977,기합의띠
알로라 나인테일,메가니움,22,61,2.000,4.000,0.7080,,0.7080,0.2092,기합의띠
알로라 나인테일,메타몽,22,62,2.000,5.000,0.9113,,0.9113,,구애스카프
알로라 나인테일,이상해꽃,22,63,2.000,2.000,0.1379,,0.1379,-0.4806,생명의구슬
알로라 나인테일,밀로틱,22,64,6.000,5.000,0.0002,,-0.4654,,먹다남은음식
알로라 나인테일,스코빌런,22,65,3.000,2.000,-0.1906,,-0.1906,-0.4311,먹다남은음식
알로라 나인테일,아쿠스타,22,66,3.000,4.000,0.1066,,0.1066,-0.2267,기합의띠
알로라 나인테일,몰드류,22,67,3.000,1.000,-0.4311,,-0.8977,-0.4311,구애스카프
알로라 나인테일,조로아크(히스이),22,68,2.000,2.000,-0.3288,,-0.3288,,기합의띠
알로라 나인테일,미끄래곤(히스이),22,69,4.000,1.000,-0.6644,,-0.8977,,먹다남은음식
알로라 나인테일,잠만보,22,70,6.000,2.000,-0.6688,,-0.7955,,먹다남은음식
알로라 나인테일,무장조,22,71,3.000,2.000,-0.1879,,-0.3570,-0.8977,자뭉열매
알로라 나인테일,클레스퍼트라,22,72,3.000,4.000,0.5732,,0.5732,,기합의띠
알로라 나인테일,창파나이트,22,73,2.000,2.000,0.1379,,0.1379,,없음
알로라 나인테일,우츠보트,22,74,2.000,2.000,0.1379,,0.1379,0.1379,기합의띠
알로라 나인테일,가라르야도킹,22,75,5.000,2.000,-0.4838,,-0.7172,,먹다남은음식
알로라 나인테일,깜까미,22,76,2.000,7.000,1.0000,,1.0000,0.9971,없음
알로라 나인테일,엘풍,22,77,2.000,4.000,0.3424,,0.3424,,기합의띠
알로라 나인테일,저승갓숭,22,78,2.000,2.000,-0.0707,,-0.0707,,먹다남은음식
알로라 나인테일,스트린더(하이),22,79,3.000,2.000,-0.0955,,-0.0955,,풍선
알로라 나인테일,샤미드,22,80,6.000,4.000,-0.2331,,-0.6712,,먹다남은음식
알로라 나인테일,사마자르,22,81,3.000,2.000,-0.0955,,-0.0955,,기합의띠
알로라 나인테일,인텔리레온,22,82,3.000,3.000,-0.2267,,-0.2267,,없음
알로라 나인테일,깨비물거미,22,83,4.000,4.000,0.2209,,-0.0481,,자뭉열매
알로라 나인테일,가디안,22,84,3.000,3.000,0.2400,,0.2400,-0.3288,기합의띠
알로라 나인테일,왕구리,22,85,4.000,4.000,0.3027,,0.3027,,없음
알로라 나인테일,엘레이드,22,86,2.000,3.000,0.4735,,0.1379,-0.3288,생명의구슬
알로라 나인테일,브리무음,22,87,3.000,3.000,0.2400,,0.2400,,기합의띠
알로라 나인테일,눈여아,22,88,3.000,4.000,0.0659,,0.0659,-0.2267,기합의띠
알로라 나인테일,어흥염,22,89,4.000,1.000,-0.6644,,-0.8977,,자뭉열매
알로라 나인테일,마릴리,22,90,4.000,4.000,-0.0591,,-0.0591,,자뭉열매
알로라 나인테일,올리르바,22,91,2.000,3.000,0.4735,,0.4735,,기합의띠
알로라 나인테일,스트린더(로우),22,92,3.000,2.000,-0.0955,,-0.0955,,풍선
알로라 나인테일,펜드라,22,93,3.000,1.000,-0.7213,,-0.7213,-0.4311,기합의띠
알로라 나인테일,화염레오,22,94,5.000,1.000,-0.8977,,-0.8977,-0.8977,기합의띠
알로라 나인테일,윈디(히스이),22,95,6.000,1.000,-0.8977,,-0.8977,,기합의띠
알로라 나인테일,캥카,22,96,3.000,2.000,-0.1316,,-0.1316,-0.3288,타입강화
알로라 나인테일,꿈트렁,22,97,4.000,1.000,-0.6766,,-0.8977,,자뭉열매
알로라 나인테일,에써르(암컷),22,98,3.000,3.000,0.2400,,0.2400,,없음
알로라 나인테일,후딘,22,99,3.000,3.000,-0.2267,,-0.2267,,기합의띠
알로라 나인테일,드래캄,22,100,2.000,2.000,0.1379,,-0.1977,-0.1977,생명의구슬
에써르(수컷),보만다,23,1,4.000,2.000,-0.7256,,-0.7256,-0.8261,구애스카프
에써르(수컷),한카리아스,23,2,3.000,2.000,-0.5621,,-0.5621,-0.5621,구애스카프
에써르(수컷),누리레느,23,3,3.000,3.000,0.2400,,0.2116,,자뭉열매
에써르(수컷),갑주무사,23,4,3.000,1.000,-0.4975,,-0.4311,-0.1977,생명의구슬
에써르(수컷),하마돈,23,5,3.000,2.000,0.0277,,-0.0588,,자뭉열매
에써르(수컷),루카리오,23,6,3.000,2.000,-0.0955,,-0.0955,-0.8977,기합의띠
에써르(수컷),드닐레이브,23,7,3.000,2.000,-0.0955,,-0.0955,-0.4311,기합의띠
에써르(수컷),브리두라스,23,8,5.000,2.000,-0.5621,,-0.7955,,자뭉열매
에써르(수컷),타부자고,23,9,4.000,3.000,-0.0267,,-0.0267,,풍선
에써르(수컷),따라큐,23,10,3.000,3.000,-0.2267,,-0.3461,,생명의구슬
에써르(수컷),고릴타,23,11,3.000,2.000,-0.0955,,-0.4311,,생명의구슬
에써르(수컷),킬가르도,23,12,3.000,2.000,-0.0955,,-0.3288,,먹다남은음식
에써르(수컷),마스카나,23,13,2.000,2.000,-0.3288,,-0.3288,,구애스카프
에써르(수컷),갸라도스,23,14,4.000,2.000,-0.3288,,-0.3288,-0.4311,울퉁불퉁멧
에써르(수컷),아머까오,23,15,4.000,3.000,0.0043,,0.0043,,울퉁불퉁멧
에써르(수컷),킬라플로르,23,16,2.000,3.000,0.4735,,0.4735,-0.3288,기합의띠
에써르(수컷),대쓰여너,23,17,3.000,2.000,-0.0955,,-0.5621,,구애스카프
에써르(수컷),리자몽,23,18,3.000,2.000,-0.5396,,-0.5396,-0.7955,구애스카프
에써르(수컷),포푸니크,23,19,1.000,2.000,-0.0955,,-0.0955,,없음
에써르(수컷),개굴닌자,23,20,2.000,2.000,-0.3288,,-0.3288,-0.3288,기합의띠
에써르(수컷),에이스번,23,21,3.000,2.000,-0.5621,,-0.5621,,구애스카프
에써르(수컷),알로라 나인테일,23,22,3.000,3.000,-0.2267,,-0.2267,,없음
에써르(수컷),워시로토무,23,24,2.000,2.000,0.1379,,-0.0955,,먹다남은음식
에써르(수컷),불카모스,23,25,4.000,2.000,-0.7955,,-0.7955,,자뭉열매
에써르(수컷),빠르모트,23,26,2.000,2.000,-0.3288,,-0.3288,,기합의띠
에써르(수컷),라우드본,23,27,4.000,3.000,-0.0005,,-0.2247,,자뭉열매
에써르(수컷),삼삼드래,23,28,2.000,2.000,-0.3288,,-0.3288,,구애스카프
에써르(수컷),메타그로스,23,29,3.000,2.000,-0.0955,,-0.0955,-0.5621,생명의구슬
에써르(수컷),망나뇽,23,30,4.495,3.000,-0.1607,,-0.1607,-0.6892,없음
에써르(수컷),님피아,23,31,5.000,2.000,-0.6629,,-0.7292,,먹다남은음식
에써르(수컷),히트로토무,23,32,3.000,2.000,-0.0955,,-0.5621,,구애스카프
에써르(수컷),거북왕,23,33,3.000,2.000,-0.0955,,-0.0955,-0.0955,없음
에써르(수컷),대도각참,23,34,3.000,1.000,-0.4311,,-0.4311,,타입강화
에써르(수컷),팬텀,23,35,2.000,3.000,0.0068,,0.0068,-0.3288,기합의띠
에써르(수컷),마폭시,23,36,3.000,2.000,-0.5621,,-0.5621,-0.5621,기합의띠
에써르(수컷),엠페르트,23,37,5.000,3.000,-0.2856,,-0.2856,,없음
에써르(수컷),번치코,23,38,2.000,2.000,0.1379,,-0.1977,-0.6644,생명의구슬
에써르(수컷),대짱이,23,39,2.000,2.000,0.1379,,0.1379,0.1379,자뭉열매
에써르(수컷),라이츄,23,40,3.000,3.000,-0.2267,,-0.2267,-0.5621,구애스카프
에써르(수컷),블래키,23,41,5.000,2.000,-0.5232,,-0.7176,,먹다남은음식
에써르(수컷),다크펫,23,42,2.000,2.000,0.1379,,0.1379,-0.0955,기합의띠
에써르(수컷),더시마사리,23,43,3.000,4.000,0.5732,,0.5732,,먹다남은음식
에써르(수컷),핫삼,23,44,2.000,1.000,-0.0049,,-0.0049,-0.0049,울퉁불퉁멧
에써르(수컷),오롱털,23,45,3.000,1.000,-0.4311,,-0.4311,,없음
에써르(수컷),픽시,23,46,5.000,4.000,0.0542,,-0.2082,-0.2064,먹다남은음식
에써르(수컷),카디나르마,23,47,3.000,2.000,-0.0955,,-0.0955,,기합의띠
에써르(수컷),앱솔,23,48,2.000,2.000,0.1379,,0.1379,-0.6644,없음
에써르(수컷),찌리배리,23,49,5.000,4.000,0.0459,,-0.2177,,먹다남은음식
에써르(수컷),맘모꾸리,23,50,2.000,2.000,0.1379,,0.1379,,기합의띠
에써르(수컷),파라블레이즈,23,51,3.000,2.000,-0.0955,,-0.0955,,기합의띠
에써르(수컷),패리퍼,23,52,3.000,3.000,0.2931,,0.2931,,없음
에써르(수컷),찌르호크,23,53,3.000,2.000,-0.7528,,-0.7528,-0.5194,구애스카프
에써르(수컷),대검귀,23,54,2.000,2.000,0.1379,,-0.1977,,타입강화
에써르(수컷),마기라스,23,55,3.000,2.000,-0.0955,,-0.0955,-0.4311,먹다남은음식
에써르(수컷),이어롭,23,56,3.000,2.000,-0.5621,,-0.7955,-0.6644,자뭉열매
에써르(수컷),플라엣테,23,57,4.000,2.000,-0.2857,,-0.7524,-0.7955,구애스카프
에써르(수컷),배바닐라,23,58,3.000,3.000,0.2400,,-0.0955,,타입강화
에써르(수컷),드래펄트,23,59,3.000,2.000,-0.5621,,-0.3288,,생명의구슬
에써르(수컷),입치트,23,60,2.000,3.000,0.4735,,0.4735,-0.0955,기합의띠
에써르(수컷),메가니움,23,61,4.000,3.000,0.2838,,0.2838,-0.0257,기합의띠
에써르(수컷),메타몽,23,62,2.000,4.000,0.8090,,0.3424,,구애스카프
에써르(수컷),이상해꽃,23,63,3.000,4.000,0.5384,,0.2043,0.5384,생명의구슬
에써르(수컷),밀로틱,23,64,4.000,5.000,0.5992,,0.2942,,먹다남은음식
에써르(수컷),스코빌런,23,65,3.000,2.000,-0.0955,,-0.0955,-0.0955,먹다남은음식
에써르(수컷),아쿠스타,23,66,2.000,3.000,0.0068,,0.0068,-0.2267,기합의띠
에써르(수컷),몰드류,23,67,3.000,2.000,-0.0955,,-0.5621,-0.5621,구애스카프
에써르(수컷),조로아크(히스이),23,68,3.000,3.000,-0.2267,,-0.2267,,기합의띠
에써르(수컷),미끄래곤(히스이),23,69,7.000,2.000,-0.7955,,-0.7955,,먹다남은음식
에써르(수컷),잠만보,23,70,5.000,3.000,-0.5185,,-0.7519,,먹다남은음식
에써르(수컷),무장조,23,71,3.000,3.000,0.2118,,-0.0232,-0.7312,자뭉열매
에써르(수컷),클레스퍼트라,23,72,2.000,4.000,0.3424,,0.3424,,기합의띠
에써르(수컷),창파나이트,23,73,2.000,1.000,-0.1977,,-0.1977,,없음
에써르(수컷),우츠보트,23,74,2.000,3.000,0.4735,,0.4735,0.1379,기합의띠
에써르(수컷),가라르야도킹,23,75,4.000,3.000,0.2817,,0.0229,,먹다남은음식
에써르(수컷),깜까미,23,76,2.000,2.000,0.0366,,0.0366,-0.1967,없음
에써르(수컷),엘풍,23,77,2.000,3.000,0.0068,,0.0068,,기합의띠
에써르(수컷),저승갓숭,23,78,3.000,2.000,-0.0707,,-0.0955,,먹다남은음식
에써르(수컷),스트린더(하이),23,79,2.000,3.000,0.4735,,0.4735,,풍선
에써르(수컷),샤미드,23,80,4.000,4.000,0.2950,,0.0288,,먹다남은음식
에써르(수컷),사마자르,23,81,3.000,1.000,-0.4311,,-0.4311,,기합의띠
에써르(수컷),인텔리레온,23,82,2.000,2.000,-0.3288,,-0.3288,,없음
에써르(수컷),깨비물거미,23,83,4.000,2.000,-0.3288,,-0.5621,,자뭉열매
에써르(수컷),가디안,23,84,3.000,3.000,0.2400,,0.2400,-0.5621,기합의띠
에써르(수컷),왕구리,23,85,3.000,3.000,0.2400,,0.2400,,없음
에써르(수컷),엘레이드,23,86,3.000,2.000,-0.0955,,-0.0955,-0.5621,생명의구슬
에써르(수컷),브리무음,23,87,3.000,3.000,0.2400,,0.2400,,기합의띠
에써르(수컷),눈여아,23,88,2.000,3.000,0.0068,,0.0068,-0.5621,기합의띠
에써르(수컷),어흥염,23,89,4.000,1.000,-0.4207,,-0.6540,,자뭉열매
에써르(수컷),마릴리,23,90,3.000,3.000,0.0394,,-0.1939,,자뭉열매
에써르(수컷),올리르바,23,91,4.000,3.000,0.0987,,0.0987,,기합의띠
에써르(수컷),스트린더(로우),23,92,2.000,3.000,0.4735,,0.4735,,풍선
에써르(수컷),펜드라,23,93,2.000,2.000,-0.3288,,-0.3288,-0.1977,기합의띠
에써르(수컷),화염레오,23,94,3.000,2.000,-0.5621,,-0.5621,-0.5621,기합의띠
에써르(수컷),윈디(히스이),23,95,4.000,2.000,-0.3375,,-0.3375,,기합의띠
에써르(수컷),캥카,23,96,3.000,2.000,-0.1316,,-0.1316,-0.7955,타입강화
에써르(수컷),꿈트렁,23,97,2.000,2.000,0.1432,,-0.0779,,자뭉열매
에써르(수컷),에써르(암컷),23,98,3.000,5.000,0.9065,,0.9065,,없음
에써르(수컷),후딘,23,99,3.000,3.000,-0.2267,,-0.2267,,기합의띠
에써르(수컷),드래캄,23,100,2.000,2.000,0.1379,,0.1379,-0.0955,생명의구슬
워시로토무,보만다,24,1,4.000,3.000,-0.4922,,-0.4922,-0.6573,구애스카프
워시로토무,한카리아스,24,2,3.000,2.000,-0.5621,,-0.5621,-0.7955,구애스카프
워시로토무,누리레느,24,3,2.000,3.000,0.4735,,0.4453,,자뭉열매
워시로토무,갑주무사,24,4,2.000,3.000,0.4735,,0.1379,-0.0671,생명의구슬
워시로토무,하마돈,24,5,2.000,8.000,1.0000,,1.0000,,자뭉열매
워시로토무,루카리오,24,6,2.000,2.000,-0.3288,,-0.3288,-0.3288,기합의띠
워시로토무,드닐레이브,24,7,6.000,2.000,-0.7955,,-0.7955,-0.7955,기합의띠
워시로토무,브리두라스,24,8,4.000,2.000,-0.3288,,-0.5621,,자뭉열매
워시로토무,타부자고,24,9,4.000,4.000,0.0932,,0.0932,,풍선
워시로토무,따라큐,24,10,3.000,2.000,-0.5621,,-0.3461,,생명의구슬
워시로토무,고릴타,24,11,5.000,1.000,-0.8977,,-0.6644,,생명의구슬
워시로토무,킬가르도,24,12,3.000,2.000,-0.0955,,-0.3288,,먹다남은음식
워시로토무,마스카나,24,13,4.000,2.000,-0.7955,,-0.7955,,구애스카프
워시로토무,갸라도스,24,14,1.000,2.000,0.3712,,0.3712,0.1379,울퉁불퉁멧
워시로토무,아머까오,24,15,3.000,7.000,0.9932,,0.9779,,울퉁불퉁멧
워시로토무,킬라플로르,24,16,2.000,2.000,-0.0955,,-0.0955,-0.3288,기합의띠
워시로토무,대쓰여너,24,17,2.000,3.000,0.4735,,0.0068,,구애스카프
워시로토무,리자몽,24,18,2.000,2.000,-0.2530,,-0.2530,-0.3288,구애스카프
워시로토무,포푸니크,24,19,3.000,2.000,-0.5621,,-0.5621,,없음
워시로토무,개굴닌자,24,20,2.000,3.000,0.0068,,0.0068,-0.3288,기합의띠
워시로토무,에이스번,24,21,2.000,2.000,-0.3288,,-0.3288,,구애스카프
워시로토무,알로라 나인테일,24,22,3.000,3.000,-0.2267,,-0.2267,,없음
워시로토무,에써르(수컷),24,23,2.000,2.000,-0.3288,,-0.3288,,구애스카프
워시로토무,불카모스,24,25,2.000,3.000,-0.1277,,-0.2676,,자뭉열매
워시로토무,빠르모트,24,26,2.000,2.000,-0.3288,,-0.3288,,기합의띠
워시로토무,라우드본,24,27,2.000,4.000,0.8900,,0.8855,,자뭉열매
워시로토무,삼삼드래,24,28,5.000,2.000,-0.7955,,-0.7955,,구애스카프
워시로토무,메타그로스,24,29,3.000,3.000,0.2400,,0.1379,-0.2267,생명의구슬
워시로토무,망나뇽,24,30,4.495,3.000,-0.3952,,-0.3952,-0.7464,없음
워시로토무,님피아,24,31,5.000,2.000,-0.4959,,-0.6629,,먹다남은음식
워시로토무,히트로토무,24,32,2.000,3.000,0.2401,,0.0068,,구애스카프
워시로토무,거북왕,24,33,2.000,4.000,0.8090,,0.8090,0.4735,없음
워시로토무,대도각참,24,34,3.000,3.000,0.2400,,-0.0955,,타입강화
워시로토무,팬텀,24,35,2.000,3.000,0.0068,,0.0068,-0.5621,기합의띠
워시로토무,마폭시,24,36,2.000,3.000,0.0068,,0.0068,-0.3288,기합의띠
워시로토무,엠페르트,24,37,2.000,3.000,0.4850,,0.4850,,없음
워시로토무,번치코,24,38,1.000,2.000,0.3712,,0.3712,-0.3288,생명의구슬
워시로토무,대짱이,24,39,3.000,4.000,0.5732,,0.3027,0.5732,자뭉열매
워시로토무,라이츄,24,40,2.000,3.000,0.0068,,0.0068,-0.3288,구애스카프
워시로토무,블래키,24,41,5.000,5.000,0.2970,,0.0505,,먹다남은음식
워시로토무,다크펫,24,42,2.000,3.000,0.4735,,0.4735,0.1379,기합의띠
워시로토무,더시마사리,24,43,3.000,11.000,0.9932,,0.9932,,먹다남은음식
워시로토무,핫삼,24,44,3.000,3.000,0.4079,,0.3393,0.1045,울퉁불퉁멧
워시로토무,오롱털,24,45,3.000,3.000,0.2400,,0.2400,,없음
워시로토무,픽시,24,46,4.000,4.000,0.2961,,0.0542,0.2647,먹다남은음식
워시로토무,카디나르마,24,47,2.000,2.000,0.1379,,0.1379,,기합의띠
워시로토무,앱솔,24,48,2.000,3.000,0.4735,,0.4735,0.0068,없음
워시로토무,찌리배리,24,49,4.000,4.000,0.2986,,0.0459,,먹다남은음식
워시로토무,맘모꾸리,24,50,2.000,4.000,0.8090,,0.8090,,기합의띠
워시로토무,파라블레이즈,24,51,2.000,2.000,0.1379,,0.1379,,기합의띠
워시로토무,패리퍼,24,52,1.000,5.000,0.9254,,0.9254,,없음
워시로토무,찌르호크,24,53,2.000,3.000,-0.0547,,-0.0547,-0.0547,구애스카프
워시로토무,대검귀,24,54,2.000,4.000,0.8090,,0.4735,,타입강화
워시로토무,마기라스,24,55,2.000,2.000,0.1379,,0.1379,0.1379,먹다남은음식
워시로토무,이어롭,24,56,3.000,2.000,-0.5621,,-0.5621,-0.5621,자뭉열매
워시로토무,플라엣테,24,57,4.000,2.000,-0.5180,,-0.5180,-0.7955,구애스카프
워시로토무,배바닐라,24,58,3.000,5.000,0.9065,,0.5732,,타입강화
워시로토무,드래펄트,24,59,3.000,2.000,-0.5621,,-0.5621,,생명의구슬
워시로토무,입치트,24,60,2.000,3.000,0.4735,,0.4735,0.4735,기합의띠
워시로토무,메가니움,24,61,7.000,2.000,-0.7252,,-0.7252,-0.8263,기합의띠
워시로토무,메타몽,24,62,2.000,4.000,0.8090,,0.3424,,구애스카프
워시로토무,이상해꽃,24,63,7.000,2.000,-0.6518,,-0.7139,-0.7955,생명의구슬
워시로토무,밀로틱,24,64,3.000,7.000,0.9928,,0.9927,,먹다남은음식
워시로토무,스코빌런,24,65,2.000,1.000,-0.1977,,-0.3649,-0.4311,먹다남은음식
워시로토무,아쿠스타,24,66,2.000,4.000,0.3424,,0.3424,0.0068,기합의띠
워시로토무,몰드류,24,67,2.000,4.000,0.3424,,0.3424,0.3424,구애스카프
워시로토무,조로아크(히스이),24,68,2.000,3.000,0.0068,,0.0068,,기합의띠
워시로토무,미끄래곤(히스이),24,69,6.000,2.000,-0.7955,,-0.7955,,먹다남은음식
워시로토무,잠만보,24,70,4.000,3.000,-0.1034,,-0.3389,,먹다남은음식
워시로토무,무장조,24,71,2.000,5.000,0.9474,,0.9474,0.5856,자뭉열매
워시로토무,클레스퍼트라,24,72,2.000,2.000,-0.3288,,-0.3288,,기합의띠
워시로토무,창파나이트,24,73,2.000,2.000,0.1379,,0.1379,,없음
워시로토무,우츠보트,24,74,5.000,2.000,-0.5621,,-0.5621,-0.7955,기합의띠
워시로토무,가라르야도킹,24,75,4.000,3.000,0.2817,,0.0229,,먹다남은음식
워시로토무,깜까미,24,76,2.000,4.000,0.6614,,0.6614,0.2672,없음
워시로토무,엘풍,24,77,4.000,2.000,-0.7955,,-0.7955,,기합의띠
워시로토무,저승갓숭,24,78,3.000,3.000,-0.2624,,-0.4978,,먹다남은음식
워시로토무,스트린더(하이),24,79,2.000,3.000,0.4735,,0.4735,,풍선
워시로토무,샤미드,24,80,3.000,7.000,0.9831,,0.9825,,먹다남은음식
워시로토무,사마자르,24,81,1.000,3.000,0.7068,,0.4735,,기합의띠
워시로토무,인텔리레온,24,82,2.000,4.000,0.3424,,0.3424,,없음
워시로토무,깨비물거미,24,83,2.000,4.000,0.8400,,0.6741,,자뭉열매
워시로토무,가디안,24,84,3.000,3.000,0.2400,,0.2400,-0.5621,기합의띠
워시로토무,왕구리,24,85,2.000,5.000,0.9113,,0.9113,,없음
워시로토무,엘레이드,24,86,3.000,2.000,-0.0955,,-0.0955,-0.5621,생명의구슬
워시로토무,브리무음,24,87,3.000,3.000,0.0723,,0.0723,,기합의띠
워시로토무,눈여아,24,88,2.000,4.000,0.3424,,0.3424,-0.2267,기합의띠
워시로토무,어흥염,24,89,2.000,3.000,0.4735,,0.4735,,자뭉열매
워시로토무,마릴리,24,90,2.000,4.000,0.8090,,0.8090,,자뭉열매
워시로토무,올리르바,24,91,6.000,2.000,-0.7955,,-0.7955,,기합의띠
워시로토무,스트린더(로우),24,92,2.000,3.000,0.4735,,0.4735,,풍선
워시로토무,펜드라,24,93,2.000,3.000,0.0068,,0.0068,-0.0955,기합의띠
워시로토무,화염레오,24,94,1.000,3.000,0.2401,,0.0068,0.0068,기합의띠
워시로토무,윈디(히스이),24,95,1.000,2.000,-0.0830,,-0.3163,,기합의띠
워시로토무,캥카,24,96,3.000,2.000,-0.5103,,-0.5621,-0.5982,타입강화
워시로토무,꿈트렁,24,97,2.000,4.000,0.8090,,0.5732,,자뭉열매
워시로토무,에써르(암컷),24,98,3.000,3.000,0.2400,,0.2400,,없음
워시로토무,후딘,24,99,2.000,2.000,-0.3288,,-0.3288,,기합의띠
워시로토무,드래캄,24,100,5.000,2.000,-0.5621,,-0.5621,-0.7955,생명의구슬
불카모스,보만다,25,1,6.000,3.000,-0.5751,,-0.7105,-0.8548,구애스카프
불카모스,한카리아스,25,2,4.000,2.000,-0.7020,,-0.7020,-0.7020,구애스카프
불카모스,누리레느,25,3,4.000,2.000,-0.2114,,-0.4449,,자뭉열매
불카모스,갑주무사,25,4,3.000,3.000,0.2437,,0.1322,0.8410,생명의구슬
불카모스,하마돈,25,5,3.000,3.000,0.0131,,-0.0734,,자뭉열매
불카모스,루카리오,25,6,2.000,5.000,0.8703,,0.8703,0.1003,기합의띠
불카모스,드닐레이브,25,7,4.000,2.000,-0.2353,,-0.2353,-0.3751,기합의띠
불카모스,브리두라스,25,8,3.000,3.000,0.1055,,-0.0357,,자뭉열매
불카모스,타부자고,25,9,2.000,2.000,0.1800,,0.1800,,풍선
불카모스,따라큐,25,10,3.000,5.000,0.3306,,0.3484,,생명의구슬
불카모스,고릴타,25,11,2.000,4.000,0.7358,,0.7681,,생명의구슬
불카모스,킬가르도,25,12,2.000,2.000,0.3389,,0.1990,,먹다남은음식
불카모스,마스카나,25,13,1.000,4.000,0.4412,,0.4412,,구애스카프
불카모스,갸라도스,25,14,5.000,2.000,-0.7020,,-0.7020,-0.1365,울퉁불퉁멧
불카모스,아머까오,25,15,3.000,2.000,-0.0020,,-0.0020,,울퉁불퉁멧
불카모스,킬라플로르,25,16,3.000,1.000,-0.1365,,-0.1365,-0.8042,기합의띠
불카모스,대쓰여너,25,17,3.000,1.000,-0.5709,,-0.8977,,구애스카프
불카모스,리자몽,25,18,5.000,3.000,-0.4955,,-0.7285,-0.7826,구애스카프
불카모스,포푸니크,25,19,1.000,2.000,-0.3698,,-0.3698,,없음
불카모스,개굴닌자,25,20,2.000,2.000,-0.2353,,-0.3288,-0.3288,기합의띠
불카모스,에이스번,25,21,4.000,3.000,-0.5974,,-0.5974,,구애스카프
불카모스,알로라 나인테일,25,22,2.000,8.000,1.0000,,1.0000,,없음
불카모스,에써르(수컷),25,23,2.000,4.000,0.8703,,0.5435,,구애스카프
불카모스,워시로토무,25,24,3.000,2.000,-0.0020,,-0.2353,,먹다남은음식
불카모스,빠르모트,25,26,2.000,3.000,-0.1277,,-0.1277,,기합의띠
불카모스,라우드본,25,27,6.000,4.000,-0.0979,,-0.3286,,자뭉열매
불카모스,삼삼드래,25,28,2.000,3.000,0.3389,,-0.1277,,구애스카프
불카모스,메타그로스,25,29,2.000,3.000,0.4735,,0.3389,-0.1277,생명의구슬
불카모스,망나뇽,25,30,6.495,3.000,-0.4405,,-0.4405,-0.7188,없음
불카모스,님피아,25,31,6.000,5.000,0.4554,,0.2651,,먹다남은음식
불카모스,히트로토무,25,32,4.000,3.000,0.0024,,-0.4642,,구애스카프
불카모스,거북왕,25,33,3.000,2.000,-0.2353,,-0.2353,-0.3698,없음
불카모스,대도각참,25,34,2.000,3.000,0.4735,,0.3389,,타입강화
불카모스,팬텀,25,35,2.000,4.000,0.2079,,0.2079,-0.1331,기합의띠
불카모스,마폭시,25,36,3.000,3.000,-0.3679,,-0.3679,-0.5039,기합의띠
불카모스,엠페르트,25,37,4.000,2.000,-0.2395,,-0.2395,,없음
불카모스,번치코,25,38,2.000,1.000,-0.1365,,-0.1977,-0.5709,생명의구슬
불카모스,대짱이,25,39,2.000,2.000,0.0033,,-0.1365,-0.1977,자뭉열매
불카모스,라이츄,25,40,3.000,4.000,0.0215,,0.0215,-0.2676,구애스카프
불카모스,블래키,25,41,3.000,5.000,0.8698,,0.8698,,먹다남은음식
불카모스,다크펫,25,42,3.000,3.000,0.1990,,0.1990,-0.0955,기합의띠
불카모스,더시마사리,25,43,4.000,3.000,0.2776,,0.2747,,먹다남은음식
불카모스,핫삼,25,44,1.000,2.000,0.4064,,0.4064,0.4064,울퉁불퉁멧
불카모스,오롱털,25,45,3.000,3.000,0.0988,,0.0988,,없음
불카모스,픽시,25,46,5.000,9.000,0.8368,,0.8351,0.7771,먹다남은음식
불카모스,카디나르마,25,47,3.000,3.000,0.0988,,0.0988,,기합의띠
불카모스,앱솔,25,48,2.000,1.000,-0.1042,,-0.1042,-0.8042,없음
불카모스,찌리배리,25,49,5.000,6.000,0.7033,,0.5222,,먹다남은음식
불카모스,맘모꾸리,25,50,2.000,1.000,-0.3375,,-0.3375,,기합의띠
불카모스,파라블레이즈,25,51,5.000,3.000,-0.2720,,-0.2720,,기합의띠
불카모스,패리퍼,25,52,4.000,2.000,-0.2411,,-0.2411,,없음
불카모스,찌르호크,25,53,4.000,2.000,-0.4505,,-0.6839,-0.6839,구애스카프
불카모스,대검귀,25,54,2.000,2.000,0.1379,,0.1379,,타입강화
불카모스,마기라스,25,55,2.000,1.000,-0.1977,,-0.3375,-0.3375,먹다남은음식
불카모스,이어롭,25,56,3.000,3.000,-0.5023,,-0.5023,-0.4686,자뭉열매
불카모스,플라엣테,25,57,5.000,6.000,0.6141,,0.1474,-0.1586,구애스카프
불카모스,배바닐라,25,58,2.000,7.000,1.0000,,0.9645,,타입강화
불카모스,드래펄트,25,59,4.000,3.000,-0.7371,,-0.5039,,생명의구슬
불카모스,입치트,25,60,1.000,6.000,0.9645,,0.9645,0.9235,기합의띠
불카모스,메가니움,25,61,2.000,4.000,0.4748,,0.4748,0.2746,기합의띠
불카모스,메타몽,25,62,2.000,5.000,0.9235,,0.9235,,구애스카프
불카모스,이상해꽃,25,63,2.000,5.000,0.9289,,0.8000,0.6489,생명의구슬
불카모스,밀로틱,25,64,5.000,4.000,0.0189,,-0.1430,,먹다남은음식
불카모스,스코빌런,25,65,3.000,3.000,0.4096,,0.2935,0.1007,먹다남은음식
불카모스,아쿠스타,25,66,2.000,2.000,-0.0342,,-0.1277,-0.3288,기합의띠
불카모스,몰드류,25,67,2.000,2.000,0.0033,,-0.4633,-0.4633,구애스카프
불카모스,조로아크(히스이),25,68,2.000,4.000,0.0666,,0.0666,,기합의띠
불카모스,미끄래곤(히스이),25,69,4.000,3.000,-0.1369,,-0.1411,,먹다남은음식
불카모스,잠만보,25,70,5.000,2.000,-0.3369,,-0.5718,,먹다남은음식
불카모스,무장조,25,71,2.000,2.000,0.2836,,0.1822,-0.4672,자뭉열매
불카모스,클레스퍼트라,25,72,2.000,5.000,0.6370,,0.5435,,기합의띠
불카모스,창파나이트,25,73,2.000,2.000,-0.0020,,-0.0020,,없음
불카모스,우츠보트,25,74,2.000,4.000,0.8703,,0.8703,0.5332,기합의띠
불카모스,가라르야도킹,25,75,5.000,5.000,0.4299,,0.1380,,먹다남은음식
불카모스,깜까미,25,76,3.000,4.000,0.6332,,0.6332,0.3542,없음
불카모스,엘풍,25,77,2.000,9.000,1.0000,,1.0000,,기합의띠
불카모스,저승갓숭,25,78,3.000,2.000,-0.0207,,-0.0357,,먹다남은음식
불카모스,스트린더(하이),25,79,2.000,4.000,0.5332,,0.5332,,풍선
불카모스,샤미드,25,80,5.000,3.000,0.0125,,-0.1583,,먹다남은음식
불카모스,사마자르,25,81,3.000,1.000,-0.3375,,-0.3375,,기합의띠
불카모스,인텔리레온,25,82,2.000,2.000,-0.2676,,-0.2676,,없음
불카모스,깨비물거미,25,83,4.000,3.000,-0.1067,,-0.2709,,자뭉열매
불카모스,가디안,25,84,4.000,4.000,0.2776,,0.2776,0.0424,기합의띠
불카모스,왕구리,25,85,3.000,3.000,-0.0357,,-0.0357,,없음
불카모스,엘레이드,25,86,4.000,4.000,0.2835,,0.1048,-0.1891,생명의구슬
불카모스,브리무음,25,87,3.000,4.000,0.3340,,0.3340,,기합의띠
불카모스,눈여아,25,88,2.000,6.000,0.9645,,0.8709,0.2079,기합의띠
불카모스,어흥염,25,89,4.000,3.000,-0.0358,,-0.1451,,자뭉열매
불카모스,마릴리,25,90,3.000,3.000,-0.1545,,-0.2496,,자뭉열매
불카모스,올리르바,25,91,2.000,4.000,0.7902,,0.7902,,기합의띠
불카모스,스트린더(로우),25,92,2.000,4.000,0.5332,,0.5332,,풍선
불카모스,펜드라,25,93,2.000,2.000,-0.2844,,-0.3288,0.0033,기합의띠
불카모스,화염레오,25,94,4.000,3.000,-0.4639,,-0.4639,-0.7371,기합의띠
불카모스,윈디(히스이),25,95,5.000,1.000,-0.8077,,-0.8077,,기합의띠
불카모스,캥카,25,96,4.000,3.000,-0.0357,,-0.2044,-0.5922,타입강화
불카모스,꿈트렁,25,97,2.000,3.000,0.4395,,0.3460,,자뭉열매
불카모스,에써르(암컷),25,98,2.000,5.000,0.8703,,0.8703,,없음
불카모스,후딘,25,99,2.000,4.000,0.2079,,0.2079,,기합의띠
불카모스,드래캄,25,100,3.000,3.000,0.1990,,0.1990,-0.2353,생명의구슬
빠르모트,보만다,26,1,3.000,2.000,-0.0256,,-0.4923,-0.4923,구애스카프
빠르모트,한카리아스,26,2,2.000,1.000,-0.1977,,-0.6644,-0.5621,구애스카프
빠르모트,누리레느,26,3,1.000,1.000,0.0075,,-0.1977,,자뭉열매
빠르모트,갑주무사,26,4,2.000,2.000,0.1379,,0.1379,0.1379,생명의구슬
빠르모트,하마돈,26,5,4.000,2.000,-0.3935,,-0.6269,,자뭉열매
빠르모트,루카리오,26,6,1.000,2.000,0.3712,,0.1379,-0.4311,기합의띠
빠르모트,드닐레이브,26,7,2.000,2.000,0.1379,,0.1379,0.1379,기합의띠
빠르모트,브리두라스,26,8,2.000,2.000,0.1379,,0.1379,,자뭉열매
빠르모트,타부자고,26,9,3.000,3.000,0.1358,,0.1358,,풍선
빠르모트,따라큐,26,10,2.000,2.000,0.1379,,-0.1729,,생명의구슬
빠르모트,고릴타,26,11,3.000,2.000,-0.0955,,0.1379,,생명의구슬
빠르모트,킬가르도,26,12,3.000,2.000,-0.0955,,-0.0955,,먹다남은음식
빠르모트,마스카나,26,13,1.000,2.000,-0.0955,,-0.0955,,구애스카프
빠르모트,갸라도스,26,14,1.000,2.000,0.3712,,0.3712,0.1379,울퉁불퉁멧
빠르모트,아머까오,26,15,2.000,3.000,0.4735,,0.1379,,울퉁불퉁멧
빠르모트,킬라플로르,26,16,2.000,2.000,0.1379,,0.1379,-0.0955,기합의띠
빠르모트,대쓰여너,26,17,1.000,2.000,0.3712,,-0.0955,,구애스카프
빠르모트,리자몽,26,18,1.000,2.000,0.3943,,-0.0724,0.3185,구애스카프
빠르모트,포푸니크,26,19,2.000,2.000,-0.3288,,-0.3288,,없음
빠르모트,개굴닌자,26,20,1.000,2.000,-0.0955,,-0.3288,-0.0955,기합의띠
빠르모트,에이스번,26,21,2.000,2.000,-0.3288,,-0.3288,,구애스카프
빠르모트,알로라 나인테일,26,22,2.000,2.000,-0.3288,,-0.3288,,없음
빠르모트,에써르(수컷),26,23,2.000,2.000,0.1379,,-0.3288,,구애스카프
빠르모트,워시로토무,26,24,2.000,2.000,0.1379,,-0.0955,,먹다남은음식
빠르모트,불카모스,26,25,3.000,2.000,-0.0020,,-0.0955,,자뭉열매
빠르모트,라우드본,26,27,4.000,2.000,-0.0005,,-0.2247,,자뭉열매
빠르모트,삼삼드래,26,28,2.000,2.000,0.1379,,-0.3288,,구애스카프
빠르모트,메타그로스,26,29,3.000,1.000,-0.4311,,-0.4311,-0.8977,생명의구슬
빠르모트,망나뇽,26,30,2.495,2.000,0.0224,,0.0224,0.0212,없음
빠르모트,님피아,26,31,3.000,1.000,-0.3648,,-0.3648,,먹다남은음식
빠르모트,히트로토무,26,32,2.000,2.000,0.1379,,-0.3288,,구애스카프
빠르모트,거북왕,26,33,2.000,2.000,0.1379,,0.1379,0.1379,없음
빠르모트,대도각참,26,34,1.000,4.000,0.8090,,0.8090,,타입강화
빠르모트,팬텀,26,35,2.000,2.000,-0.3288,,-0.3288,-0.3288,기합의띠
빠르모트,마폭시,26,36,2.000,1.000,-0.1977,,-0.1977,-0.6644,기합의띠
빠르모트,엠페르트,26,37,2.000,2.000,0.3830,,0.3830,,없음
빠르모트,번치코,26,38,2.000,2.000,0.1379,,0.1379,0.1379,생명의구슬
빠르모트,대짱이,26,39,3.000,1.000,-0.4311,,-0.4311,-0.4311,자뭉열매
빠르모트,라이츄,26,40,2.000,2.000,-0.3288,,-0.3288,-0.3288,구애스카프
빠르모트,블래키,26,41,2.000,8.000,1.0000,,1.0000,,먹다남은음식
빠르모트,다크펫,26,42,2.000,2.000,0.1379,,0.1379,0.1379,기합의띠
빠르모트,더시마사리,26,43,2.000,5.000,0.9113,,0.9113,,먹다남은음식
빠르모트,핫삼,26,44,2.000,3.000,0.6663,,0.3307,0.1965,울퉁불퉁멧
빠르모트,오롱털,26,45,2.000,2.000,0.1379,,0.1379,,없음
빠르모트,픽시,26,46,3.000,2.000,-0.0708,,-0.0955,0.1023,먹다남은음식
빠르모트,카디나르마,26,47,3.000,1.000,-0.4311,,-0.4311,,기합의띠
빠르모트,앱솔,26,48,1.000,2.000,0.3712,,0.3712,-0.3288,없음
빠르모트,찌리배리,26,49,4.000,4.000,0.2986,,0.2986,,먹다남은음식
빠르모트,맘모꾸리,26,50,2.000,1.000,-0.1977,,-0.1977,,기합의띠
빠르모트,파라블레이즈,26,51,2.000,2.000,0.1379,,0.1379,,기합의띠
빠르모트,패리퍼,26,52,1.000,2.000,0.4247,,0.4247,,없음
빠르모트,찌르호크,26,53,2.000,3.000,0.4120,,-0.0547,-0.3288,구애스카프
빠르모트,대검귀,26,54,1.000,3.000,0.7068,,0.7068,,타입강화
빠르모트,마기라스,26,55,1.000,2.000,0.3712,,0.3712,0.3712,먹다남은음식
빠르모트,이어롭,26,56,1.000,2.000,0.1379,,-0.0955,-0.0955,자뭉열매
빠르모트,플라엣테,26,57,2.000,1.000,-0.3009,,-0.7675,-0.3009,구애스카프
빠르모트,배바닐라,26,58,1.000,2.000,0.3712,,0.3712,,타입강화
빠르모트,드래펄트,26,59,3.000,2.000,-0.5621,,-0.3288,,생명의구슬
빠르모트,입치트,26,60,3.000,2.000,-0.0955,,-0.0955,-0.0955,기합의띠
빠르모트,메가니움,26,61,3.000,3.000,0.1390,,0.1390,-0.3596,기합의띠
빠르모트,메타몽,26,62,1.000,3.000,0.7068,,0.7068,,구애스카프
빠르모트,이상해꽃,26,63,3.000,2.000,-0.0306,,-0.0139,-0.6518,생명의구슬
빠르모트,밀로틱,26,64,2.000,3.000,0.4729,,0.4716,,먹다남은음식
빠르모트,스코빌런,26,65,2.000,2.000,0.1379,,0.1379,0.1379,먹다남은음식
빠르모트,아쿠스타,26,66,1.000,2.000,-0.0955,,-0.3288,-0.0955,기합의띠
빠르모트,몰드류,26,67,1.000,1.000,0.0356,,-0.4311,-0.1977,구애스카프
빠르모트,조로아크(히스이),26,68,2.000,2.000,-0.3288,,-0.3288,,기합의띠
빠르모트,미끄래곤(히스이),26,69,2.000,2.000,0.1379,,0.1379,,먹다남은음식
빠르모트,잠만보,26,70,2.000,2.000,0.1379,,0.1379,,먹다남은음식
빠르모트,무장조,26,71,2.000,3.000,0.3810,,0.2118,-0.3288,자뭉열매
빠르모트,클레스퍼트라,26,72,2.000,2.000,-0.0955,,-0.0955,,기합의띠
빠르모트,창파나이트,26,73,2.000,2.000,0.1379,,0.1379,,없음
빠르모트,우츠보트,26,74,3.000,3.000,0.2400,,0.2400,-0.0955,기합의띠
빠르모트,가라르야도킹,26,75,3.000,2.000,-0.1298,,-0.3631,,먹다남은음식
빠르모트,깜까미,26,76,2.000,7.000,0.9971,,0.9971,0.9442,없음
빠르모트,엘풍,26,77,2.000,2.000,-0.3288,,-0.3288,,기합의띠
빠르모트,저승갓숭,26,78,3.000,2.000,-0.0955,,-0.0955,,먹다남은음식
빠르모트,스트린더(하이),26,79,4.000,2.000,-0.3288,,-0.3288,,풍선
빠르모트,샤미드,26,80,2.000,3.000,0.4608,,0.4321,,먹다남은음식
빠르모트,사마자르,26,81,2.000,3.000,0.4735,,0.4735,,기합의띠
빠르모트,인텔리레온,26,82,1.000,2.000,-0.0955,,-0.0955,,없음
빠르모트,깨비물거미,26,83,1.000,4.000,0.8090,,0.8090,,자뭉열매
빠르모트,가디안,26,84,2.000,1.000,-0.1977,,-0.1977,-0.1977,기합의띠
빠르모트,왕구리,26,85,1.000,2.000,0.3712,,0.3712,,없음
빠르모트,엘레이드,26,86,2.000,2.000,0.1379,,-0.1864,-0.3367,생명의구슬
빠르모트,브리무음,26,87,2.000,1.000,-0.3144,,-0.3144,,기합의띠
빠르모트,눈여아,26,88,2.000,2.000,-0.3288,,-0.3288,-0.3288,기합의띠
빠르모트,어흥염,26,89,2.000,2.000,0.1379,,0.1141,,자뭉열매
빠르모트,마릴리,26,90,2.000,2.000,0.1379,,0.1379,,자뭉열매
빠르모트,올리르바,26,91,2.000,2.000,0.2314,,0.1379,,기합의띠
빠르모트,스트린더(로우),26,92,4.000,2.000,-0.3288,,-0.3288,,풍선
빠르모트,펜드라,26,93,2.000,2.000,-0.3288,,-0.3288,-0.0955,기합의띠
빠르모트,화염레오,26,94,1.000,2.000,-0.0955,,-0.3288,-0.3288,기합의띠
빠르모트,윈디(히스이),26,95,2.000,2.000,0.1503,,0.1503,,기합의띠
빠르모트,캥카,26,96,2.000,2.000,0.1379,,0.1379,0.1379,타입강화
빠르모트,꿈트렁,26,97,2.000,2.000,0.1379,,0.1379,,자뭉열매
빠르모트,에써르(암컷),26,98,2.000,2.000,0.1379,,0.1379,,없음
빠르모트,후딘,26,99,2.000,1.000,-0.6644,,-0.6644,,기합의띠
빠르모트,드래캄,26,100,3.000,2.000,-0.0955,,-0.1977,-0.4311,생명의구슬
라우드본,보만다,27,1,5.000,4.000,-0.4452,,-0.4452,-0.4452,구애스카프
라우드본,한카리아스,27,2,4.000,2.000,-0.7841,,-0.7841,-0.4672,구애스카프
라우드본,누리레느,27,3,6.000,2.000,-0.7741,,-0.7855,,자뭉열매
라우드본,갑주무사,27,4,3.000,4.000,0.5051,,0.3128,0.8041,생명의구슬
라우드본,하마돈,27,5,4.000,3.000,0.1545,,-0.0811,,자뭉열매
라우드본,루카리오,27,6,2.000,4.000,0.3374,,0.3261,0.0018,기합의띠
라우드본,드닐레이브,27,7,4.000,3.000,-0.4672,,-0.4672,-0.4672,기합의띠
라우드본,브리두라스,27,8,3.000,3.000,-0.2317,,-0.2430,,자뭉열매
라우드본,타부자고,27,9,2.000,3.000,-0.1051,,-0.1051,,풍선
라우드본,따라큐,27,10,3.000,4.000,-0.1637,,-0.0248,,생명의구슬
라우드본,고릴타,27,11,2.000,3.000,0.0181,,0.0018,,생명의구슬
라우드본,킬가르도,27,12,2.000,2.000,0.1379,,0.1379,,먹다남은음식
라우드본,마스카나,27,13,2.000,3.000,0.0018,,0.0018,,구애스카프
라우드본,갸라도스,27,14,5.000,3.000,-0.7027,,-0.7027,-0.7027,울퉁불퉁멧
라우드본,아머까오,27,15,2.000,6.000,0.9843,,0.9680,,울퉁불퉁멧
라우드본,킬라플로르,27,16,2.000,2.000,-0.3175,,-0.3288,-0.3451,기합의띠
라우드본,대쓰여너,27,17,3.000,2.000,-0.5671,,-0.5671,,구애스카프
라우드본,리자몽,27,18,5.000,5.000,-0.1376,,-0.1376,-0.4563,구애스카프
라우드본,포푸니크,27,19,3.000,4.000,-0.0817,,-0.0817,,없음
라우드본,개굴닌자,27,20,3.000,2.000,-0.5508,,-0.5508,-0.5785,기합의띠
라우드본,에이스번,27,21,3.000,3.000,-0.2317,,-0.2317,,구애스카프
라우드본,알로라 나인테일,27,22,2.000,4.000,0.3374,,0.3374,,없음
라우드본,에써르(수컷),27,23,3.000,4.000,0.1017,,0.1017,,구애스카프
라우드본,워시로토무,27,24,4.000,2.000,-0.7841,,-0.7955,,먹다남은음식
라우드본,불카모스,27,25,4.000,6.000,0.2363,,-0.0726,,자뭉열매
라우드본,빠르모트,27,26,2.000,4.000,0.1017,,0.1017,,기합의띠
라우드본,삼삼드래,27,28,2.000,2.000,-0.3288,,-0.3288,,구애스카프
라우드본,메타그로스,27,29,2.000,3.000,0.0018,,0.0018,-0.0095,생명의구슬
라우드본,망나뇽,27,30,5.495,4.000,-0.6400,,-0.6400,-0.6991,없음
라우드본,님피아,27,31,5.000,5.000,0.0957,,-0.1490,,먹다남은음식
라우드본,히트로토무,27,32,4.000,4.000,-0.4539,,-0.4539,,구애스카프
라우드본,거북왕,27,33,5.000,2.000,-0.8005,,-0.8005,-0.8977,없음
라우드본,대도각참,27,34,2.000,3.000,0.4685,,0.1492,,타입강화
라우드본,팬텀,27,35,2.000,2.000,-0.3288,,-0.3288,-0.3288,기합의띠
라우드본,마폭시,27,36,3.000,4.000,-0.0830,,-0.0830,-0.2153,기합의띠
라우드본,엠페르트,27,37,4.000,2.000,-0.1104,,-0.1104,,없음
라우드본,번치코,27,38,3.000,3.000,-0.2153,,-0.2317,-0.2317,생명의구슬
라우드본,대짱이,27,39,5.000,2.000,-0.5508,,-0.7841,-0.8005,자뭉열매
라우드본,라이츄,27,40,3.000,4.000,0.0302,,0.0302,-0.2317,구애스카프
라우드본,블래키,27,41,5.000,4.000,0.0028,,-0.2310,,먹다남은음식
라우드본,다크펫,27,42,2.000,2.000,0.1379,,0.1379,-0.3451,기합의띠
라우드본,더시마사리,27,43,5.000,5.000,0.2961,,0.0147,,먹다남은음식
라우드본,핫삼,27,44,1.000,5.000,0.9556,,0.9113,0.8008,울퉁불퉁멧
라우드본,오롱털,27,45,3.000,2.000,0.2350,,0.2350,,없음
라우드본,픽시,27,46,4.000,11.000,0.8191,,0.8044,0.6062,먹다남은음식
라우드본,카디나르마,27,47,2.000,4.000,0.1017,,0.1017,,기합의띠
라우드본,앱솔,27,48,2.000,3.000,-0.0095,,-0.0095,-0.0095,없음
라우드본,찌리배리,27,49,4.000,6.000,0.5714,,0.2544,,먹다남은음식
라우드본,맘모꾸리,27,50,2.000,2.000,-0.3288,,-0.3288,,기합의띠
라우드본,파라블레이즈,27,51,3.000,2.000,-0.5508,,-0.5508,,기합의띠
라우드본,패리퍼,27,52,4.000,2.000,-0.3045,,-0.3045,,없음
라우드본,찌르호크,27,53,3.000,5.000,0.1274,,0.1274,0.0561,구애스카프
라우드본,대검귀,27,54,3.000,3.000,-0.2317,,-0.2317,,타입강화
라우드본,마기라스,27,55,4.000,2.000,-0.3175,,-0.5394,-0.7841,먹다남은음식
라우드본,이어롭,27,56,3.000,11.000,0.9935,,0.8954,0.9835,자뭉열매
라우드본,플라엣테,27,57,4.000,6.000,0.1264,,0.1264,-0.2810,구애스카프
라우드본,배바닐라,27,58,2.000,7.000,0.9957,,0.9794,,타입강화
라우드본,드래펄트,27,59,2.000,3.000,-0.2317,,-0.3288,,생명의구슬
라우드본,입치트,27,60,1.000,6.000,0.9907,,0.9907,0.9063,기합의띠
라우드본,메가니움,27,61,2.000,5.000,0.4023,,0.4023,0.0682,기합의띠
라우드본,메타몽,27,62,2.000,4.000,0.8900,,0.6453,,구애스카프
라우드본,이상해꽃,27,63,2.000,4.000,0.3970,,0.2127,-0.4468,생명의구슬
라우드본,밀로틱,27,64,8.000,4.000,-0.7000,,-0.7000,,먹다남은음식
라우드본,스코빌런,27,65,3.000,6.000,0.7513,,0.7513,0.6532,먹다남은음식
라우드본,아쿠스타,27,66,2.000,3.000,0.0068,,0.0068,-0.2317,기합의띠
라우드본,몰드류,27,67,2.000,2.000,-0.3175,,-0.3175,-0.3175,구애스카프
라우드본,조로아크(히스이),27,68,2.000,2.000,-0.3288,,-0.3288,,기합의띠
라우드본,미끄래곤(히스이),27,69,4.000,3.000,-0.0005,,-0.2361,,먹다남은음식
라우드본,잠만보,27,70,9.000,4.000,-0.6938,,-0.7000,,먹다남은음식
라우드본,무장조,27,71,2.000,6.000,0.8910,,0.8910,0.4726,자뭉열매
라우드본,클레스퍼트라,27,72,2.000,4.000,0.3261,,0.3261,,기합의띠
라우드본,창파나이트,27,73,3.000,4.000,0.5684,,0.5684,,없음
라우드본,우츠보트,27,74,2.000,6.000,0.9794,,0.9680,0.6617,기합의띠
라우드본,가라르야도킹,27,75,4.000,5.000,0.7339,,0.4338,,먹다남은음식
라우드본,깜까미,27,76,3.000,4.000,0.5054,,0.5054,0.2631,없음
라우드본,엘풍,27,77,2.000,9.000,1.0000,,1.0000,,기합의띠
라우드본,저승갓숭,27,78,3.000,5.000,0.1741,,-0.0722,,먹다남은음식
라우드본,스트린더(하이),27,79,2.000,4.000,0.3374,,0.1017,,풍선
라우드본,샤미드,27,80,8.000,3.000,-0.7130,,-0.7158,,먹다남은음식
라우드본,사마자르,27,81,3.000,3.000,-0.2317,,-0.2317,,기합의띠
라우드본,인텔리레온,27,82,4.000,2.000,-0.7841,,-0.7841,,없음
라우드본,깨비물거미,27,83,4.000,4.000,0.1017,,-0.1360,,자뭉열매
라우드본,가디안,27,84,3.000,4.000,0.1017,,0.1017,-0.2153,기합의띠
라우드본,왕구리,27,85,5.000,3.000,-0.7027,,-0.7027,,없음
라우드본,엘레이드,27,86,3.000,3.000,-0.2204,,-0.2317,-0.2317,생명의구슬
라우드본,브리무음,27,87,3.000,4.000,0.5684,,0.5684,,기합의띠
라우드본,눈여아,27,88,2.000,3.000,0.0018,,-0.0095,-0.3175,기합의띠
라우드본,어흥염,27,89,4.000,3.000,-0.0005,,-0.0245,,자뭉열매
라우드본,마릴리,27,90,5.000,4.000,-0.2876,,-0.5096,,자뭉열매
라우드본,올리르바,27,91,2.000,3.000,0.6582,,0.6582,,기합의띠
라우드본,스트린더(로우),27,92,2.000,5.000,0.6567,,0.4188,,풍선
라우드본,펜드라,27,93,2.000,4.000,0.3374,,0.3261,0.4711,기합의띠
라우드본,화염레오,27,94,3.000,4.000,0.1017,,0.1017,-0.2267,기합의띠
라우드본,윈디(히스이),27,95,2.000,2.000,-0.3528,,-0.3528,,기합의띠
라우드본,캥카,27,96,3.000,4.000,0.0602,,0.0602,-0.4208,타입강화
라우드본,꿈트렁,27,97,1.000,4.000,0.8092,,0.8092,,자뭉열매
라우드본,에써르(암컷),27,98,3.000,5.000,0.4188,,0.4188,,없음
라우드본,후딘,27,99,2.000,3.000,-0.0095,,-0.0095,,기합의띠
라우드본,드래캄,27,100,4.000,3.000,-0.0005,,-0.0841,-0.3175,생명의구슬
삼삼드래,보만다,28,1,2.000,2.000,-0.3594,,-0.3594,-0.3594,구애스카프
삼삼드래,한카리아스,28,2,1.000,1.000,-0.4311,,-0.4311,-0.4311,구애스카프
삼삼드래,누리레느,28,3,5.000,1.000,-0.8977,,-0.8977,,자뭉열매
삼삼드래,갑주무사,28,4,2.000,2.000,0.1379,,-0.1022,0.3048,생명의구슬
삼삼드래,하마돈,28,5,2.000,4.000,0.6325,,0.3726,,자뭉열매
삼삼드래,루카리오,28,6,2.000,2.000,0.1379,,0.1379,-0.6644,기합의띠
삼삼드래,드닐레이브,28,7,1.000,1.000,0.0356,,-0.1977,-0.1977,기합의띠
삼삼드래,브리두라스,28,8,2.000,1.000,-0.1977,,-0.1977,,자뭉열매
삼삼드래,타부자고,28,9,2.000,2.000,0.2083,,0.2083,,풍선
삼삼드래,따라큐,28,10,2.000,1.000,-0.2150,,-0.1977,,생명의구슬
삼삼드래,고릴타,28,11,2.000,2.000,0.1379,,0.1379,,생명의구슬
삼삼드래,킬가르도,28,12,2.000,2.000,0.1379,,0.1379,,먹다남은음식
삼삼드래,마스카나,28,13,2.000,1.000,-0.6644,,-0.6644,,구애스카프
삼삼드래,갸라도스,28,14,2.000,3.000,0.4735,,0.4735,0.2400,울퉁불퉁멧
삼삼드래,아머까오,28,15,3.000,4.000,0.5732,,0.5732,,울퉁불퉁멧
삼삼드래,킬라플로르,28,16,1.000,2.000,0.3712,,0.1379,-0.4311,기합의띠
삼삼드래,대쓰여너,28,17,2.000,3.000,0.4735,,0.0068,,구애스카프
삼삼드래,리자몽,28,18,2.000,3.000,-0.3057,,-0.3057,-0.3057,구애스카프
삼삼드래,포푸니크,28,19,2.000,1.000,-0.6644,,-0.6644,,없음
삼삼드래,개굴닌자,28,20,2.000,2.000,-0.3288,,-0.3288,-0.3288,기합의띠
삼삼드래,에이스번,28,21,2.000,1.000,-0.6644,,-0.6644,,구애스카프
삼삼드래,알로라 나인테일,28,22,2.000,1.000,-0.6644,,-0.6644,,없음
삼삼드래,에써르(수컷),28,23,2.000,2.000,0.1379,,-0.3288,,구애스카프
삼삼드래,워시로토무,28,24,2.000,5.000,0.9113,,0.9113,,먹다남은음식
삼삼드래,불카모스,28,25,3.000,2.000,-0.4686,,-0.7020,,자뭉열매
삼삼드래,빠르모트,28,26,2.000,2.000,-0.3288,,-0.3288,,기합의띠
삼삼드래,라우드본,28,27,2.000,2.000,0.1379,,-0.0841,,자뭉열매
삼삼드래,메타그로스,28,29,2.000,2.000,0.1379,,0.1379,-0.3288,생명의구슬
삼삼드래,망나뇽,28,30,2.495,2.000,0.1368,,0.1368,-0.6100,없음
삼삼드래,님피아,28,31,4.000,1.000,-0.5981,,-0.8314,,먹다남은음식
삼삼드래,히트로토무,28,32,2.000,5.000,0.9113,,0.6780,,구애스카프
삼삼드래,거북왕,28,33,2.000,3.000,0.4735,,0.4735,0.1379,없음
삼삼드래,대도각참,28,34,2.000,3.000,0.4735,,0.4735,,타입강화
삼삼드래,팬텀,28,35,2.000,2.000,-0.3288,,-0.3288,-0.3288,기합의띠
삼삼드래,마폭시,28,36,2.000,2.000,-0.3288,,-0.3288,-0.6644,기합의띠
삼삼드래,엠페르트,28,37,3.000,3.000,0.2785,,0.2785,,없음
삼삼드래,번치코,28,38,2.000,1.000,-0.1977,,-0.1977,-0.6644,생명의구슬
삼삼드래,대짱이,28,39,2.000,3.000,0.4735,,0.2400,0.2400,자뭉열매
삼삼드래,라이츄,28,40,2.000,2.000,-0.3288,,-0.3288,-0.6644,구애스카프
삼삼드래,블래키,28,41,4.000,10.000,0.9080,,0.9080,,먹다남은음식
삼삼드래,다크펫,28,42,2.000,4.000,0.8090,,0.8090,0.4735,기합의띠
삼삼드래,더시마사리,28,43,3.000,12.000,0.9932,,0.8910,,먹다남은음식
삼삼드래,핫삼,28,44,1.000,2.000,0.3712,,0.3712,0.2371,울퉁불퉁멧
삼삼드래,오롱털,28,45,2.000,1.000,-0.1977,,-0.1977,,없음
삼삼드래,픽시,28,46,4.000,2.000,-0.3396,,-0.3396,-0.6397,먹다남은음식
삼삼드래,카디나르마,28,47,2.000,2.000,0.1379,,0.1379,,기합의띠
삼삼드래,앱솔,28,48,2.000,1.000,-0.1977,,-0.1977,-0.6644,없음
삼삼드래,찌리배리,28,49,3.000,9.000,0.9937,,0.8977,,먹다남은음식
삼삼드래,맘모꾸리,28,50,2.000,2.000,0.1379,,0.1379,,기합의띠
삼삼드래,파라블레이즈,28,51,2.000,2.000,0.1379,,0.1379,,기합의띠
삼삼드래,패리퍼,28,52,2.000,3.000,0.5270,,0.5270,,없음
삼삼드래,찌르호크,28,53,2.000,3.000,-0.0547,,-0.0547,-0.5809,구애스카프
삼삼드래,대검귀,28,54,2.000,3.000,0.4735,,0.4735,,타입강화
삼삼드래,마기라스,28,55,3.000,2.000,-0.0955,,-0.0955,-0.0955,먹다남은음식
삼삼드래,이어롭,28,56,2.000,2.000,-0.3288,,-0.5621,-0.6644,자뭉열매
삼삼드래,플라엣테,28,57,3.000,1.000,-0.5342,,-0.8977,-0.8977,구애스카프
삼삼드래,배바닐라,28,58,2.000,2.000,0.1379,,-0.1977,,타입강화
삼삼드래,드래펄트,28,59,1.000,2.000,-0.0955,,-0.4311,,생명의구슬
삼삼드래,입치트,28,60,1.000,1.000,0.0356,,-0.1977,-0.1977,기합의띠
삼삼드래,메가니움,28,61,3.000,2.000,0.2092,,0.2092,-0.3608,기합의띠
삼삼드래,메타몽,28,62,2.000,2.000,0.1379,,-0.0955,,구애스카프
삼삼드래,이상해꽃,28,63,3.000,4.000,0.7552,,0.6918,0.4568,생명의구슬
삼삼드래,밀로틱,28,64,4.000,2.000,-0.3275,,-0.3275,,먹다남은음식
삼삼드래,스코빌런,28,65,2.000,5.000,0.9113,,0.9113,0.8090,먹다남은음식
삼삼드래,아쿠스타,28,66,2.000,3.000,0.0068,,0.0068,-0.3288,기합의띠
삼삼드래,몰드류,28,67,2.000,3.000,0.4735,,0.0068,-0.3288,구애스카프
삼삼드래,조로아크(히스이),28,68,1.000,2.000,-0.0955,,-0.3288,,기합의띠
삼삼드래,미끄래곤(히스이),28,69,3.000,1.000,-0.4311,,-0.4311,,먹다남은음식
삼삼드래,잠만보,28,70,3.000,3.000,0.1323,,0.0043,,먹다남은음식
삼삼드래,무장조,28,71,2.000,3.000,0.4735,,0.3043,-0.2548,자뭉열매
삼삼드래,클레스퍼트라,28,72,2.000,2.000,-0.3288,,-0.3288,,기합의띠
삼삼드래,창파나이트,28,73,2.000,1.000,-0.1977,,-0.1977,,없음
삼삼드래,우츠보트,28,74,2.000,4.000,0.8090,,0.8090,0.4735,기합의띠
삼삼드래,가라르야도킹,28,75,3.000,3.000,0.5398,,0.5398,,먹다남은음식
삼삼드래,깜까미,28,76,2.000,8.000,1.0000,,1.0000,0.9971,없음
삼삼드래,엘풍,28,77,2.000,1.000,-0.6644,,-0.6644,,기합의띠
삼삼드래,저승갓숭,28,78,3.000,2.000,-0.0707,,-0.0955,,먹다남은음식
삼삼드래,스트린더(하이),28,79,1.000,3.000,0.7068,,0.4735,,풍선
삼삼드래,샤미드,28,80,4.000,3.000,0.2950,,0.2950,,먹다남은음식
삼삼드래,사마자르,28,81,2.000,2.000,0.1379,,0.1379,,기합의띠
삼삼드래,인텔리레온,28,82,2.000,2.000,-0.3288,,-0.3288,,없음
삼삼드래,깨비물거미,28,83,3.000,3.000,0.2400,,0.2400,,자뭉열매
삼삼드래,가디안,28,84,3.000,1.000,-0.4311,,-0.4311,-0.8977,기합의띠
삼삼드래,왕구리,28,85,2.000,3.000,0.4735,,0.4735,,없음
삼삼드래,엘레이드,28,86,2.000,2.000,0.1300,,0.1379,-0.3367,생명의구슬
삼삼드래,브리무음,28,87,3.000,1.000,-0.3144,,-0.3144,,기합의띠
삼삼드래,눈여아,28,88,2.000,2.000,-0.3288,,-0.3288,-0.6644,기합의띠
삼삼드래,어흥염,28,89,2.000,2.000,0.1141,,-0.0955,,자뭉열매
삼삼드래,마릴리,28,90,4.000,2.000,-0.3288,,-0.5621,,자뭉열매
삼삼드래,올리르바,28,91,2.000,2.000,-0.0020,,-0.0020,,기합의띠
삼삼드래,스트린더(로우),28,92,1.000,3.000,0.7068,,0.4735,,풍선
삼삼드래,펜드라,28,93,2.000,2.000,-0.3288,,-0.3288,0.1379,기합의띠
삼삼드래,화염레오,28,94,2.000,3.000,0.0068,,0.0068,0.0068,기합의띠
삼삼드래,윈디(히스이),28,95,1.000,2.000,0.3750,,0.1503,,기합의띠
삼삼드래,캥카,28,96,2.000,3.000,0.4373,,0.1018,-0.5621,타입강화
삼삼드래,꿈트렁,28,97,2.000,3.000,0.1554,,0.1554,,자뭉열매
삼삼드래,에써르(암컷),28,98,2.000,2.000,0.1379,,0.1379,,없음
삼삼드래,후딘,28,99,2.000,2.000,-0.3288,,-0.3288,,기합의띠
삼삼드래,드래캄,28,100,1.000,1.000,0.0356,,0.0356,-0.1977,생명의구슬
메타그로스,보만다,29,1,2.000,3.000,-0.2573,0.2094,-0.2573,-0.2573,구애스카프
메타그로스,한카리아스,29,2,2.000,2.000,-0.3288,0.1379,-0.3288,-0.5621,구애스카프
메타그로스,누리레느,29,3,2.000,3.000,0.4453,0.4855,0.2400,,자뭉열매
메타그로스,갑주무사,29,4,3.000,3.000,0.1729,0.3169,0.0000,-0.2983,생명의구슬
메타그로스,하마돈,29,5,4.000,2.000,-0.0588,-0.0588,-0.2930,,자뭉열매
메타그로스,루카리오,29,6,2.000,2.000,-0.3288,0.4735,-0.3288,-0.3288,기합의띠
메타그로스,드닐레이브,29,7,2.000,2.000,-0.3288,0.4735,-0.3288,-0.3288,기합의띠
메타그로스,브리두라스,29,8,3.000,3.000,-0.2267,0.2400,-0.2267,,자뭉열매
메타그로스,타부자고,29,9,3.000,2.000,-0.4897,0.2083,-0.7230,,풍선
메타그로스,따라큐,29,10,1.000,3.000,0.2228,0.7144,-0.0706,,생명의구슬
메타그로스,고릴타,29,11,3.000,3.000,-0.2267,0.2400,-0.5621,,생명의구슬
메타그로스,킬가르도,29,12,2.000,2.000,0.1379,0.1379,-0.0955,,먹다남은음식
메타그로스,마스카나,29,13,2.000,2.000,-0.3288,0.0068,-0.3288,,구애스카프
메타그로스,갸라도스,29,14,2.000,3.000,0.0068,0.4735,-0.3288,-0.3288,울퉁불퉁멧
메타그로스,아머까오,29,15,4.000,9.000,0.8910,0.8910,0.3027,,울퉁불퉁멧
메타그로스,킬라플로르,29,16,1.000,2.000,-0.0955,0.7068,-0.3288,-0.0955,기합의띠
메타그로스,대쓰여너,29,17,3.000,2.000,-0.5621,0.4735,-0.5621,,구애스카프
메타그로스,리자몽,29,18,3.000,2.000,-0.6413,0.0852,-0.6413,-0.6413,구애스카프
메타그로스,포푸니크,29,19,1.000,3.000,0.2401,0.2401,0.2401,,없음
메타그로스,개굴닌자,29,20,2.000,2.000,-0.3288,-0.3288,-0.3288,-0.3288,기합의띠
메타그로스,에이스번,29,21,2.000,2.000,-0.3288,-0.3288,-0.3288,,구애스카프
메타그로스,알로라 나인테일,29,22,1.000,3.000,0.2401,0.8090,0.2401,,없음
메타그로스,에써르(수컷),29,23,2.000,3.000,0.0068,0.4735,0.0068,,구애스카프
메타그로스,워시로토무,29,24,3.000,3.000,-0.2267,0.2400,-0.2267,,먹다남은음식
메타그로스,불카모스,29,25,3.000,2.000,-0.5621,-0.0020,-0.7020,,자뭉열매
메타그로스,빠르모트,29,26,1.000,3.000,0.2401,0.7068,0.0068,,기합의띠
메타그로스,라우드본,29,27,3.000,2.000,-0.1005,-0.0841,-0.3338,,자뭉열매
메타그로스,삼삼드래,29,28,2.000,2.000,-0.3288,0.1379,-0.3288,,구애스카프
메타그로스,망나뇽,29,30,2.495,3.000,-0.1087,0.5290,-0.1087,-0.2744,없음
메타그로스,님피아,29,31,2.000,3.000,0.7137,0.7800,0.7137,,먹다남은음식
메타그로스,히트로토무,29,32,3.000,1.000,-0.8977,-0.0955,-0.8977,,구애스카프
메타그로스,거북왕,29,33,3.000,2.000,-0.5621,0.2400,-0.5621,-0.5621,없음
메타그로스,대도각참,29,34,2.000,2.000,0.1379,0.3712,0.1379,,타입강화
메타그로스,팬텀,29,35,1.000,2.000,-0.0955,0.1379,-0.3288,-0.3288,기합의띠
메타그로스,마폭시,29,36,2.000,1.000,-0.6644,0.1379,-0.6644,-0.8977,기합의띠
메타그로스,엠페르트,29,37,2.000,3.000,0.4850,0.4850,0.4850,,없음
메타그로스,번치코,29,38,2.000,2.000,-0.3288,0.1379,-0.4311,-0.6644,생명의구슬
메타그로스,대짱이,29,39,3.000,2.000,-0.0955,-0.0955,-0.3288,-0.5621,자뭉열매
메타그로스,라이츄,29,40,2.000,3.000,0.0068,0.2401,0.0068,-0.3288,구애스카프
메타그로스,블래키,29,41,3.000,3.000,0.5566,0.5566,0.2923,,먹다남은음식
메타그로스,다크펫,29,42,2.000,2.000,0.1379,0.1379,0.1379,-0.3288,기합의띠
메타그로스,더시마사리,29,43,3.000,8.000,0.9932,1.0000,0.9932,,먹다남은음식
메타그로스,핫삼,29,44,4.000,4.000,0.1201,0.2256,-0.1311,-0.6991,울퉁불퉁멧
메타그로스,오롱털,29,45,2.000,2.000,0.1379,0.3712,0.1379,,없음
메타그로스,픽시,29,46,2.000,4.000,0.7735,0.7735,0.7735,0.2046,먹다남은음식
메타그로스,카디나르마,29,47,2.000,1.000,-0.6644,0.1379,-0.6644,,기합의띠
메타그로스,앱솔,29,48,2.000,2.000,-0.3288,0.4735,-0.3288,-0.3288,없음
메타그로스,찌리배리,29,49,3.000,4.000,0.5667,0.9001,0.5513,,먹다남은음식
메타그로스,맘모꾸리,29,50,2.000,2.000,-0.3288,0.1379,-0.3288,,기합의띠
메타그로스,파라블레이즈,29,51,2.000,2.000,-0.3288,0.1379,-0.3288,,기합의띠
메타그로스,패리퍼,29,52,2.000,3.000,0.7231,0.7231,0.7231,,없음
메타그로스,찌르호크,29,53,4.000,4.000,-0.1754,0.5350,-0.1754,0.2809,구애스카프
메타그로스,대검귀,29,54,2.000,3.000,0.0068,0.4735,-0.3288,,타입강화
메타그로스,마기라스,29,55,1.000,3.000,0.7068,0.7068,0.4735,-0.3288,먹다남은음식
메타그로스,이어롭,29,56,2.000,5.000,0.6780,0.9113,0.6780,0.0068,자뭉열매
메타그로스,플라엣테,29,57,2.000,4.000,0.6209,0.8934,0.6209,0.1551,구애스카프
메타그로스,배바닐라,29,58,2.000,5.000,0.6780,0.9113,0.3424,,타입강화
메타그로스,드래펄트,29,59,2.000,2.000,-0.3288,-0.3288,-0.3288,,생명의구슬
메타그로스,입치트,29,60,2.000,4.000,0.8090,0.9113,0.8090,0.8090,기합의띠
메타그로스,메가니움,29,61,3.000,4.000,-0.1828,0.4729,-0.1828,-0.0942,기합의띠
메타그로스,메타몽,29,62,1.000,3.000,0.7068,0.8090,0.2401,,구애스카프
메타그로스,이상해꽃,29,63,2.000,3.000,0.2251,0.6918,-0.1105,-0.2624,생명의구슬
메타그로스,밀로틱,29,64,3.000,5.000,0.4380,0.9922,0.1343,,먹다남은음식
메타그로스,스코빌런,29,65,3.000,2.000,-0.5911,-0.0293,-0.6573,-0.8977,먹다남은음식
메타그로스,아쿠스타,29,66,2.000,5.000,0.6780,0.6780,0.6780,0.1066,기합의띠
메타그로스,몰드류,29,67,2.000,2.000,-0.3288,0.1379,-0.3288,-0.3288,구애스카프
메타그로스,조로아크(히스이),29,68,2.000,2.000,-0.3288,-0.0955,-0.3288,,기합의띠
메타그로스,미끄래곤(히스이),29,69,2.000,2.000,0.1379,0.4735,0.1379,,먹다남은음식
메타그로스,잠만보,29,70,2.000,3.000,0.3668,0.3668,0.2400,,먹다남은음식
메타그로스,무장조,29,71,4.000,5.000,0.2764,0.6671,-0.0099,-0.2400,자뭉열매
메타그로스,클레스퍼트라,29,72,2.000,3.000,0.0068,0.4735,0.0068,,기합의띠
메타그로스,창파나이트,29,73,2.000,2.000,0.1379,0.1379,0.1379,,없음
메타그로스,우츠보트,29,74,2.000,4.000,0.5757,0.9113,0.5757,0.5757,기합의띠
메타그로스,가라르야도킹,29,75,2.000,3.000,0.2057,0.5398,0.2057,,먹다남은음식
메타그로스,깜까미,29,76,3.000,3.000,0.3721,0.5168,0.3721,-0.0522,없음
메타그로스,엘풍,29,77,1.000,7.000,1.0000,1.0000,1.0000,,기합의띠
메타그로스,저승갓숭,29,78,2.000,3.000,0.0068,0.7734,0.0068,,먹다남은음식
메타그로스,스트린더(하이),29,79,1.000,3.000,0.2401,0.8090,0.0068,,풍선
메타그로스,샤미드,29,80,3.000,4.000,0.5321,0.8575,0.2950,,먹다남은음식
메타그로스,사마자르,29,81,2.000,3.000,0.0068,0.8090,0.0068,,기합의띠
메타그로스,인텔리레온,29,82,2.000,3.000,0.0068,0.0068,0.0068,,없음
메타그로스,깨비물거미,29,83,3.000,5.000,0.9099,0.9361,0.9065,,자뭉열매
메타그로스,가디안,29,84,1.000,3.000,0.2401,0.7068,0.0068,-0.0955,기합의띠
메타그로스,왕구리,29,85,2.000,3.000,0.2401,0.4735,0.2401,,없음
메타그로스,엘레이드,29,86,2.000,3.000,-0.0011,0.4735,-0.3288,-0.5621,생명의구슬
메타그로스,브리무음,29,87,2.000,3.000,0.4735,0.5901,0.4735,,기합의띠
메타그로스,눈여아,29,88,1.000,2.000,-0.0955,0.4735,-0.3288,-0.0955,기합의띠
메타그로스,어흥염,29,89,3.000,2.000,-0.0955,-0.0955,-0.3288,,자뭉열매
메타그로스,마릴리,29,90,3.000,6.000,0.6418,0.6418,0.6418,,자뭉열매
메타그로스,올리르바,29,91,2.000,3.000,0.3390,0.4735,0.3390,,기합의띠
메타그로스,스트린더(로우),29,92,1.000,3.000,0.2401,0.8090,0.0068,,풍선
메타그로스,펜드라,29,93,2.000,3.000,0.0068,0.0068,0.0068,0.3142,기합의띠
메타그로스,화염레오,29,94,2.000,1.000,-0.6644,0.1379,-0.6644,-0.6644,기합의띠
메타그로스,윈디(히스이),29,95,1.000,2.000,-0.1042,0.3625,-0.3288,,기합의띠
메타그로스,캥카,29,96,2.000,3.000,0.0068,0.5254,0.0068,-0.0293,타입강화
메타그로스,꿈트렁,29,97,3.000,3.000,0.2574,0.7967,0.2574,,자뭉열매
메타그로스,에써르(암컷),29,98,2.000,3.000,0.0068,0.8090,0.0068,,없음
메타그로스,후딘,29,99,2.000,2.000,-0.3288,0.0068,-0.3288,,기합의띠
메타그로스,드래캄,29,100,2.000,3.000,0.4735,0.4735,0.3712,0.1379,생명의구슬
망나뇽,보만다,30,1,2.000,2.495,-0.2953,0.2264,-0.2953,-0.2953,구애스카프
망나뇽,한카리아스,30,2,2.000,2.495,-0.3272,-0.0466,-0.3272,-0.3272,구애스카프
망나뇽,누리레느,30,3,4.000,2.495,-0.0602,0.1586,-0.2935,,자뭉열매
망나뇽,갑주무사,30,4,3.000,6.495,0.9832,0.9990,0.9073,0.7630,생명의구슬
망나뇽,하마돈,30,5,3.000,3.495,0.3263,0.3838,0.0795,,자뭉열매
망나뇽,루카리오,30,6,2.000,3.495,0.0084,0.7528,0.0084,-0.2816,기합의띠
망나뇽,드닐레이브,30,7,2.000,1.495,-0.4983,0.2555,-0.4983,-0.4983,기합의띠
망나뇽,브리두라스,30,8,3.000,2.495,-0.4462,0.3057,-0.6795,,자뭉열매
망나뇽,타부자고,30,9,3.000,4.495,-0.1580,0.4790,-0.4088,,풍선
망나뇽,따라큐,30,10,4.000,3.495,-0.3625,0.1179,-0.5150,,생명의구슬
망나뇽,고릴타,30,11,2.000,7.495,0.9965,1.0000,0.8354,,생명의구슬
망나뇽,킬가르도,30,12,3.000,3.495,0.3554,0.3571,0.1121,,먹다남은음식
망나뇽,마스카나,30,13,2.000,1.495,-0.6172,-0.4966,-0.6172,,구애스카프
망나뇽,갸라도스,30,14,2.000,2.495,-0.1627,0.5911,-0.1627,-0.5150,울퉁불퉁멧
망나뇽,아머까오,30,15,4.000,5.495,0.5287,0.9091,0.4381,,울퉁불퉁멧
망나뇽,킬라플로르,30,16,1.000,2.495,0.1228,0.5911,0.0084,-0.0483,기합의띠
망나뇽,대쓰여너,30,17,3.000,2.495,-0.0483,0.3571,-0.5150,,구애스카프
망나뇽,리자몽,30,18,3.000,3.495,-0.0948,0.4969,-0.0948,-0.3443,구애스카프
망나뇽,포푸니크,30,19,2.000,3.495,0.3440,0.3456,0.3440,,없음
망나뇽,개굴닌자,30,20,2.000,2.495,-0.4462,-0.3255,-0.4462,-0.6172,기합의띠
망나뇽,에이스번,30,21,2.000,3.495,0.0533,0.3456,0.0533,,구애스카프
망나뇽,알로라 나인테일,30,22,3.000,1.495,-0.6795,-0.4445,-0.6795,,없음
망나뇽,에써르(수컷),30,23,3.000,4.495,0.2232,0.8019,0.2232,,구애스카프
망나뇽,워시로토무,30,24,3.000,4.495,0.5576,0.9093,0.2770,,먹다남은음식
망나뇽,불카모스,30,25,3.000,6.495,0.6400,0.9872,0.3300,,자뭉열매
망나뇽,빠르모트,30,26,2.000,2.495,-0.1627,-0.1610,-0.1627,,기합의띠
망나뇽,라우드본,30,27,4.000,5.495,0.8099,0.9172,0.5563,,자뭉열매
망나뇽,삼삼드래,30,28,2.000,2.495,-0.3272,0.4201,-0.3272,,구애스카프
망나뇽,메타그로스,30,29,3.000,2.495,0.0706,0.1867,0.0205,-0.5150,생명의구슬
망나뇽,님피아,30,31,5.000,2.495,-0.3810,-0.4612,-0.5714,,먹다남은음식
망나뇽,히트로토무,30,32,3.000,4.495,0.5376,0.9033,0.5376,,구애스카프
망나뇽,거북왕,30,33,3.000,2.495,-0.0483,0.3571,-0.0483,-0.2128,없음
망나뇽,대도각참,30,34,3.000,4.495,0.3289,0.8579,0.3289,,타입강화
망나뇽,팬텀,30,35,2.000,2.495,0.0084,0.0101,0.0084,-0.1627,기합의띠
망나뇽,마폭시,30,36,2.000,3.495,0.3440,0.1259,0.3440,-0.3545,기합의띠
망나뇽,엠페르트,30,37,2.000,2.495,0.1766,0.1783,0.1766,,없음
망나뇽,번치코,30,38,2.000,3.495,0.2417,0.6413,0.2417,-0.1112,생명의구슬
망나뇽,대짱이,30,39,3.000,2.495,-0.0483,0.3571,-0.0483,-0.0483,자뭉열매
망나뇽,라이츄,30,40,2.000,4.495,0.3440,0.5167,0.3440,0.0084,구애스카프
망나뇽,블래키,30,41,5.000,7.495,0.7990,0.9021,0.5496,,먹다남은음식
망나뇽,다크펫,30,42,2.000,3.495,0.6899,0.7528,0.6899,0.3554,기합의띠
망나뇽,더시마사리,30,43,4.000,15.495,0.9411,0.9411,0.8979,,먹다남은음식
망나뇽,핫삼,30,44,2.000,5.495,0.9304,0.9521,0.8795,0.8337,울퉁불퉁멧
망나뇽,오롱털,30,45,4.000,2.495,-0.1672,0.1137,-0.1672,,없음
망나뇽,픽시,30,46,5.000,3.495,-0.1788,-0.0581,-0.4796,-0.2180,먹다남은음식
망나뇽,카디나르마,30,47,3.000,4.495,0.6899,0.9093,0.6899,,기합의띠
망나뇽,앱솔,30,48,2.000,2.495,0.1850,0.4767,0.1850,-0.2816,없음
망나뇽,찌리배리,30,49,3.000,6.495,0.9219,0.9402,0.8725,,먹다남은음식
망나뇽,맘모꾸리,30,50,3.000,1.495,-0.3839,0.0222,-0.3839,,기합의띠
망나뇽,파라블레이즈,30,51,2.000,3.495,0.1114,0.5797,0.1114,,기합의띠
망나뇽,패리퍼,30,52,2.000,2.495,0.4274,0.6582,0.4274,,없음
망나뇽,찌르호크,30,53,3.000,4.495,0.1026,0.7535,0.1026,-0.0518,구애스카프
망나뇽,대검귀,30,54,3.000,2.495,-0.2816,0.3057,-0.2816,,타입강화
망나뇽,마기라스,30,55,3.000,2.495,0.1850,0.1867,-0.0483,-0.2128,먹다남은음식
망나뇽,이어롭,30,56,3.000,2.495,-0.2816,-0.2799,-0.5150,-0.4462,자뭉열매
망나뇽,플라엣테,30,57,4.000,2.495,-0.6834,-0.1306,-0.6834,-0.7728,구애스카프
망나뇽,배바닐라,30,58,3.000,1.495,-0.1506,0.0222,-0.1506,,타입강화
망나뇽,드래펄트,30,59,2.000,2.495,-0.0483,-0.0466,-0.2128,,생명의구슬
망나뇽,입치트,30,60,2.000,2.495,0.4750,0.4767,0.4750,0.1850,기합의띠
망나뇽,메가니움,30,61,3.000,5.495,0.7513,0.9703,0.7513,0.0153,기합의띠
망나뇽,메타몽,30,62,2.000,3.495,0.7518,0.8100,0.3440,,구애스카프
망나뇽,이상해꽃,30,63,3.000,5.495,0.8392,0.9660,0.4915,0.4444,생명의구슬
망나뇽,밀로틱,30,64,5.000,3.495,-0.6641,0.0071,-0.7218,,먹다남은음식
망나뇽,스코빌런,30,65,2.000,6.495,0.9789,0.9948,0.9779,0.9637,먹다남은음식
망나뇽,아쿠스타,30,66,3.000,2.495,-0.2816,-0.1610,-0.2816,-0.2816,기합의띠
망나뇽,몰드류,30,67,2.000,3.495,0.1624,0.6307,0.1624,-0.1112,구애스카프
망나뇽,조로아크(히스이),30,68,2.000,2.495,0.0084,0.0101,0.0084,,기합의띠
망나뇽,미끄래곤(히스이),30,69,3.000,2.495,0.1850,0.1867,0.1850,,먹다남은음식
망나뇽,잠만보,30,70,5.000,2.495,-0.2617,0.0648,-0.5545,,먹다남은음식
망나뇽,무장조,30,71,3.000,5.495,0.7322,0.9600,0.5586,-0.2053,자뭉열매
망나뇽,클레스퍼트라,30,72,3.000,4.495,0.2232,0.6812,0.2232,,기합의띠
망나뇽,창파나이트,30,73,2.000,4.495,0.6899,0.9123,0.6899,,없음
망나뇽,우츠보트,30,74,3.000,5.495,0.9277,0.9816,0.9277,0.6858,기합의띠
망나뇽,가라르야도킹,30,75,3.000,2.495,0.1366,0.1382,0.1366,,먹다남은음식
망나뇽,깜까미,30,76,2.000,5.495,0.9405,0.9597,0.9405,0.9149,없음
망나뇽,엘풍,30,77,2.000,3.495,0.0084,0.1746,0.0084,,기합의띠
망나뇽,저승갓숭,30,78,3.000,2.495,-0.4901,0.3390,-0.5150,,먹다남은음식
망나뇽,스트린더(하이),30,79,1.000,4.495,0.8095,0.9123,0.7518,,풍선
망나뇽,샤미드,30,80,5.000,2.495,-0.2147,0.0148,-0.4483,,먹다남은음식
망나뇽,사마자르,30,81,2.000,3.495,-0.1112,0.4767,-0.1112,,기합의띠
망나뇽,인텔리레온,30,82,2.000,2.495,-0.2816,-0.1610,-0.2816,,없음
망나뇽,깨비물거미,30,83,3.000,3.495,0.2020,0.5731,0.0798,,자뭉열매
망나뇽,가디안,30,84,3.000,2.495,-0.2816,0.1137,-0.2816,-0.6795,기합의띠
망나뇽,왕구리,30,85,3.000,2.495,-0.0483,0.3571,-0.0483,,없음
망나뇽,엘레이드,30,86,3.000,1.495,-0.2167,0.0222,-0.3839,-0.6211,생명의구슬
망나뇽,브리무음,30,87,4.000,2.495,-0.0630,0.0602,-0.0630,,기합의띠
망나뇽,눈여아,30,88,2.000,1.495,-0.4462,-0.3255,-0.4462,-0.6172,기합의띠
망나뇽,어흥염,30,89,3.000,4.495,0.5969,0.9112,0.5687,,자뭉열매
망나뇽,마릴리,30,90,3.000,3.495,0.1484,0.4883,0.1484,,자뭉열매
망나뇽,올리르바,30,91,3.000,4.495,0.5330,0.8220,0.5330,,기합의띠
망나뇽,스트린더(로우),30,92,1.000,4.495,0.8095,0.9123,0.7518,,풍선
망나뇽,펜드라,30,93,2.000,4.495,0.2210,0.4356,0.2210,0.4419,기합의띠
망나뇽,화염레오,30,94,2.000,4.495,0.5576,0.6812,0.5576,0.2232,기합의띠
망나뇽,윈디(히스이),30,95,1.000,2.495,-0.2110,0.2574,-0.3211,,기합의띠
망나뇽,캥카,30,96,3.000,2.495,-0.4902,0.3571,-0.4902,-0.5150,타입강화
망나뇽,꿈트렁,30,97,2.000,4.495,0.9088,0.9133,0.9001,,자뭉열매
망나뇽,에써르(암컷),30,98,3.000,4.495,0.1082,0.9093,0.1082,,없음
망나뇽,후딘,30,99,3.000,3.495,0.1539,0.3456,0.1539,,기합의띠
망나뇽,드래캄,30,100,2.000,2.495,0.1394,0.4201,0.2538,-0.0316,생명의구슬
님피아,보만다,31,1,2.000,4.000,0.5984,,0.5984,-0.1407,구애스카프
님피아,한카리아스,31,2,1.000,3.000,-0.0223,,-0.0223,0.5536,구애스카프
님피아,누리레느,31,3,3.000,5.000,0.5892,,0.5528,,자뭉열매
님피아,갑주무사,31,4,2.000,3.000,0.3577,,0.2062,0.0903,생명의구슬
님피아,하마돈,31,5,2.000,4.000,0.6223,,0.4117,,자뭉열매
님피아,루카리오,31,6,2.000,2.000,-0.3288,,-0.3288,-0.4242,기합의띠
님피아,드닐레이브,31,7,2.000,3.000,-0.0223,,-0.0886,-0.0223,기합의띠
님피아,브리두라스,31,8,2.000,3.000,-0.0886,,-0.2557,,자뭉열매
님피아,타부자고,31,9,4.000,2.000,-0.7268,,-0.7268,,풍선
님피아,따라큐,31,10,2.000,4.000,0.2445,,0.0246,,생명의구슬
님피아,고릴타,31,11,2.000,3.000,-0.0886,,-0.3288,,생명의구슬
님피아,킬가르도,31,12,4.000,2.000,-0.4959,,-0.7292,,먹다남은음식
님피아,마스카나,31,13,1.000,3.000,0.1448,,0.1448,,구애스카프
님피아,갸라도스,31,14,2.000,4.000,0.0782,,0.0782,0.0731,울퉁불퉁멧
님피아,아머까오,31,15,5.000,3.000,-0.4424,,-0.6310,,울퉁불퉁멧
님피아,킬라플로르,31,16,4.000,3.000,-0.4907,,-0.4907,-0.7292,기합의띠
님피아,대쓰여너,31,17,2.000,2.000,-0.4959,,-0.4959,,구애스카프
님피아,리자몽,31,18,4.000,3.000,-0.4025,,-0.4025,-0.7198,구애스카프
님피아,포푸니크,31,19,2.000,2.000,-0.3288,,-0.3288,,없음
님피아,개굴닌자,31,20,1.000,3.000,0.1448,,-0.0886,0.1448,기합의띠
님피아,에이스번,31,21,4.000,2.000,-0.8245,,-0.8245,,구애스카프
님피아,알로라 나인테일,31,22,2.000,5.000,0.8132,,0.8132,,없음
님피아,에써르(수컷),31,23,2.000,5.000,0.8132,,0.8132,,구애스카프
님피아,워시로토무,31,24,2.000,5.000,0.5826,,0.4122,,먹다남은음식
님피아,불카모스,31,25,5.000,6.000,-0.3706,,-0.5974,,자뭉열매
님피아,빠르모트,31,26,1.000,3.000,0.1448,,-0.0886,,기합의띠
님피아,라우드본,31,27,5.000,5.000,0.0073,,-0.2946,,자뭉열매
님피아,삼삼드래,31,28,1.000,4.000,0.4804,,0.4804,,구애스카프
님피아,메타그로스,31,29,3.000,2.000,-0.7292,,-0.5912,-0.8245,생명의구슬
님피아,망나뇽,31,30,2.495,5.000,0.5012,,0.5012,0.6178,없음
님피아,히트로토무,31,32,4.000,4.000,-0.2069,,-0.2069,,구애스카프
님피아,거북왕,31,33,2.000,4.000,-0.1418,,-0.1418,-0.2557,없음
님피아,대도각참,31,34,2.000,2.000,-0.0292,,-0.0292,,타입강화
님피아,팬텀,31,35,3.000,3.000,-0.2557,,-0.2557,-0.5621,기합의띠
님피아,마폭시,31,36,3.000,4.000,-0.3062,,-0.3062,-0.4907,기합의띠
님피아,엠페르트,31,37,4.000,3.000,-0.3271,,-0.3271,,없음
님피아,번치코,31,38,2.000,3.000,-0.0886,,-0.3288,-0.3288,생명의구슬
님피아,대짱이,31,39,2.000,3.000,-0.0224,,-0.0224,-0.2557,자뭉열매
님피아,라이츄,31,40,2.000,5.000,0.5826,,0.5826,0.0068,구애스카프
님피아,블래키,31,41,2.000,11.000,1.0000,,0.9960,,먹다남은음식
님피아,다크펫,31,42,2.000,2.000,-0.3288,,-0.3288,-0.3288,기합의띠
님피아,더시마사리,31,43,6.000,7.000,0.4919,,0.0663,,먹다남은음식
님피아,핫삼,31,44,2.000,3.000,-0.0807,,-0.0807,-0.1298,울퉁불퉁멧
님피아,오롱털,31,45,1.000,3.000,0.7137,,0.7137,,없음
님피아,픽시,31,46,3.000,7.000,0.9439,,0.8784,0.4793,먹다남은음식
님피아,카디나르마,31,47,3.000,4.000,-0.1818,,-0.1818,,기합의띠
님피아,앱솔,31,48,1.000,4.000,0.7206,,0.7206,0.4804,없음
님피아,찌리배리,31,49,3.000,7.000,0.9898,,0.9214,,먹다남은음식
님피아,맘모꾸리,31,50,2.000,3.000,-0.0886,,-0.0886,,기합의띠
님피아,파라블레이즈,31,51,3.000,3.000,-0.4907,,-0.4907,,기합의띠
님피아,패리퍼,31,52,2.000,5.000,0.6338,,0.6338,,없음
님피아,찌르호크,31,53,2.000,3.000,0.0477,,0.0477,0.2825,구애스카프
님피아,대검귀,31,54,1.000,4.000,0.7206,,0.7206,,타입강화
님피아,마기라스,31,55,2.000,3.000,-0.0223,,-0.0223,-0.0223,먹다남은음식
님피아,이어롭,31,56,2.000,3.000,-0.0886,,-0.2557,-0.0955,자뭉열매
님피아,플라엣테,31,57,3.000,4.000,0.0166,,0.0166,-0.2230,구애스카프
님피아,배바닐라,31,58,2.000,4.000,0.4873,,0.2470,,타입강화
님피아,드래펄트,31,59,1.000,3.000,0.4804,,0.1448,,생명의구슬
님피아,입치트,31,60,2.000,3.000,0.2110,,0.2110,-0.0955,기합의띠
님피아,메가니움,31,61,3.000,6.000,0.7084,,0.7084,0.1120,기합의띠
님피아,메타몽,31,62,2.000,5.000,0.8532,,0.5536,,구애스카프
님피아,이상해꽃,31,63,5.000,3.000,-0.5829,,-0.5820,-0.7086,생명의구슬
님피아,밀로틱,31,64,4.000,8.000,0.9199,,0.8454,,먹다남은음식
님피아,스코빌런,31,65,3.000,4.000,0.0262,,-0.1853,-0.1818,먹다남은음식
님피아,아쿠스타,31,66,2.000,5.000,0.5826,,0.5826,0.2470,기합의띠
님피아,몰드류,31,67,3.000,2.000,-0.7292,,-0.7292,-0.7292,구애스카프
님피아,조로아크(히스이),31,68,2.000,4.000,0.3133,,0.2470,,기합의띠
님피아,미끄래곤(히스이),31,69,3.000,2.000,-0.2625,,-0.4959,,먹다남은음식
님피아,잠만보,31,70,4.000,4.000,0.3825,,0.2826,,먹다남은음식
님피아,무장조,31,71,4.000,3.000,-0.2442,,-0.4929,-0.7267,자뭉열매
님피아,클레스퍼트라,31,72,2.000,6.000,0.9085,,0.9085,,기합의띠
님피아,창파나이트,31,73,1.000,3.000,0.4804,,0.4804,,없음
님피아,우츠보트,31,74,4.000,3.000,-0.4907,,-0.4907,-0.6594,기합의띠
님피아,가라르야도킹,31,75,5.000,3.000,-0.1182,,-0.5201,,먹다남은음식
님피아,깜까미,31,76,1.000,9.000,1.0000,,1.0000,1.0000,없음
님피아,엘풍,31,77,2.000,6.000,0.9085,,0.9085,,기합의띠
님피아,저승갓숭,31,78,2.000,5.000,0.8549,,0.8549,,먹다남은음식
님피아,스트린더(하이),31,79,3.000,3.000,-0.4907,,-0.4907,,풍선
님피아,샤미드,31,80,4.000,7.000,0.7804,,0.5402,,먹다남은음식
님피아,사마자르,31,81,2.000,4.000,0.4873,,0.4873,,기합의띠
님피아,인텔리레온,31,82,2.000,5.000,0.5826,,0.5826,,없음
님피아,깨비물거미,31,83,3.000,5.000,0.8976,,0.8085,,자뭉열매
님피아,가디안,31,84,2.000,5.000,0.4122,,0.4122,0.0782,기합의띠
님피아,왕구리,31,85,2.000,6.000,0.7366,,0.7366,,없음
님피아,엘레이드,31,86,1.000,4.000,0.3133,,0.1505,0.0812,생명의구슬
님피아,브리무음,31,87,2.000,5.000,0.9031,,0.9031,,기합의띠
님피아,눈여아,31,88,2.000,5.000,0.8132,,0.8132,0.2470,기합의띠
님피아,어흥염,31,89,2.000,3.000,-0.0224,,-0.0291,,자뭉열매
님피아,마릴리,31,90,2.000,5.000,0.9458,,0.6893,,자뭉열매
님피아,올리르바,31,91,3.000,5.000,0.9160,,0.9160,,기합의띠
님피아,스트린더(로우),31,92,3.000,3.000,-0.4907,,-0.4907,,풍선
님피아,펜드라,31,93,3.000,2.000,-0.5759,,-0.5759,-0.8245,기합의띠
님피아,화염레오,31,94,3.000,4.000,-0.1818,,-0.1818,-0.1818,기합의띠
님피아,윈디(히스이),31,95,4.000,2.000,-0.7256,,-0.7256,,기합의띠
님피아,캥카,31,96,2.000,3.000,-0.2557,,-0.4587,-0.4587,타입강화
님피아,꿈트렁,31,97,3.000,2.000,-0.4867,,-0.7167,,자뭉열매
님피아,에써르(암컷),31,98,2.000,6.000,0.7366,,0.7366,,없음
님피아,후딘,31,99,2.000,5.000,0.5826,,0.5826,,기합의띠
님피아,드래캄,31,100,2.000,2.000,0.2110,,0.1379,-0.0292,생명의구슬
히트로토무,보만다,32,1,4.000,3.000,-0.4728,,-0.4728,-0.6378,구애스카프
히트로토무,한카리아스,32,2,5.000,2.000,-0.7955,,-0.7955,-0.7955,구애스카프
히트로토무,누리레느,32,3,2.000,2.000,0.1379,,0.1097,,자뭉열매
히트로토무,갑주무사,32,4,2.000,3.000,0.4735,,0.2334,0.7068,생명의구슬
히트로토무,하마돈,32,5,3.000,4.000,0.8448,,0.5967,,자뭉열매
히트로토무,루카리오,32,6,1.000,2.000,-0.0955,,-0.3288,-0.0955,기합의띠
히트로토무,드닐레이브,32,7,3.000,2.000,-0.5621,,-0.5621,-0.5621,기합의띠
히트로토무,브리두라스,32,8,2.000,2.000,0.1379,,-0.0955,,자뭉열매
히트로토무,타부자고,32,9,2.000,3.000,0.3693,,0.3693,,풍선
히트로토무,따라큐,32,10,2.000,4.000,0.3289,,0.0317,,생명의구슬
히트로토무,고릴타,32,11,1.000,3.000,0.7068,,0.7068,,생명의구슬
히트로토무,킬가르도,32,12,2.000,2.000,0.1379,,0.1379,,먹다남은음식
히트로토무,마스카나,32,13,1.000,3.000,0.2401,,0.2401,,구애스카프
히트로토무,갸라도스,32,14,1.000,2.000,0.3712,,0.3712,0.1379,울퉁불퉁멧
히트로토무,아머까오,32,15,2.000,7.000,1.0000,,1.0000,,울퉁불퉁멧
히트로토무,킬라플로르,32,16,3.000,2.000,-0.3288,,-0.3288,-0.8977,기합의띠
히트로토무,대쓰여너,32,17,2.000,1.000,-0.1977,,-0.6644,,구애스카프
히트로토무,리자몽,32,18,2.000,4.000,0.4182,,0.4182,0.0293,구애스카프
히트로토무,포푸니크,32,19,2.000,2.000,-0.3288,,-0.3288,,없음
히트로토무,개굴닌자,32,20,2.000,2.000,-0.3288,,-0.3288,-0.6644,기합의띠
히트로토무,에이스번,32,21,3.000,2.000,-0.5621,,-0.5621,,구애스카프
히트로토무,알로라 나인테일,32,22,1.000,5.000,0.9113,,0.9113,,없음
히트로토무,에써르(수컷),32,23,2.000,3.000,0.0068,,0.0068,,구애스카프
히트로토무,워시로토무,32,24,3.000,2.000,-0.3288,,-0.5621,,먹다남은음식
히트로토무,불카모스,32,25,3.000,4.000,0.1449,,0.1449,,자뭉열매
히트로토무,빠르모트,32,26,2.000,2.000,-0.3288,,-0.3288,,기합의띠
히트로토무,라우드본,32,27,4.000,4.000,0.6178,,0.3172,,자뭉열매
히트로토무,삼삼드래,32,28,5.000,2.000,-0.7955,,-0.7955,,구애스카프
히트로토무,메타그로스,32,29,1.000,3.000,0.7068,,0.3712,0.0068,생명의구슬
히트로토무,망나뇽,32,30,4.495,3.000,-0.3810,,-0.3810,-0.7462,없음
히트로토무,님피아,32,31,4.000,4.000,0.3077,,0.0550,,먹다남은음식
히트로토무,거북왕,32,33,2.000,1.000,-0.1977,,-0.1977,-0.1977,없음
히트로토무,대도각참,32,34,2.000,3.000,0.4735,,0.1379,,타입강화
히트로토무,팬텀,32,35,2.000,3.000,0.0068,,0.0068,-0.3288,기합의띠
히트로토무,마폭시,32,36,3.000,3.000,-0.2267,,-0.2267,-0.7955,기합의띠
히트로토무,엠페르트,32,37,2.000,2.000,0.1108,,0.1108,,없음
히트로토무,번치코,32,38,3.000,2.000,-0.0955,,-0.0955,-0.5621,생명의구슬
히트로토무,대짱이,32,39,5.000,1.000,-0.8977,,-0.8977,-0.8977,자뭉열매
히트로토무,라이츄,32,40,2.000,4.000,0.3424,,0.3424,0.0068,구애스카프
히트로토무,블래키,32,41,4.000,5.000,0.6265,,0.3323,,먹다남은음식
히트로토무,다크펫,32,42,2.000,3.000,0.4735,,0.4735,0.1379,기합의띠
히트로토무,더시마사리,32,43,3.000,3.000,0.2400,,0.2400,,먹다남은음식
히트로토무,핫삼,32,44,1.000,4.000,0.7656,,0.7656,0.7656,울퉁불퉁멧
히트로토무,오롱털,32,45,2.000,3.000,0.4735,,0.4735,,없음
히트로토무,픽시,32,46,3.000,8.000,0.9907,,0.9100,0.9630,먹다남은음식
히트로토무,카디나르마,32,47,3.000,3.000,0.2400,,0.2400,,기합의띠
히트로토무,앱솔,32,48,2.000,2.000,0.1379,,0.1379,-0.3288,없음
히트로토무,찌리배리,32,49,3.000,8.000,0.9932,,0.9090,,먹다남은음식
히트로토무,맘모꾸리,32,50,2.000,2.000,0.1379,,0.1379,,기합의띠
히트로토무,파라블레이즈,32,51,3.000,2.000,-0.0955,,-0.0955,,기합의띠
히트로토무,패리퍼,32,52,1.000,2.000,0.3712,,0.3712,,없음
히트로토무,찌르호크,32,53,2.000,3.000,-0.0547,,-0.0547,-0.0547,구애스카프
히트로토무,대검귀,32,54,2.000,2.000,0.1379,,0.1379,,타입강화
히트로토무,마기라스,32,55,4.000,1.000,-0.6644,,-0.8977,-0.6644,먹다남은음식
히트로토무,이어롭,32,56,2.000,2.000,-0.3288,,-0.5621,-0.3288,자뭉열매
히트로토무,플라엣테,32,57,3.000,4.000,-0.1687,,-0.1687,-0.1849,구애스카프
히트로토무,배바닐라,32,58,1.000,5.000,0.9113,,0.8090,,타입강화
히트로토무,드래펄트,32,59,4.000,2.000,-0.7955,,-0.7955,,생명의구슬
히트로토무,입치트,32,60,1.000,5.000,0.9113,,0.9113,0.9113,기합의띠
히트로토무,메가니움,32,61,2.000,5.000,0.8805,,0.8805,0.7080,기합의띠
히트로토무,메타몽,32,62,2.000,5.000,0.9113,,0.6780,,구애스카프
히트로토무,이상해꽃,32,63,2.000,4.000,0.6918,,0.4377,0.3015,생명의구슬
히트로토무,밀로틱,32,64,3.000,3.000,0.2394,,0.2381,,먹다남은음식
히트로토무,스코빌런,32,65,2.000,4.000,0.8090,,0.8090,0.7139,먹다남은음식
히트로토무,아쿠스타,32,66,2.000,2.000,-0.3288,,-0.3288,-0.3288,기합의띠
히트로토무,몰드류,32,67,1.000,2.000,-0.0955,,-0.0955,-0.0955,구애스카프
히트로토무,조로아크(히스이),32,68,2.000,3.000,0.0068,,0.0068,,기합의띠
히트로토무,미끄래곤(히스이),32,69,3.000,2.000,-0.0955,,-0.3288,,먹다남은음식
히트로토무,잠만보,32,70,5.000,3.000,-0.2985,,-0.6552,,먹다남은음식
히트로토무,무장조,32,71,2.000,5.000,0.9474,,0.9474,0.6498,자뭉열매
히트로토무,클레스퍼트라,32,72,2.000,3.000,0.0068,,0.0068,,기합의띠
히트로토무,창파나이트,32,73,2.000,2.000,0.1379,,0.1379,,없음
히트로토무,우츠보트,32,74,1.000,4.000,0.8090,,0.8090,0.4735,기합의띠
히트로토무,가라르야도킹,32,75,3.000,3.000,0.3029,,0.3029,,먹다남은음식
히트로토무,깜까미,32,76,2.000,4.000,0.6635,,0.6635,0.5168,없음
히트로토무,엘풍,32,77,1.000,6.000,1.0000,,1.0000,,기합의띠
히트로토무,저승갓숭,32,78,3.000,3.000,-0.2624,,-0.2624,,먹다남은음식
히트로토무,스트린더(하이),32,79,2.000,3.000,0.4735,,0.4735,,풍선
히트로토무,샤미드,32,80,3.000,2.000,-0.0667,,-0.0955,,먹다남은음식
히트로토무,사마자르,32,81,2.000,2.000,0.1379,,0.1379,,기합의띠
히트로토무,인텔리레온,32,82,2.000,2.000,-0.3288,,-0.3288,,없음
히트로토무,깨비물거미,32,83,2.000,2.000,0.1379,,-0.0955,,자뭉열매
히트로토무,가디안,32,84,3.000,3.000,0.2400,,0.2400,-0.5621,기합의띠
히트로토무,왕구리,32,85,2.000,2.000,0.1379,,0.1379,,없음
히트로토무,엘레이드,32,86,3.000,3.000,0.2400,,0.1300,-0.5508,생명의구슬
히트로토무,브리무음,32,87,2.000,3.000,0.3567,,0.3567,,기합의띠
히트로토무,눈여아,32,88,1.000,4.000,0.5757,,0.3424,0.2401,기합의띠
히트로토무,어흥염,32,89,4.000,3.000,0.2188,,0.0081,,자뭉열매
히트로토무,마릴리,32,90,2.000,3.000,0.4735,,0.4735,,자뭉열매
히트로토무,올리르바,32,91,2.000,3.000,0.4735,,0.4735,,기합의띠
히트로토무,스트린더(로우),32,92,2.000,3.000,0.4735,,0.4735,,풍선
히트로토무,펜드라,32,93,1.000,3.000,0.2401,,0.0068,0.2486,기합의띠
히트로토무,화염레오,32,94,3.000,3.000,-0.2267,,-0.2267,-0.2267,기합의띠
히트로토무,윈디(히스이),32,95,3.000,1.000,-0.8939,,-0.8939,,기합의띠
히트로토무,캥카,32,96,3.000,2.000,-0.5103,,-0.5621,-0.5621,타입강화
히트로토무,꿈트렁,32,97,1.000,4.000,0.8090,,0.8090,,자뭉열매
히트로토무,에써르(암컷),32,98,2.000,3.000,0.4735,,0.4735,,없음
히트로토무,후딘,32,99,2.000,3.000,0.0068,,0.0068,,기합의띠
히트로토무,드래캄,32,100,5.000,2.000,-0.5621,,-0.3288,-0.7955,생명의구슬
거북왕,보만다,33,1,2.000,3.000,-0.0937,0.3118,-0.0937,-0.0937,구애스카프
거북왕,한카리아스,33,2,2.000,2.000,-0.3288,0.2401,-0.3288,-0.5621,구애스카프
거북왕,누리레느,33,3,5.000,3.000,-0.0163,0.2615,-0.0608,,자뭉열매
거북왕,갑주무사,33,4,4.000,3.000,0.1545,0.2347,-0.1721,0.2400,생명의구슬
거북왕,하마돈,33,5,2.000,3.000,0.7443,0.7819,0.5967,,자뭉열매
거북왕,루카리오,33,6,2.000,3.000,0.0068,0.0068,0.0068,-0.3288,기합의띠
거북왕,드닐레이브,33,7,3.000,2.000,-0.5621,-0.5621,-0.5621,-0.7955,기합의띠
거북왕,브리두라스,33,8,3.000,2.000,-0.5621,-0.3288,-0.5621,,자뭉열매
거북왕,타부자고,33,9,3.000,3.000,-0.2584,-0.1542,-0.2584,,풍선
거북왕,따라큐,33,10,2.000,2.000,-0.3212,0.0068,-0.3288,,생명의구슬
거북왕,고릴타,33,11,3.000,1.000,-0.8977,-0.3288,-0.6644,,생명의구슬
거북왕,킬가르도,33,12,3.000,2.000,-0.0955,0.4735,-0.0955,,먹다남은음식
거북왕,마스카나,33,13,2.000,2.000,-0.3288,-0.3288,-0.3288,,구애스카프
거북왕,갸라도스,33,14,5.000,2.000,-0.7955,-0.7955,-0.7955,-0.7955,울퉁불퉁멧
거북왕,아머까오,33,15,3.000,4.000,0.5732,0.8111,0.5732,,울퉁불퉁멧
거북왕,킬라플로르,33,16,1.000,2.000,-0.0955,0.2401,-0.3288,-0.3288,기합의띠
거북왕,대쓰여너,33,17,3.000,3.000,0.0066,0.0066,-0.2267,,구애스카프
거북왕,리자몽,33,18,1.000,2.000,-0.0724,-0.0197,-0.0724,-0.3288,구애스카프
거북왕,포푸니크,33,19,2.000,2.000,-0.3288,0.0068,-0.3288,,없음
거북왕,개굴닌자,33,20,3.000,3.000,-0.2267,0.0068,-0.2267,-0.5621,기합의띠
거북왕,에이스번,33,21,1.000,2.000,-0.0955,0.2401,-0.0955,,구애스카프
거북왕,알로라 나인테일,33,22,2.000,4.000,0.3424,0.3424,0.3424,,없음
거북왕,에써르(수컷),33,23,2.000,3.000,0.0068,0.0068,0.0068,,구애스카프
거북왕,워시로토무,33,24,4.000,2.000,-0.7955,-0.5621,-0.7955,,먹다남은음식
거북왕,불카모스,33,25,2.000,3.000,0.2079,0.3014,0.2079,,자뭉열매
거북왕,빠르모트,33,26,2.000,2.000,-0.3288,-0.3288,-0.3288,,기합의띠
거북왕,라우드본,33,27,2.000,5.000,0.9063,0.9063,0.9063,,자뭉열매
거북왕,삼삼드래,33,28,3.000,2.000,-0.5621,-0.3288,-0.5621,,구애스카프
거북왕,메타그로스,33,29,2.000,3.000,0.4735,0.4735,0.1379,-0.2267,생명의구슬
거북왕,망나뇽,33,30,2.495,3.000,0.0624,0.1767,0.0624,-0.3940,없음
거북왕,님피아,33,31,4.000,2.000,0.1315,0.2110,-0.1035,,먹다남은음식
거북왕,히트로토무,33,32,1.000,2.000,-0.0955,-0.0955,-0.0955,,구애스카프
거북왕,대도각참,33,34,2.000,3.000,0.4735,0.4735,0.4735,,타입강화
거북왕,팬텀,33,35,2.000,3.000,0.0068,0.0068,0.0068,0.0068,기합의띠
거북왕,마폭시,33,36,1.000,3.000,0.2401,0.5757,0.0068,0.0068,기합의띠
거북왕,엠페르트,33,37,4.000,4.000,0.5737,0.6118,0.5737,,없음
거북왕,번치코,33,38,1.000,2.000,-0.0955,0.2401,-0.0955,-0.0955,생명의구슬
거북왕,대짱이,33,39,3.000,3.000,0.2400,0.4735,0.2400,0.2400,자뭉열매
거북왕,라이츄,33,40,2.000,2.000,-0.3288,-0.3288,-0.3288,-0.6644,구애스카프
거북왕,블래키,33,41,4.000,5.000,0.9165,0.9795,0.8126,,먹다남은음식
거북왕,다크펫,33,42,2.000,3.000,0.4735,0.4735,0.4735,0.1379,기합의띠
거북왕,더시마사리,33,43,7.000,12.000,0.7727,0.8830,0.7568,,먹다남은음식
거북왕,핫삼,33,44,3.000,4.000,0.4079,0.7251,0.4079,0.4079,울퉁불퉁멧
거북왕,오롱털,33,45,2.000,3.000,0.4735,0.4735,0.4735,,없음
거북왕,픽시,33,46,3.000,5.000,0.7597,0.8962,0.7394,0.5191,먹다남은음식
거북왕,카디나르마,33,47,1.000,3.000,0.7068,0.7068,0.4735,,기합의띠
거북왕,앱솔,33,48,2.000,3.000,0.4735,0.8090,0.4735,0.0068,없음
거북왕,찌리배리,33,49,3.000,3.000,0.2178,0.2332,0.2007,,먹다남은음식
거북왕,맘모꾸리,33,50,1.000,3.000,0.2401,0.2401,0.0068,,기합의띠
거북왕,파라블레이즈,33,51,1.000,3.000,0.2401,0.2401,0.0068,,기합의띠
거북왕,패리퍼,33,52,4.000,3.000,0.2466,0.3424,0.2466,,없음
거북왕,찌르호크,33,53,3.000,3.000,-0.1840,0.2809,-0.1840,-0.2454,구애스카프
거북왕,대검귀,33,54,3.000,4.000,0.0400,0.6780,0.0400,,타입강화
거북왕,마기라스,33,55,2.000,3.000,0.4735,0.7068,0.4735,0.1379,먹다남은음식
거북왕,이어롭,33,56,2.000,3.000,0.0068,0.0068,-0.2267,-0.3288,자뭉열매
거북왕,플라엣테,33,57,3.000,3.000,-0.4220,-0.2837,-0.4220,-0.4220,구애스카프
거북왕,배바닐라,33,58,2.000,5.000,0.6780,1.0000,0.6780,,타입강화
거북왕,드래펄트,33,59,3.000,3.000,-0.2267,0.0068,-0.3288,,생명의구슬
거북왕,입치트,33,60,2.000,3.000,0.4735,0.8090,0.4735,0.4735,기합의띠
거북왕,메가니움,33,61,4.000,2.000,-0.7252,-0.2574,-0.7252,-0.8263,기합의띠
거북왕,메타몽,33,62,2.000,6.000,1.0000,0.9113,1.0000,,구애스카프
거북왕,이상해꽃,33,63,4.000,3.000,-0.3559,-0.2624,-0.3559,-0.7323,생명의구슬
거북왕,밀로틱,33,64,8.000,8.000,0.4763,0.8380,0.1417,,먹다남은음식
거북왕,스코빌런,33,65,2.000,2.000,0.1379,0.1379,0.1379,-0.1977,먹다남은음식
거북왕,아쿠스타,33,66,3.000,4.000,0.1066,0.6780,0.1066,0.1066,기합의띠
거북왕,몰드류,33,67,1.000,3.000,0.2401,0.2401,0.2401,-0.0955,구애스카프
거북왕,조로아크(히스이),33,68,2.000,3.000,0.0068,0.2401,0.0068,,기합의띠
거북왕,미끄래곤(히스이),33,69,4.000,3.000,0.2216,0.2400,-0.0140,,먹다남은음식
거북왕,잠만보,33,70,4.000,4.000,0.5522,0.5732,0.4286,,먹다남은음식
거북왕,무장조,33,71,2.000,4.000,0.4801,0.7907,0.4801,-0.2548,자뭉열매
거북왕,클레스퍼트라,33,72,2.000,3.000,0.0068,0.0068,0.0068,,기합의띠
거북왕,창파나이트,33,73,2.000,2.000,0.1379,0.1379,0.1379,,없음
거북왕,우츠보트,33,74,3.000,3.000,0.2400,0.4735,0.2400,-0.0955,기합의띠
거북왕,가라르야도킹,33,75,3.000,4.000,0.4474,0.7095,0.4474,,먹다남은음식
거북왕,깜까미,33,76,2.000,4.000,0.8534,0.8919,0.8534,0.8514,없음
거북왕,엘풍,33,77,2.000,2.000,-0.3288,-0.3288,-0.3288,,기합의띠
거북왕,저승갓숭,33,78,3.000,3.000,-0.2267,0.0068,-0.2267,,먹다남은음식
거북왕,스트린더(하이),33,79,2.000,2.000,0.1379,0.1379,0.1379,,풍선
거북왕,샤미드,33,80,9.000,9.000,0.6721,0.7863,0.4300,,먹다남은음식
거북왕,사마자르,33,81,1.000,3.000,0.2401,0.5757,0.0068,,기합의띠
거북왕,인텔리레온,33,82,3.000,5.000,0.4399,0.4399,0.4399,,없음
거북왕,깨비물거미,33,83,5.000,5.000,0.5702,0.9138,0.4611,,자뭉열매
거북왕,가디안,33,84,3.000,3.000,-0.2267,0.0068,-0.2267,-0.5621,기합의띠
거북왕,왕구리,33,85,5.000,6.000,0.8648,0.9852,0.8648,,없음
거북왕,엘레이드,33,86,3.000,2.000,-0.5508,0.0068,-0.3367,-0.5621,생명의구슬
거북왕,브리무음,33,87,2.000,3.000,0.3567,0.4735,0.3567,,기합의띠
거북왕,눈여아,33,88,2.000,3.000,0.0068,0.0068,0.0068,-0.3288,기합의띠
거북왕,어흥염,33,89,2.000,3.000,0.5076,0.8090,0.5076,,자뭉열매
거북왕,마릴리,33,90,4.000,5.000,0.4873,0.5079,0.2236,,자뭉열매
거북왕,올리르바,33,91,3.000,2.000,-0.2353,0.1990,-0.2353,,기합의띠
거북왕,스트린더(로우),33,92,2.000,2.000,0.1379,0.1379,0.1379,,풍선
거북왕,펜드라,33,93,2.000,3.000,0.0068,0.0068,0.0068,0.1915,기합의띠
거북왕,화염레오,33,94,1.000,3.000,0.2401,0.5757,0.0068,0.2401,기합의띠
거북왕,윈디(히스이),33,95,1.000,2.000,-0.0830,-0.0830,-0.3163,,기합의띠
거북왕,캥카,33,96,3.000,3.000,-0.2267,0.0068,-0.5621,-0.5621,타입강화
거북왕,꿈트렁,33,97,2.000,4.000,0.8144,0.9160,0.8144,,자뭉열매
거북왕,에써르(암컷),33,98,2.000,4.000,0.3424,0.3424,0.3424,,없음
거북왕,후딘,33,99,2.000,2.000,-0.3288,0.0068,-0.3288,,기합의띠
거북왕,드래캄,33,100,3.000,2.000,-0.0955,0.1379,-0.0955,-0.3288,생명의구슬
대도각참,보만다,34,1,5.000,3.000,-0.6768,,-0.6768,-0.6195,구애스카프
대도각참,한카리아스,34,2,3.000,2.000,-0.5621,,-0.5621,-0.5621,구애스카프
대도각참,누리레느,34,3,2.000,3.000,-0.0214,,-0.2267,,자뭉열매
대도각참,갑주무사,34,4,4.000,1.000,-0.5689,,-0.4975,-0.7308,생명의구슬
대도각참,하마돈,34,5,4.000,2.000,-0.2365,,-0.4143,,자뭉열매
대도각참,루카리오,34,6,2.000,1.000,-0.6644,,-0.6644,-0.6644,기합의띠
대도각참,드닐레이브,34,7,2.000,2.000,-0.3288,,-0.3288,-0.3288,기합의띠
대도각참,브리두라스,34,8,3.000,2.000,-0.5621,,-0.7955,,자뭉열매
대도각참,타부자고,34,9,2.000,1.000,-0.4330,,-0.4330,,풍선
대도각참,따라큐,34,10,2.000,2.000,-0.3288,,-0.1128,,생명의구슬
대도각참,고릴타,34,11,3.000,1.000,-0.8977,,-0.6644,,생명의구슬
대도각참,킬가르도,34,12,2.000,1.000,-0.6644,,-0.6644,,먹다남은음식
대도각참,마스카나,34,13,2.000,4.000,0.3424,,0.3424,,구애스카프
대도각참,갸라도스,34,14,4.000,3.000,-0.3086,,-0.7955,-0.5621,울퉁불퉁멧
대도각참,아머까오,34,15,5.000,3.000,-0.5442,,-0.7955,,울퉁불퉁멧
대도각참,킬라플로르,34,16,2.000,2.000,-0.3288,,-0.3288,-0.3288,기합의띠
대도각참,대쓰여너,34,17,2.000,3.000,0.0068,,0.0068,,구애스카프
대도각참,리자몽,34,18,3.000,2.000,-0.8746,,-0.8746,-0.8746,구애스카프
대도각참,포푸니크,34,19,3.000,1.000,-0.8977,,-0.8977,,없음
대도각참,개굴닌자,34,20,2.000,3.000,0.0068,,0.0068,0.0068,기합의띠
대도각참,에이스번,34,21,3.000,1.000,-0.8977,,-0.8977,,구애스카프
대도각참,알로라 나인테일,34,22,1.000,4.000,0.5757,,0.5757,,없음
대도각참,에써르(수컷),34,23,1.000,3.000,0.2401,,0.2401,,구애스카프
대도각참,워시로토무,34,24,3.000,3.000,-0.2267,,-0.2267,,먹다남은음식
대도각참,불카모스,34,25,3.000,2.000,-0.5621,,-0.7020,,자뭉열매
대도각참,빠르모트,34,26,4.000,1.000,-0.8977,,-0.8977,,기합의띠
대도각참,라우드본,34,27,3.000,2.000,-0.5671,,-0.5671,,자뭉열매
대도각참,삼삼드래,34,28,3.000,2.000,-0.5621,,-0.5621,,구애스카프
대도각참,메타그로스,34,29,2.000,2.000,-0.3288,,-0.6644,-0.6644,생명의구슬
대도각참,망나뇽,34,30,4.495,3.000,-0.2302,,-0.2302,-0.7275,없음
대도각참,님피아,34,31,2.000,2.000,-0.0886,,-0.0886,,먹다남은음식
대도각참,히트로토무,34,32,3.000,2.000,-0.5621,,-0.5621,,구애스카프
대도각참,거북왕,34,33,3.000,2.000,-0.5621,,-0.5621,-0.5621,없음
대도각참,팬텀,34,35,1.000,1.000,-0.4311,,-0.6644,-0.6644,기합의띠
대도각참,마폭시,34,36,2.000,1.000,-0.6644,,-0.6644,-0.6644,기합의띠
대도각참,엠페르트,34,37,3.000,3.000,-0.1881,,-0.1881,,없음
대도각참,번치코,34,38,4.000,1.000,-0.8977,,-0.8977,-0.8977,생명의구슬
대도각참,대짱이,34,39,3.000,2.000,-0.5621,,-0.7955,-0.7955,자뭉열매
대도각참,라이츄,34,40,2.000,1.000,-0.6644,,-0.6644,-0.6644,구애스카프
대도각참,블래키,34,41,4.000,13.000,0.9636,,0.9340,,먹다남은음식
대도각참,다크펫,34,42,1.000,6.000,1.0000,,1.0000,0.9113,기합의띠
대도각참,더시마사리,34,43,5.000,8.000,0.8554,,0.8554,,먹다남은음식
대도각참,핫삼,34,44,4.000,2.000,-0.8390,,-0.8390,-0.8390,울퉁불퉁멧
대도각참,오롱털,34,45,2.000,4.000,0.3424,,0.3424,,없음
대도각참,픽시,34,46,2.000,4.000,0.3068,,0.3068,-0.2375,먹다남은음식
대도각참,카디나르마,34,47,2.000,1.000,-0.6644,,-0.6644,,기합의띠
대도각참,앱솔,34,48,2.000,1.000,-0.6644,,-0.6644,-0.6644,없음
대도각참,찌리배리,34,49,4.000,5.000,0.4783,,0.4729,,먹다남은음식
대도각참,맘모꾸리,34,50,2.000,2.000,-0.3288,,-0.3288,,기합의띠
대도각참,파라블레이즈,34,51,2.000,1.000,-0.6644,,-0.6644,,기합의띠
대도각참,패리퍼,34,52,3.000,3.000,-0.1885,,-0.1885,,없음
대도각참,찌르호크,34,53,5.000,2.000,-0.8142,,-0.8142,-0.8977,구애스카프
대도각참,대검귀,34,54,3.000,2.000,-0.5621,,-0.5621,,타입강화
대도각참,마기라스,34,55,2.000,1.000,-0.6644,,-0.6644,-0.6644,먹다남은음식
대도각참,이어롭,34,56,2.000,2.000,-0.3288,,-0.5621,-0.6644,자뭉열매
대도각참,플라엣테,34,57,2.000,2.000,-0.1805,,-0.1805,-0.1805,구애스카프
대도각참,배바닐라,34,58,2.000,5.000,0.6780,,0.3424,,타입강화
대도각참,드래펄트,34,59,2.000,2.000,-0.3288,,-0.3288,,생명의구슬
대도각참,입치트,34,60,4.000,2.000,-0.5621,,-0.5621,-0.3288,기합의띠
대도각참,메가니움,34,61,3.000,4.000,0.0063,,0.0063,-0.0942,기합의띠
대도각참,메타몽,34,62,2.000,3.000,0.4735,,0.0068,,구애스카프
대도각참,이상해꽃,34,63,3.000,3.000,-0.0710,,-0.3439,-0.6320,생명의구슬
대도각참,밀로틱,34,64,4.000,5.000,0.3325,,0.2270,,먹다남은음식
대도각참,스코빌런,34,65,2.000,2.000,-0.3288,,-0.3288,-0.6644,먹다남은음식
대도각참,아쿠스타,34,66,2.000,5.000,0.6780,,0.6780,0.3424,기합의띠
대도각참,몰드류,34,67,2.000,2.000,-0.3288,,-0.3288,-0.5621,구애스카프
대도각참,조로아크(히스이),34,68,1.000,1.000,-0.4311,,-0.6644,,기합의띠
대도각참,미끄래곤(히스이),34,69,3.000,2.000,-0.5621,,-0.5621,,먹다남은음식
대도각참,잠만보,34,70,3.000,3.000,0.2400,,0.2026,,먹다남은음식
대도각참,무장조,34,71,4.000,2.000,-0.7955,,-0.7955,-0.3784,자뭉열매
대도각참,클레스퍼트라,34,72,2.000,6.000,1.0000,,1.0000,,기합의띠
대도각참,창파나이트,34,73,3.000,1.000,-0.8977,,-0.8977,,없음
대도각참,우츠보트,34,74,3.000,9.000,0.9932,,0.9932,0.9932,기합의띠
대도각참,가라르야도킹,34,75,2.000,3.000,0.6964,,0.6964,,먹다남은음식
대도각참,깜까미,34,76,3.000,10.000,0.9971,,0.9971,0.9778,없음
대도각참,엘풍,34,77,1.000,4.000,0.5757,,0.3424,,기합의띠
대도각참,저승갓숭,34,78,4.000,1.000,-0.8977,,-0.8977,,먹다남은음식
대도각참,스트린더(하이),34,79,3.000,4.000,0.1066,,0.1066,,풍선
대도각참,샤미드,34,80,4.000,4.000,0.2290,,0.1373,,먹다남은음식
대도각참,사마자르,34,81,2.000,1.000,-0.6644,,-0.6644,,기합의띠
대도각참,인텔리레온,34,82,2.000,3.000,0.0068,,0.0068,,없음
대도각참,깨비물거미,34,83,3.000,5.000,0.9065,,0.8744,,자뭉열매
대도각참,가디안,34,84,2.000,3.000,0.0068,,0.0068,-0.3288,기합의띠
대도각참,왕구리,34,85,3.000,3.000,-0.2267,,-0.2267,,없음
대도각참,엘레이드,34,86,2.000,1.000,-0.6723,,-0.6644,-0.8977,생명의구슬
대도각참,브리무음,34,87,2.000,3.000,0.4735,,0.4735,,기합의띠
대도각참,눈여아,34,88,1.000,6.000,1.0000,,1.0000,0.5757,기합의띠
대도각참,어흥염,34,89,4.000,1.000,-0.8873,,-0.8873,,자뭉열매
대도각참,마릴리,34,90,3.000,2.000,-0.3288,,-0.3288,,자뭉열매
대도각참,올리르바,34,91,3.000,3.000,0.1990,,0.1990,,기합의띠
대도각참,스트린더(로우),34,92,3.000,4.000,0.1066,,0.1066,,풍선
대도각참,펜드라,34,93,3.000,3.000,-0.2267,,-0.2267,-0.3086,기합의띠
대도각참,화염레오,34,94,2.000,1.000,-0.6644,,-0.6644,-0.8977,기합의띠
대도각참,윈디(히스이),34,95,3.000,1.000,-0.8939,,-0.8939,,기합의띠
대도각참,캥카,34,96,3.000,2.000,-0.5621,,-0.5621,-0.5621,타입강화
대도각참,꿈트렁,34,97,3.000,2.000,-0.5664,,-0.7875,,자뭉열매
대도각참,에써르(암컷),34,98,1.000,3.000,0.2401,,0.2401,,없음
대도각참,후딘,34,99,1.000,1.000,-0.4311,,-0.6644,,기합의띠
대도각참,드래캄,34,100,3.000,1.000,-0.4311,,-0.1977,-0.4311,생명의구슬
팬텀,보만다,35,1,2.000,2.000,-0.0256,0.1379,-0.4923,-0.5928,구애스카프
팬텀,한카리아스,35,2,2.000,1.000,-0.1977,-0.1977,-0.6644,-0.5621,구애스카프
팬텀,누리레느,35,3,2.000,2.000,0.1783,0.4735,0.1783,,자뭉열매
팬텀,갑주무사,35,4,3.000,2.000,-0.0955,0.0714,0.0714,-0.3288,생명의구슬
팬텀,하마돈,35,5,4.000,1.000,-0.3935,-0.3935,-0.6269,,자뭉열매
팬텀,루카리오,35,6,2.000,2.000,0.1379,0.3712,0.1379,-0.6644,기합의띠
팬텀,드닐레이브,35,7,2.000,2.000,0.1379,0.1379,0.1379,-0.1977,기합의띠
팬텀,브리두라스,35,8,2.000,2.000,0.1379,0.3712,0.1379,,자뭉열매
팬텀,타부자고,35,9,2.000,2.000,0.1379,0.1379,0.1379,,풍선
팬텀,따라큐,35,10,2.000,2.000,0.1379,0.1379,0.1379,,생명의구슬
팬텀,고릴타,35,11,2.000,2.000,0.1379,0.3712,0.0356,,생명의구슬
팬텀,킬가르도,35,12,2.000,1.000,-0.1977,-0.1977,-0.1977,,먹다남은음식
팬텀,마스카나,35,13,1.000,2.000,-0.0955,0.3712,-0.0955,,구애스카프
팬텀,갸라도스,35,14,3.000,2.000,-0.0955,-0.0955,-0.0955,-0.1977,울퉁불퉁멧
팬텀,아머까오,35,15,4.000,3.000,0.0043,0.0043,0.0043,,울퉁불퉁멧
팬텀,킬라플로르,35,16,3.000,2.000,-0.0955,-0.0955,-0.0955,-0.0955,기합의띠
팬텀,대쓰여너,35,17,2.000,2.000,0.1379,0.1379,-0.3288,,구애스카프
팬텀,리자몽,35,18,3.000,2.000,-0.0729,0.1609,-0.5396,-0.1482,구애스카프
팬텀,포푸니크,35,19,3.000,2.000,-0.5621,-0.0955,-0.5621,,없음
팬텀,개굴닌자,35,20,2.000,2.000,-0.3288,0.3712,-0.3288,-0.3288,기합의띠
팬텀,에이스번,35,21,3.000,2.000,-0.5621,0.1379,-0.5621,,구애스카프
팬텀,알로라 나인테일,35,22,2.000,3.000,0.4735,0.7068,0.4735,,없음
팬텀,에써르(수컷),35,23,3.000,2.000,-0.0955,0.1379,-0.5621,,구애스카프
팬텀,워시로토무,35,24,3.000,2.000,-0.0955,0.4735,-0.0955,,먹다남은음식
팬텀,불카모스,35,25,4.000,2.000,-0.2353,0.1055,-0.4686,,자뭉열매
팬텀,빠르모트,35,26,2.000,2.000,0.1379,0.1379,0.1379,,기합의띠
팬텀,라우드본,35,27,2.000,2.000,0.1379,0.1379,-0.0841,,자뭉열매
팬텀,삼삼드래,35,28,2.000,2.000,0.1379,0.1379,-0.3288,,구애스카프
팬텀,메타그로스,35,29,2.000,1.000,-0.1977,0.1379,-0.1977,-0.4311,생명의구슬
팬텀,망나뇽,35,30,2.495,2.000,-0.0966,0.0224,-0.0966,-0.0977,없음
팬텀,님피아,35,31,3.000,3.000,0.2110,0.4735,0.2110,,먹다남은음식
팬텀,히트로토무,35,32,3.000,2.000,-0.0955,0.1379,-0.5621,,구애스카프
팬텀,거북왕,35,33,3.000,2.000,-0.0955,-0.0955,-0.0955,-0.0955,없음
팬텀,대도각참,35,34,1.000,1.000,0.0356,0.3712,0.0356,,타입강화
팬텀,마폭시,35,36,2.000,2.000,0.1379,0.1379,0.1379,-0.6644,기합의띠
팬텀,엠페르트,35,37,2.000,2.000,0.1497,0.4735,0.1497,,없음
팬텀,번치코,35,38,2.000,2.000,0.1379,0.1379,-0.1977,-0.4311,생명의구슬
팬텀,대짱이,35,39,3.000,1.000,-0.4311,-0.4311,-0.6644,-0.6644,자뭉열매
팬텀,라이츄,35,40,2.000,2.000,-0.0955,0.4735,-0.3288,-0.3288,구애스카프
팬텀,블래키,35,41,3.000,2.000,-0.0565,0.2229,-0.0955,,먹다남은음식
팬텀,다크펫,35,42,1.000,1.000,0.0356,0.0356,-0.1977,-0.1977,기합의띠
팬텀,더시마사리,35,43,5.000,4.000,0.0322,0.6012,-0.2333,,먹다남은음식
팬텀,핫삼,35,44,3.000,3.000,-0.0381,0.3393,-0.0381,-0.0381,울퉁불퉁멧
팬텀,오롱털,35,45,2.000,1.000,-0.1977,0.0356,-0.1977,,없음
팬텀,픽시,35,46,2.000,5.000,0.9798,0.9906,0.9798,0.7735,먹다남은음식
팬텀,카디나르마,35,47,2.000,1.000,-0.1977,0.1379,-0.1977,,기합의띠
팬텀,앱솔,35,48,1.000,2.000,0.3712,0.3712,0.3712,-0.6644,없음
팬텀,찌리배리,35,49,4.000,4.000,0.2986,0.5513,0.0459,,먹다남은음식
팬텀,맘모꾸리,35,50,2.000,1.000,-0.1977,-0.1977,-0.1977,,기합의띠
팬텀,파라블레이즈,35,51,2.000,1.000,-0.1977,-0.1977,-0.1977,,기합의띠
팬텀,패리퍼,35,52,2.000,3.000,0.1541,0.5270,0.1541,,없음
팬텀,찌르호크,35,53,3.000,2.000,-0.0528,0.2213,-0.5194,-0.5194,구애스카프
팬텀,대검귀,35,54,2.000,2.000,0.1379,0.3712,0.1379,,타입강화
팬텀,마기라스,35,55,1.000,2.000,0.3712,0.3712,0.3712,0.0356,먹다남은음식
팬텀,이어롭,35,56,2.000,3.000,0.4735,0.8090,0.4735,-0.3288,자뭉열매
팬텀,플라엣테,35,57,2.000,2.000,0.2862,0.2862,-0.1805,0.0347,구애스카프
팬텀,배바닐라,35,58,2.000,2.000,0.1379,0.4735,0.1379,,타입강화
팬텀,드래펄트,35,59,2.000,1.000,-0.6644,-0.3288,-0.6644,,생명의구슬
팬텀,입치트,35,60,2.000,2.000,0.1379,0.4735,0.1379,-0.0955,기합의띠
팬텀,메가니움,35,61,2.000,3.000,0.3724,0.7783,0.3724,0.3712,기합의띠
팬텀,메타몽,35,62,1.000,3.000,0.7068,0.7068,0.7068,,구애스카프
팬텀,이상해꽃,35,63,4.000,3.000,-0.0306,0.2043,-0.0955,-0.0306,생명의구슬
팬텀,밀로틱,35,64,5.000,4.000,0.0321,0.5992,-0.2320,,먹다남은음식
팬텀,스코빌런,35,65,1.000,2.000,0.3712,0.3712,0.2040,0.1379,먹다남은음식
팬텀,아쿠스타,35,66,2.000,2.000,-0.3288,0.3712,-0.3288,-0.3288,기합의띠
팬텀,몰드류,35,67,2.000,1.000,-0.1977,-0.1977,-0.6644,-0.1977,구애스카프
팬텀,조로아크(히스이),35,68,4.000,2.000,-0.5621,-0.0955,-0.5621,,기합의띠
팬텀,미끄래곤(히스이),35,69,2.000,2.000,0.1379,0.1379,-0.0955,,먹다남은음식
팬텀,잠만보,35,70,3.000,2.000,-0.0955,0.0312,-0.0955,,먹다남은음식
팬텀,무장조,35,71,3.000,3.000,0.1476,0.3043,-0.0232,-0.4979,자뭉열매
팬텀,클레스퍼트라,35,72,2.000,2.000,0.1379,0.3712,0.1379,,기합의띠
팬텀,창파나이트,35,73,2.000,2.000,0.1379,0.1379,0.1379,,없음
팬텀,우츠보트,35,74,3.000,3.000,0.2400,0.4735,0.2400,-0.0955,기합의띠
팬텀,가라르야도킹,35,75,3.000,2.000,-0.0172,0.1379,-0.0172,,먹다남은음식
팬텀,깜까미,35,76,3.000,2.000,0.0366,0.0366,0.0366,-0.1967,없음
팬텀,엘풍,35,77,1.000,6.000,1.0000,1.0000,1.0000,,기합의띠
팬텀,저승갓숭,35,78,2.000,2.000,0.1379,0.4378,0.1379,,먹다남은음식
팬텀,스트린더(하이),35,79,3.000,2.000,-0.0955,0.4735,-0.0955,,풍선
팬텀,샤미드,35,80,5.000,3.000,0.0579,0.2950,-0.2040,,먹다남은음식
팬텀,사마자르,35,81,3.000,2.000,-0.0955,0.1379,-0.0955,,기합의띠
팬텀,인텔리레온,35,82,2.000,2.000,-0.3288,0.1379,-0.3288,,없음
팬텀,깨비물거미,35,83,3.000,3.000,0.1686,0.5732,0.0043,,자뭉열매
팬텀,가디안,35,84,2.000,1.000,-0.1977,0.1379,-0.1977,-0.1977,기합의띠
팬텀,왕구리,35,85,3.000,2.000,-0.0955,0.2400,-0.0955,,없음
팬텀,엘레이드,35,86,2.000,2.000,0.1379,0.1379,-0.1977,-0.4198,생명의구슬
팬텀,브리무음,35,87,2.000,1.000,-0.0299,0.2545,-0.0299,,기합의띠
팬텀,눈여아,35,88,2.000,2.000,-0.0955,0.3712,-0.0955,-0.3288,기합의띠
팬텀,어흥염,35,89,2.000,1.000,-0.1636,0.1379,-0.1873,,자뭉열매
팬텀,마릴리,35,90,2.000,3.000,0.4735,0.8090,0.4735,,자뭉열매
팬텀,올리르바,35,91,2.000,2.000,0.1379,0.3390,0.1379,,기합의띠
팬텀,스트린더(로우),35,92,3.000,2.000,-0.0955,0.4735,-0.0955,,풍선
팬텀,펜드라,35,93,3.000,2.000,-0.5621,0.1379,-0.5621,-0.0955,기합의띠
팬텀,화염레오,35,94,2.000,2.000,0.1379,0.3712,0.1379,-0.3288,기합의띠
팬텀,윈디(히스이),35,95,2.000,2.000,0.1379,0.1379,0.1379,,기합의띠
팬텀,캥카,35,96,2.000,2.000,0.1379,0.1379,0.1379,0.1379,타입강화
팬텀,꿈트렁,35,97,1.000,2.000,0.3590,0.3888,0.1379,,자뭉열매
팬텀,에써르(암컷),35,98,3.000,2.000,-0.0955,0.1379,-0.0955,,없음
팬텀,후딘,35,99,2.000,1.000,-0.6644,0.3712,-0.6644,,기합의띠
팬텀,드래캄,35,100,4.000,2.000,-0.3288,-0.0955,-0.0955,-0.6644,생명의구슬
마폭시,보만다,36,1,3.000,2.000,-0.2589,0.2094,-0.7256,-0.7256,구애스카프
마폭시,한카리아스,36,2,3.000,1.000,-0.4311,0.1379,-0.8977,-0.5621,구애스카프
마폭시,누리레느,36,3,4.000,2.000,-0.3124,-0.0955,-0.3406,,자뭉열매
마폭시,갑주무사,36,4,2.000,2.000,0.0714,0.2334,0.1379,0.3712,생명의구슬
마폭시,하마돈,36,5,3.000,2.000,0.0522,0.6325,-0.1812,,자뭉열매
마폭시,루카리오,36,6,1.000,3.000,0.7068,0.7068,0.4735,-0.0955,기합의띠
마폭시,드닐레이브,36,7,3.000,2.000,-0.0955,0.1379,-0.0955,-0.0955,기합의띠
마폭시,브리두라스,36,8,2.000,2.000,0.1379,0.4735,0.1379,,자뭉열매
마폭시,타부자고,36,9,2.000,2.000,0.2103,0.4417,0.2103,,풍선
마폭시,따라큐,36,10,2.000,2.000,0.1379,0.1379,0.1379,,생명의구슬
마폭시,고릴타,36,11,1.000,2.000,0.3712,0.7068,0.3712,,생명의구슬
마폭시,킬가르도,36,12,2.000,1.000,-0.1977,0.0356,-0.1977,,먹다남은음식
마폭시,마스카나,36,13,1.000,2.000,-0.0955,0.3712,-0.0955,,구애스카프
마폭시,갸라도스,36,14,3.000,2.000,-0.0955,-0.0955,-0.0955,-0.0955,울퉁불퉁멧
마폭시,아머까오,36,15,2.000,3.000,0.4735,0.4735,0.4735,,울퉁불퉁멧
마폭시,킬라플로르,36,16,2.000,2.000,0.1379,0.3712,0.1379,-0.1977,기합의띠
마폭시,대쓰여너,36,17,3.000,1.000,-0.4311,-0.4311,-0.8977,,구애스카프
마폭시,리자몽,36,18,3.000,4.000,0.5998,0.8103,0.1332,0.1525,구애스카프
마폭시,포푸니크,36,19,1.000,2.000,-0.0955,0.3712,-0.0955,,없음
마폭시,개굴닌자,36,20,2.000,2.000,-0.3288,0.1379,-0.3288,-0.3288,기합의띠
마폭시,에이스번,36,21,3.000,2.000,-0.5621,0.1379,-0.5621,,구애스카프
마폭시,알로라 나인테일,36,22,1.000,3.000,0.2401,0.8090,0.2401,,없음
마폭시,에써르(수컷),36,23,2.000,3.000,0.4735,0.4735,0.0068,,구애스카프
마폭시,워시로토무,36,24,3.000,2.000,-0.0955,0.1379,-0.0955,,먹다남은음식
마폭시,불카모스,36,25,3.000,3.000,0.4397,0.5355,0.3720,,자뭉열매
마폭시,빠르모트,36,26,1.000,2.000,-0.0955,0.3712,-0.3288,,기합의띠
마폭시,라우드본,36,27,4.000,3.000,0.1301,0.2236,-0.1055,,자뭉열매
마폭시,삼삼드래,36,28,2.000,2.000,0.1379,0.3712,-0.3288,,구애스카프
마폭시,메타그로스,36,29,1.000,2.000,0.3712,0.8090,0.3712,-0.3288,생명의구슬
마폭시,망나뇽,36,30,3.495,2.000,-0.3299,0.3994,-0.3299,-0.0919,없음
마폭시,님피아,36,31,4.000,3.000,0.3977,0.5449,0.3169,,먹다남은음식
마폭시,히트로토무,36,32,3.000,3.000,0.2400,0.8090,-0.2267,,구애스카프
마폭시,거북왕,36,33,3.000,1.000,-0.4311,-0.0955,-0.4311,-0.6644,없음
마폭시,대도각참,36,34,1.000,2.000,0.3712,0.3712,0.0356,,타입강화
마폭시,팬텀,36,35,2.000,2.000,-0.3288,0.3712,-0.3288,-0.3288,기합의띠
마폭시,엠페르트,36,37,3.000,2.000,0.1108,0.1108,0.1108,,없음
마폭시,번치코,36,38,2.000,2.000,0.1379,0.3712,0.3712,0.1379,생명의구슬
마폭시,대짱이,36,39,3.000,1.000,-0.4311,-0.4311,-0.6644,-0.6644,자뭉열매
마폭시,라이츄,36,40,2.000,3.000,0.0068,0.4735,0.0068,-0.3288,구애스카프
마폭시,블래키,36,41,4.000,2.000,0.1020,0.2229,0.0200,,먹다남은음식
마폭시,다크펫,36,42,2.000,1.000,-0.1977,-0.1977,-0.1977,-0.1977,기합의띠
마폭시,더시마사리,36,43,3.000,3.000,0.2400,0.4735,0.2400,,먹다남은음식
마폭시,핫삼,36,44,1.000,3.000,0.7068,0.7068,0.5641,0.5641,울퉁불퉁멧
마폭시,오롱털,36,45,2.000,2.000,0.1379,0.1379,0.1379,,없음
마폭시,픽시,36,46,3.000,8.000,0.9939,0.9939,0.9525,0.9459,먹다남은음식
마폭시,카디나르마,36,47,4.000,4.000,0.4603,0.8469,0.4603,,기합의띠
마폭시,앱솔,36,48,2.000,2.000,0.1379,0.1379,0.1379,-0.3288,없음
마폭시,찌리배리,36,49,3.000,5.000,0.8780,0.9001,0.7435,,먹다남은음식
마폭시,맘모꾸리,36,50,2.000,1.000,-0.1977,0.3712,-0.1977,,기합의띠
마폭시,파라블레이즈,36,51,3.000,1.000,-0.4311,-0.4311,-0.4311,,기합의띠
마폭시,패리퍼,36,52,3.000,2.000,-0.0955,0.1541,-0.0955,,없음
마폭시,찌르호크,36,53,2.000,3.000,0.2213,0.4120,-0.2454,-0.0547,구애스카프
마폭시,대검귀,36,54,2.000,2.000,0.1379,0.1379,0.1379,,타입강화
마폭시,마기라스,36,55,3.000,1.000,-0.4311,-0.4311,-0.6644,-0.4311,먹다남은음식
마폭시,이어롭,36,56,2.000,2.000,-0.3288,0.1379,-0.5621,-0.3288,자뭉열매
마폭시,플라엣테,36,57,3.000,4.000,0.6642,0.8575,0.1975,0.3544,구애스카프
마폭시,배바닐라,36,58,1.000,5.000,0.9113,1.0000,0.8090,,타입강화
마폭시,드래펄트,36,59,3.000,2.000,-0.5621,-0.3288,-0.6644,,생명의구슬
마폭시,입치트,36,60,1.000,3.000,0.7068,0.7068,0.4735,0.7068,기합의띠
마폭시,메가니움,36,61,2.000,4.000,0.7783,0.9733,0.7080,0.3724,기합의띠
마폭시,메타몽,36,62,2.000,5.000,0.9113,0.9113,0.9113,,구애스카프
마폭시,이상해꽃,36,63,2.000,3.000,0.7733,0.8756,0.4377,0.2043,생명의구슬
마폭시,밀로틱,36,64,5.000,3.000,-0.0954,0.1403,-0.2923,,먹다남은음식
마폭시,스코빌런,36,65,2.000,5.000,0.8823,0.9749,0.8823,0.8090,먹다남은음식
마폭시,아쿠스타,36,66,4.000,2.000,-0.7955,-0.0955,-0.7955,-0.7955,기합의띠
마폭시,몰드류,36,67,1.000,1.000,0.0356,0.3712,-0.4311,0.0356,구애스카프
마폭시,조로아크(히스이),36,68,2.000,2.000,-0.3288,0.3712,-0.3288,,기합의띠
마폭시,미끄래곤(히스이),36,69,3.000,2.000,-0.0955,0.2400,-0.3288,,먹다남은음식
마폭시,잠만보,36,70,5.000,2.000,-0.5000,0.1416,-0.7158,,먹다남은음식
마폭시,무장조,36,71,2.000,3.000,0.4735,0.4735,0.4735,-0.0214,자뭉열매
마폭시,클레스퍼트라,36,72,2.000,3.000,0.0068,0.4735,0.0068,,기합의띠
마폭시,창파나이트,36,73,2.000,2.000,0.1379,0.3712,0.1379,,없음
마폭시,우츠보트,36,74,1.000,3.000,0.7068,0.7068,0.4735,0.4735,기합의띠
마폭시,가라르야도킹,36,75,3.000,4.000,0.3864,0.8221,0.3864,,먹다남은음식
마폭시,깜까미,36,76,2.000,2.000,0.1379,0.2699,0.1379,0.0366,없음
마폭시,엘풍,36,77,1.000,7.000,1.0000,1.0000,1.0000,,기합의띠
마폭시,저승갓숭,36,78,2.000,3.000,0.4378,0.4378,0.4378,,먹다남은음식
마폭시,스트린더(하이),36,79,2.000,3.000,0.4735,0.7068,0.4735,,풍선
마폭시,샤미드,36,80,5.000,2.000,-0.5334,0.1124,-0.7667,,먹다남은음식
마폭시,사마자르,36,81,2.000,2.000,0.1379,0.1379,0.1379,,기합의띠
마폭시,인텔리레온,36,82,3.000,2.000,-0.5621,0.1379,-0.5621,,없음
마폭시,깨비물거미,36,83,3.000,2.000,-0.0955,0.1379,-0.1661,,자뭉열매
마폭시,가디안,36,84,3.000,4.000,0.5732,0.9113,0.5732,0.5732,기합의띠
마폭시,왕구리,36,85,3.000,2.000,-0.0955,-0.0955,-0.0955,,없음
마폭시,엘레이드,36,86,3.000,2.000,-0.0955,0.4735,0.1300,-0.5621,생명의구슬
마폭시,브리무음,36,87,2.000,6.000,0.9557,1.0000,0.9557,,기합의띠
마폭시,눈여아,36,88,1.000,2.000,-0.0955,0.7068,-0.3288,-0.0955,기합의띠
마폭시,어흥염,36,89,5.000,2.000,-0.3525,-0.3288,-0.5859,,자뭉열매
마폭시,마릴리,36,90,3.000,2.000,-0.0955,-0.0955,-0.3288,,자뭉열매
마폭시,올리르바,36,91,2.000,3.000,0.3390,0.7681,0.3390,,기합의띠
마폭시,스트린더(로우),36,92,2.000,3.000,0.4735,0.7068,0.4735,,풍선
마폭시,펜드라,36,93,1.000,2.000,-0.0955,0.5476,-0.3288,0.3712,기합의띠
마폭시,화염레오,36,94,3.000,3.000,-0.2267,0.4735,-0.2267,-0.2267,기합의띠
마폭시,윈디(히스이),36,95,3.000,1.000,-0.4398,-0.4311,-0.4398,,기합의띠
마폭시,캥카,36,96,2.000,2.000,0.1018,0.1379,0.1018,-0.0955,타입강화
마폭시,꿈트렁,36,97,1.000,2.000,0.3888,0.8090,0.3888,,자뭉열매
마폭시,에써르(암컷),36,98,2.000,6.000,1.0000,1.0000,1.0000,,없음
마폭시,후딘,36,99,2.000,3.000,0.0068,0.4735,0.0068,,기합의띠
마폭시,드래캄,36,100,2.000,2.000,0.1379,0.1379,0.1379,0.1379,생명의구슬
엠페르트,보만다,37,1,2.000,3.000,-0.0740,,-0.0740,-0.0740,구애스카프
엠페르트,한카리아스,37,2,2.000,2.000,-0.3288,,-0.3288,-0.5506,구애스카프
엠페르트,누리레느,37,3,4.000,6.000,0.5309,,0.1793,,자뭉열매
엠페르트,갑주무사,37,4,5.000,2.000,-0.5860,,-0.4416,-0.1302,생명의구슬
엠페르트,하마돈,37,5,2.000,2.000,0.1422,,0.1422,,자뭉열매
엠페르트,루카리오,37,6,2.000,2.000,-0.3558,,-0.3558,-0.6914,기합의띠
엠페르트,드닐레이브,37,7,2.000,2.000,-0.3170,,-0.3170,-0.3558,기합의띠
엠페르트,브리두라스,37,8,4.000,2.000,-0.7955,,-0.7955,,자뭉열매
엠페르트,타부자고,37,9,3.000,2.000,-0.5086,,-0.5086,,풍선
엠페르트,따라큐,37,10,2.000,3.000,0.0109,,0.0052,,생명의구슬
엠페르트,고릴타,37,11,2.000,2.000,-0.3558,,-0.3558,,생명의구슬
엠페르트,킬가르도,37,12,3.000,2.000,-0.3558,,-0.5892,,먹다남은음식
엠페르트,마스카나,37,13,2.000,2.000,-0.3170,,-0.3170,,구애스카프
엠페르트,갸라도스,37,14,5.000,2.000,-0.7844,,-0.7844,-0.7955,울퉁불퉁멧
엠페르트,아머까오,37,15,4.000,4.000,-0.1647,,-0.1735,,울퉁불퉁멧
엠페르트,킬라플로르,37,16,2.000,3.000,-0.2900,,-0.2900,-0.2900,기합의띠
엠페르트,대쓰여너,37,17,4.000,4.000,-0.1647,,-0.1647,,구애스카프
엠페르트,리자몽,37,18,2.000,3.000,0.0157,,0.0157,-0.2203,구애스카프
엠페르트,포푸니크,37,19,3.000,1.000,-0.8589,,-0.8589,,없음
엠페르트,개굴닌자,37,20,3.000,3.000,-0.2194,,-0.2194,-0.2540,기합의띠
엠페르트,에이스번,37,21,2.000,1.000,-0.4192,,-0.4192,,구애스카프
엠페르트,알로라 나인테일,37,22,1.000,7.000,1.0000,,1.0000,,없음
엠페르트,에써르(수컷),37,23,3.000,5.000,0.5039,,0.5039,,구애스카프
엠페르트,워시로토무,37,24,3.000,2.000,-0.5506,,-0.7844,,먹다남은음식
엠페르트,불카모스,37,25,2.000,4.000,0.2305,,0.0734,,자뭉열매
엠페르트,빠르모트,37,26,2.000,2.000,-0.6526,,-0.6526,,기합의띠
엠페르트,라우드본,37,27,2.000,4.000,0.0545,,0.0545,,자뭉열매
엠페르트,삼삼드래,37,28,3.000,3.000,-0.2540,,-0.2540,,구애스카프
엠페르트,메타그로스,37,29,3.000,2.000,-0.5506,,-0.3558,-0.5506,생명의구슬
엠페르트,망나뇽,37,30,2.495,2.000,-0.2494,,-0.2494,-0.2506,없음
엠페르트,님피아,37,31,3.000,4.000,0.4766,,0.2733,,먹다남은음식
엠페르트,히트로토무,37,32,2.000,2.000,-0.2900,,-0.2900,,구애스카프
엠페르트,거북왕,37,33,4.000,4.000,-0.4567,,-0.4567,-0.4896,없음
엠페르트,대도각참,37,34,3.000,3.000,0.2127,,0.2127,,타입강화
엠페르트,팬텀,37,35,2.000,2.000,-0.3170,,-0.3170,-0.5621,기합의띠
엠페르트,마폭시,37,36,2.000,3.000,-0.2900,,-0.2900,-0.2900,기합의띠
엠페르트,번치코,37,38,1.000,1.000,-0.4192,,-0.4581,-0.6256,생명의구슬
엠페르트,대짱이,37,39,2.000,2.000,-0.1225,,-0.3288,-0.6526,자뭉열매
엠페르트,라이츄,37,40,2.000,2.000,-0.3558,,-0.3558,-0.6526,구애스카프
엠페르트,블래키,37,41,5.000,5.000,0.1003,,-0.2501,,먹다남은음식
엠페르트,다크펫,37,42,2.000,3.000,0.0183,,0.0183,-0.3170,기합의띠
엠페르트,더시마사리,37,43,8.000,12.000,0.7000,,0.3856,,먹다남은음식
엠페르트,핫삼,37,44,3.000,2.000,-0.4678,,-0.4678,-0.7012,울퉁불퉁멧
엠페르트,오롱털,37,45,2.000,3.000,0.2517,,0.2517,,없음
엠페르트,픽시,37,46,3.000,7.000,0.9750,,0.9750,0.6358,먹다남은음식
엠페르트,카디나르마,37,47,2.000,2.000,-0.2900,,-0.2900,,기합의띠
엠페르트,앱솔,37,48,2.000,2.000,-0.3558,,-0.3558,-0.3558,없음
엠페르트,찌리배리,37,49,4.000,3.000,0.0015,,-0.0542,,먹다남은음식
엠페르트,맘모꾸리,37,50,2.000,2.000,-0.3288,,-0.3288,,기합의띠
엠페르트,파라블레이즈,37,51,2.000,2.000,-0.3288,,-0.3288,,기합의띠
엠페르트,패리퍼,37,52,4.000,6.000,0.4606,,0.4606,,없음
엠페르트,찌르호크,37,53,3.000,3.000,-0.2655,,-0.2655,-0.6385,구애스카프
엠페르트,대검귀,37,54,3.000,3.000,-0.2540,,-0.2540,,타입강화
엠페르트,마기라스,37,55,2.000,2.000,-0.3288,,-0.3558,-0.3558,먹다남은음식
엠페르트,이어롭,37,56,3.000,2.000,-0.5233,,-0.5506,-0.8589,자뭉열매
엠페르트,플라엣테,37,57,3.000,5.000,0.3924,,0.3924,-0.0520,구애스카프
엠페르트,배바닐라,37,58,2.000,11.000,0.9992,,0.9992,,타입강화
엠페르트,드래펄트,37,59,2.000,3.000,0.0183,,-0.3170,,생명의구슬
엠페르트,입치트,37,60,2.000,3.000,0.5123,,0.5123,0.4637,기합의띠
엠페르트,메가니움,37,61,3.000,4.000,0.0070,,0.0070,-0.2488,기합의띠
엠페르트,메타몽,37,62,2.000,7.000,1.0000,,1.0000,,구애스카프
엠페르트,이상해꽃,37,63,3.000,4.000,-0.0283,,-0.2535,-0.6254,생명의구슬
엠페르트,밀로틱,37,64,6.000,11.000,0.7009,,0.4652,,먹다남은음식
엠페르트,스코빌런,37,65,2.000,3.000,0.0074,,-0.1630,-0.4844,먹다남은음식
엠페르트,아쿠스타,37,66,3.000,8.000,0.9814,,0.9814,0.9695,기합의띠
엠페르트,몰드류,37,67,2.000,2.000,-0.3288,,-0.3288,-0.6256,구애스카프
엠페르트,조로아크(히스이),37,68,2.000,2.000,-0.3170,,-0.3170,,기합의띠
엠페르트,미끄래곤(히스이),37,69,6.000,3.000,-0.7000,,-0.7000,,먹다남은음식
엠페르트,잠만보,37,70,4.000,3.000,-0.3054,,-0.5395,,먹다남은음식
엠페르트,무장조,37,71,3.000,3.000,-0.2531,,-0.4903,-0.4903,자뭉열매
엠페르트,클레스퍼트라,37,72,2.000,5.000,0.7011,,0.7011,,기합의띠
엠페르트,창파나이트,37,73,2.000,1.000,-0.6914,,-0.6914,,없음
엠페르트,우츠보트,37,74,3.000,5.000,0.5039,,0.5039,0.1098,기합의띠
엠페르트,가라르야도킹,37,75,4.000,6.000,0.8578,,0.6326,,먹다남은음식
엠페르트,깜까미,37,76,2.000,4.000,0.8570,,0.8570,0.7138,없음
엠페르트,엘풍,37,77,2.000,4.000,0.4185,,0.4185,,기합의띠
엠페르트,저승갓숭,37,78,3.000,2.000,-0.6207,,-0.8051,,먹다남은음식
엠페르트,스트린더(하이),37,79,2.000,2.000,-0.3170,,-0.3170,,풍선
엠페르트,샤미드,37,80,6.000,9.000,0.4268,,-0.1114,,먹다남은음식
엠페르트,사마자르,37,81,1.000,2.000,-0.1225,,-0.3288,,기합의띠
엠페르트,인텔리레온,37,82,3.000,5.000,0.4651,,0.4651,,없음
엠페르트,깨비물거미,37,83,6.000,9.000,0.7000,,0.4667,,자뭉열매
엠페르트,가디안,37,84,2.000,3.000,-0.0202,,-0.0202,-0.3170,기합의띠
엠페르트,왕구리,37,85,4.000,3.000,-0.4591,,-0.4591,,없음
엠페르트,엘레이드,37,86,3.000,2.000,-0.5892,,-0.8498,-0.5892,생명의구슬
엠페르트,브리무음,37,87,2.000,6.000,0.9600,,0.9600,,기합의띠
엠페르트,눈여아,37,88,2.000,3.000,0.0456,,0.0456,-0.3170,기합의띠
엠페르트,어흥염,37,89,2.000,2.000,-0.0566,,-0.0837,,자뭉열매
엠페르트,마릴리,37,90,4.000,3.000,-0.2053,,-0.2323,,자뭉열매
엠페르트,올리르바,37,91,3.000,3.000,0.2334,,0.2334,,기합의띠
엠페르트,스트린더(로우),37,92,2.000,2.000,-0.3170,,-0.3170,,풍선
엠페르트,펜드라,37,93,2.000,3.000,-0.1543,,-0.1543,-0.5376,기합의띠
엠페르트,화염레오,37,94,1.000,3.000,0.2131,,0.0068,-0.2900,기합의띠
엠페르트,윈디(히스이),37,95,1.000,2.000,-0.0466,,-0.2789,,기합의띠
엠페르트,캥카,37,96,3.000,3.000,-0.4994,,-0.4994,-0.5867,타입강화
엠페르트,꿈트렁,37,97,2.000,2.000,-0.3015,,-0.3137,,자뭉열매
엠페르트,에써르(암컷),37,98,3.000,7.000,0.7751,,0.7751,,없음
엠페르트,후딘,37,99,3.000,2.000,-0.3170,,-0.3170,,기합의띠
엠페르트,드래캄,37,100,3.000,2.000,-0.0839,,0.1108,-0.0839,생명의구슬
번치코,보만다,38,1,4.000,2.000,-0.7256,-0.0938,-0.7256,-0.8977,구애스카프
번치코,한카리아스,38,2,3.000,1.000,-0.8977,-0.3288,-0.8977,-0.3288,구애스카프
번치코,누리레느,38,3,3.000,2.000,0.1097,0.1379,-0.0955,,자뭉열매
번치코,갑주무사,38,4,3.000,2.000,-0.0955,0.1669,0.0714,0.3712,생명의구슬
번치코,하마돈,38,5,3.000,2.000,-0.1812,0.0522,-0.4145,,자뭉열매
번치코,루카리오,38,6,1.000,2.000,-0.0955,0.3712,-0.3288,-0.0955,기합의띠
번치코,드닐레이브,38,7,2.000,2.000,-0.3288,0.3712,-0.3288,-0.3288,기합의띠
번치코,브리두라스,38,8,2.000,2.000,-0.3288,0.3712,-0.3288,,자뭉열매
번치코,타부자고,38,9,2.000,3.000,0.2382,0.7773,0.2382,,풍선
번치코,따라큐,38,10,2.000,3.000,0.0068,0.4983,-0.3039,,생명의구슬
번치코,고릴타,38,11,2.000,2.000,-0.3288,0.3712,-0.0955,,생명의구슬
번치코,킬가르도,38,12,2.000,2.000,0.1379,0.3712,0.1379,,먹다남은음식
번치코,마스카나,38,13,1.000,3.000,0.2401,0.2401,0.2401,,구애스카프
번치코,갸라도스,38,14,2.000,2.000,-0.3288,0.1379,-0.3288,-0.3288,울퉁불퉁멧
번치코,아머까오,38,15,2.000,2.000,0.1379,0.1379,0.1379,,울퉁불퉁멧
번치코,킬라플로르,38,16,1.000,2.000,-0.0955,0.3712,-0.3288,-0.0955,기합의띠
번치코,대쓰여너,38,17,3.000,1.000,-0.4311,-0.1977,-0.8977,,구애스카프
번치코,리자몽,38,18,1.000,2.000,-0.1482,0.2136,-0.1482,-0.1482,구애스카프
번치코,포푸니크,38,19,2.000,2.000,-0.3288,-0.3288,-0.3288,,없음
번치코,개굴닌자,38,20,1.000,1.000,-0.4311,-0.0955,-0.6644,-0.4311,기합의띠
번치코,에이스번,38,21,2.000,2.000,-0.3288,-0.3288,-0.3288,,구애스카프
번치코,알로라 나인테일,38,22,1.000,3.000,0.2401,0.2401,0.2401,,없음
번치코,에써르(수컷),38,23,2.000,2.000,-0.3288,0.3712,-0.3288,,구애스카프
번치코,워시로토무,38,24,2.000,1.000,-0.6644,0.1379,-0.6644,,먹다남은음식
번치코,불카모스,38,25,1.000,2.000,-0.0342,0.3389,-0.0342,,자뭉열매
번치코,빠르모트,38,26,2.000,2.000,-0.3288,-0.3288,-0.3288,,기합의띠
번치코,라우드본,38,27,3.000,3.000,0.2236,0.2350,0.1046,,자뭉열매
번치코,삼삼드래,38,28,1.000,2.000,-0.0955,0.3712,-0.0955,,구애스카프
번치코,메타그로스,38,29,2.000,2.000,0.1379,0.3712,-0.1977,-0.3288,생명의구슬
번치코,망나뇽,38,30,3.495,2.000,-0.3299,0.0738,-0.3299,-0.6788,없음
번치코,님피아,38,31,3.000,2.000,-0.0292,0.1379,-0.0292,,먹다남은음식
번치코,히트로토무,38,32,2.000,3.000,0.0068,0.4735,0.0068,,구애스카프
번치코,거북왕,38,33,2.000,1.000,-0.1977,-0.1977,-0.1977,-0.4311,없음
번치코,대도각참,38,34,1.000,4.000,0.8090,0.8090,0.8090,,타입강화
번치코,팬텀,38,35,2.000,2.000,-0.3288,0.2401,-0.3288,-0.3288,기합의띠
번치코,마폭시,38,36,2.000,2.000,-0.3288,-0.3288,-0.3288,-0.6644,기합의띠
번치코,엠페르트,38,37,1.000,1.000,0.0474,0.3442,0.0474,,없음
번치코,대짱이,38,39,2.000,1.000,-0.1977,-0.1977,-0.4311,-0.4311,자뭉열매
번치코,라이츄,38,40,2.000,2.000,-0.3288,0.2401,-0.3288,-0.3288,구애스카프
번치코,블래키,38,41,2.000,8.000,1.0000,1.0000,1.0000,,먹다남은음식
번치코,다크펫,38,42,2.000,2.000,0.1379,0.1379,0.1379,0.1379,기합의띠
번치코,더시마사리,38,43,3.000,3.000,0.2400,0.2400,0.1148,,먹다남은음식
번치코,핫삼,38,44,1.000,2.000,0.3712,0.3712,0.3712,0.3712,울퉁불퉁멧
번치코,오롱털,38,45,2.000,3.000,0.4735,0.4735,0.4735,,없음
번치코,픽시,38,46,3.000,4.000,0.5627,0.5627,0.5496,0.2292,먹다남은음식
번치코,카디나르마,38,47,2.000,2.000,0.1379,0.1379,0.1379,,기합의띠
번치코,앱솔,38,48,1.000,2.000,0.3712,0.7068,0.3712,-0.3288,없음
번치코,찌리배리,38,49,3.000,4.000,0.5667,0.5667,0.4171,,먹다남은음식
번치코,맘모꾸리,38,50,1.000,1.000,-0.1977,0.3712,-0.4311,,기합의띠
번치코,파라블레이즈,38,51,2.000,2.000,-0.3288,0.1379,-0.3288,,기합의띠
번치코,패리퍼,38,52,2.000,2.000,0.1379,0.3340,0.1379,,없음
번치코,찌르호크,38,53,3.000,2.000,-0.6236,-0.3475,-0.6236,-0.6236,구애스카프
번치코,대검귀,38,54,1.000,2.000,-0.0955,0.3712,-0.0955,,타입강화
번치코,마기라스,38,55,1.000,2.000,0.3712,0.3712,0.3712,0.3712,먹다남은음식
번치코,이어롭,38,56,1.000,2.000,-0.0955,-0.0955,-0.0955,-0.0955,자뭉열매
번치코,플라엣테,38,57,2.000,2.000,-0.4319,0.2862,-0.4319,-0.4319,구애스카프
번치코,배바닐라,38,58,1.000,4.000,0.8090,0.9113,0.8090,,타입강화
번치코,드래펄트,38,59,4.000,2.000,-0.7955,-0.5621,-0.5621,,생명의구슬
번치코,입치트,38,60,2.000,3.000,0.4735,0.7068,0.4735,0.3712,기합의띠
번치코,메가니움,38,61,2.000,3.000,0.2401,0.7783,0.2401,0.1391,기합의띠
번치코,메타몽,38,62,1.000,3.000,0.7068,0.7068,0.2401,,구애스카프
번치코,이상해꽃,38,63,2.000,3.000,0.2044,0.4377,0.2044,-0.1920,생명의구슬
번치코,밀로틱,38,64,3.000,2.000,-0.5608,0.2394,-0.5608,,먹다남은음식
번치코,스코빌런,38,65,2.000,4.000,0.8090,0.8090,0.8090,0.7139,먹다남은음식
번치코,아쿠스타,38,66,2.000,2.000,-0.3288,-0.3288,-0.3288,-0.5621,기합의띠
번치코,몰드류,38,67,1.000,1.000,-0.4311,0.0356,-0.4311,-0.6644,구애스카프
번치코,조로아크(히스이),38,68,2.000,3.000,0.0068,0.0068,0.0068,,기합의띠
번치코,미끄래곤(히스이),38,69,1.000,2.000,0.3712,0.3712,0.1379,,먹다남은음식
번치코,잠만보,38,70,2.000,2.000,0.1379,0.3712,0.1379,,먹다남은음식
번치코,무장조,38,71,2.000,2.000,0.1379,0.1379,-0.0312,-0.3570,자뭉열매
번치코,클레스퍼트라,38,72,2.000,2.000,-0.3288,-0.3288,-0.3288,,기합의띠
번치코,창파나이트,38,73,2.000,2.000,0.1379,0.1379,0.1379,,없음
번치코,우츠보트,38,74,1.000,3.000,0.7068,0.7068,0.4735,0.4735,기합의띠
번치코,가라르야도킹,38,75,3.000,2.000,-0.0172,0.1379,-0.0172,,먹다남은음식
번치코,깜까미,38,76,2.000,7.000,0.9971,1.0000,0.9971,0.9971,없음
번치코,엘풍,38,77,1.000,3.000,0.2401,0.2401,0.0068,,기합의띠
번치코,저승갓숭,38,78,3.000,2.000,-0.5621,0.4378,-0.5621,,먹다남은음식
번치코,스트린더(하이),38,79,1.000,3.000,0.7068,0.7068,0.4735,,풍선
번치코,샤미드,38,80,3.000,2.000,-0.0667,-0.0667,-0.0667,,먹다남은음식
번치코,사마자르,38,81,2.000,3.000,0.0068,0.4735,0.0068,,기합의띠
번치코,인텔리레온,38,82,2.000,2.000,-0.3288,-0.3288,-0.3288,,없음
번치코,깨비물거미,38,83,2.000,2.000,0.1379,0.1379,-0.0955,,자뭉열매
번치코,가디안,38,84,2.000,2.000,-0.0955,0.1379,-0.0955,-0.6644,기합의띠
번치코,왕구리,38,85,2.000,2.000,0.1379,0.1379,0.1379,,없음
번치코,엘레이드,38,86,2.000,2.000,-0.0955,0.1379,-0.0955,-0.3367,생명의구슬
번치코,브리무음,38,87,2.000,2.000,-0.0299,0.1379,-0.0299,,기합의띠
번치코,눈여아,38,88,1.000,4.000,0.5757,0.5757,0.3424,0.2401,기합의띠
번치코,어흥염,38,89,2.000,3.000,0.4735,0.5076,0.4735,,자뭉열매
번치코,마릴리,38,90,3.000,2.000,-0.0955,0.4735,-0.0955,,자뭉열매
번치코,올리르바,38,91,1.000,2.000,0.2314,0.3712,0.1379,,기합의띠
번치코,스트린더(로우),38,92,1.000,3.000,0.7068,0.7068,0.4735,,풍선
번치코,펜드라,38,93,1.000,2.000,-0.0955,0.0809,-0.3288,0.1379,기합의띠
번치코,화염레오,38,94,1.000,3.000,0.2401,0.2401,0.0068,-0.0955,기합의띠
번치코,윈디(히스이),38,95,1.000,2.000,-0.1042,0.3750,-0.3288,,기합의띠
번치코,캥카,38,96,1.000,2.000,-0.1316,0.3712,-0.1316,-0.3288,타입강화
번치코,꿈트렁,38,97,2.000,2.000,0.1554,0.3765,0.1554,,자뭉열매
번치코,에써르(암컷),38,98,2.000,2.000,-0.3288,0.1379,-0.3288,,없음
번치코,후딘,38,99,2.000,2.000,-0.3288,-0.0955,-0.3288,,기합의띠
번치코,드래캄,38,100,2.000,2.000,0.1379,0.1379,0.1379,0.1379,생명의구슬
대짱이,보만다,39,1,3.000,3.000,-0.2573,0.0767,-0.2573,-0.2573,구애스카프
대짱이,한카리아스,39,2,2.000,2.000,-0.3288,0.0068,-0.3288,-0.5621,구애스카프
대짱이,누리레느,39,3,3.000,3.000,0.2120,0.5139,0.0066,,자뭉열매
대짱이,갑주무사,39,4,6.000,3.000,-0.5331,-0.1705,-0.5350,0.0043,생명의구슬
대짱이,하마돈,39,5,2.000,3.000,0.5967,0.6342,0.5101,,자뭉열매
대짱이,루카리오,39,6,1.000,3.000,0.2401,0.2401,0.0068,-0.3288,기합의띠
대짱이,드닐레이브,39,7,3.000,2.000,-0.5621,-0.2267,-0.5621,-0.7955,기합의띠
대짱이,브리두라스,39,8,2.000,2.000,-0.3288,0.0068,-0.5621,,자뭉열매
대짱이,타부자고,39,9,2.000,4.000,0.4696,0.5738,0.0207,,풍선
대짱이,따라큐,39,10,2.000,1.000,-0.6395,-0.3288,-0.6644,,생명의구슬
대짱이,고릴타,39,11,3.000,1.000,-0.8977,-0.6644,-0.8977,,생명의구슬
대짱이,킬가르도,39,12,2.000,3.000,0.2401,0.4735,0.2401,,먹다남은음식
대짱이,마스카나,39,13,2.000,1.000,-0.6644,-0.3288,-0.6644,,구애스카프
대짱이,갸라도스,39,14,6.000,1.000,-0.8977,-0.8977,-0.8977,-0.8977,울퉁불퉁멧
대짱이,아머까오,39,15,4.000,4.000,-0.1639,0.8111,-0.4623,,울퉁불퉁멧
대짱이,킬라플로르,39,16,1.000,1.000,-0.4311,-0.0955,-0.6644,-0.4311,기합의띠
대짱이,대쓰여너,39,17,3.000,2.000,-0.5621,-0.3288,-0.5621,,구애스카프
대짱이,리자몽,39,18,2.000,1.000,-0.4080,-0.4080,-0.4080,-0.4838,구애스카프
대짱이,포푸니크,39,19,1.000,2.000,-0.0955,0.2401,-0.0955,,없음
대짱이,개굴닌자,39,20,2.000,2.000,-0.3288,-0.3288,-0.3288,-0.8977,기합의띠
대짱이,에이스번,39,21,1.000,3.000,0.2401,0.2401,0.2401,,구애스카프
대짱이,알로라 나인테일,39,22,2.000,3.000,0.0068,0.3424,0.0068,,없음
대짱이,에써르(수컷),39,23,2.000,2.000,-0.3288,-0.3288,-0.3288,,구애스카프
대짱이,워시로토무,39,24,4.000,3.000,-0.4623,-0.4623,-0.6980,,먹다남은음식
대짱이,불카모스,39,25,2.000,2.000,-0.2353,-0.0955,-0.3288,,자뭉열매
대짱이,빠르모트,39,26,1.000,3.000,0.2401,0.2401,0.0068,,기합의띠
대짱이,라우드본,39,27,2.000,5.000,0.6617,0.9907,0.4351,,자뭉열매
대짱이,삼삼드래,39,28,3.000,2.000,-0.5621,-0.2267,-0.5621,,구애스카프
대짱이,메타그로스,39,29,2.000,3.000,0.0068,0.5757,0.0068,0.0068,생명의구슬
대짱이,망나뇽,39,30,2.495,3.000,0.0624,0.0624,0.0624,-0.3940,없음
대짱이,님피아,39,31,3.000,2.000,-0.0224,0.2110,-0.0887,,먹다남은음식
대짱이,히트로토무,39,32,1.000,5.000,0.9113,0.9113,0.9113,,구애스카프
대짱이,거북왕,39,33,3.000,3.000,-0.2267,-0.2267,-0.2267,-0.5621,없음
대짱이,대도각참,39,34,2.000,3.000,0.4735,0.8090,0.4735,,타입강화
대짱이,팬텀,39,35,1.000,3.000,0.2401,0.5757,0.0068,0.2401,기합의띠
대짱이,마폭시,39,36,1.000,3.000,0.2401,0.5757,0.0068,0.2401,기합의띠
대짱이,엠페르트,39,37,2.000,2.000,-0.0566,0.3830,-0.0566,,없음
대짱이,번치코,39,38,1.000,2.000,-0.0955,0.2401,-0.0955,-0.0955,생명의구슬
대짱이,라이츄,39,40,1.000,2.000,-0.0955,0.2401,-0.0955,-0.0955,구애스카프
대짱이,블래키,39,41,4.000,6.000,0.3712,0.9787,0.0917,,먹다남은음식
대짱이,다크펫,39,42,2.000,3.000,0.0068,0.4735,0.0068,-0.3288,기합의띠
대짱이,더시마사리,39,43,3.000,7.000,0.9932,1.0000,0.9932,,먹다남은음식
대짱이,핫삼,39,44,3.000,4.000,-0.1581,0.5994,-0.3694,-0.3007,울퉁불퉁멧
대짱이,오롱털,39,45,2.000,3.000,0.2401,0.4735,0.2401,,없음
대짱이,픽시,39,46,3.000,5.000,0.5514,0.9521,0.2650,-0.1706,먹다남은음식
대짱이,카디나르마,39,47,2.000,2.000,-0.3288,-0.0955,-0.3288,,기합의띠
대짱이,앱솔,39,48,2.000,3.000,0.0068,0.3424,0.0068,0.0068,없음
대짱이,찌리배리,39,49,2.000,11.000,1.0000,1.0000,0.9937,,먹다남은음식
대짱이,맘모꾸리,39,50,2.000,3.000,0.0068,0.2401,0.0068,,기합의띠
대짱이,파라블레이즈,39,51,1.000,3.000,0.2401,0.2401,0.0068,,기합의띠
대짱이,패리퍼,39,52,5.000,3.000,-0.5002,0.3016,-0.5002,,없음
대짱이,찌르호크,39,53,4.000,3.000,-0.1754,0.0456,-0.1754,-0.4806,구애스카프
대짱이,대검귀,39,54,3.000,4.000,0.0400,0.6780,0.0400,,타입강화
대짱이,마기라스,39,55,2.000,3.000,0.0068,0.8090,0.0068,0.0068,먹다남은음식
대짱이,이어롭,39,56,2.000,3.000,0.0068,0.0068,-0.2267,-0.3288,자뭉열매
대짱이,플라엣테,39,57,2.000,3.000,-0.2837,-0.1805,-0.2837,-0.2837,구애스카프
대짱이,배바닐라,39,58,2.000,3.000,0.0068,0.0068,0.0068,,타입강화
대짱이,드래펄트,39,59,3.000,3.000,-0.2267,0.0068,-0.3288,,생명의구슬
대짱이,입치트,39,60,2.000,4.000,0.8090,0.8090,0.8090,0.8090,기합의띠
대짱이,메가니움,39,61,4.000,1.000,-0.8977,-0.5929,-0.8977,-0.6644,기합의띠
대짱이,메타몽,39,62,2.000,4.000,0.8090,0.8090,0.3424,,구애스카프
대짱이,이상해꽃,39,63,3.000,2.000,-0.8312,-0.4806,-0.6794,-0.8312,생명의구슬
대짱이,밀로틱,39,64,4.000,6.000,0.4225,0.7575,0.4225,,먹다남은음식
대짱이,스코빌런,39,65,2.000,1.000,-0.6644,-0.6644,-0.6644,-0.8316,먹다남은음식
대짱이,아쿠스타,39,66,3.000,4.000,0.1066,0.6780,0.1066,0.1066,기합의띠
대짱이,몰드류,39,67,1.000,3.000,0.2401,0.2401,0.2401,-0.3288,구애스카프
대짱이,조로아크(히스이),39,68,2.000,3.000,0.0068,0.3424,0.0068,,기합의띠
대짱이,미끄래곤(히스이),39,69,2.000,3.000,0.2401,0.4735,0.2401,,먹다남은음식
대짱이,잠만보,39,70,3.000,4.000,0.5732,0.8536,0.4497,,먹다남은음식
대짱이,무장조,39,71,4.000,4.000,-0.2400,0.4908,-0.4941,-0.3191,자뭉열매
대짱이,클레스퍼트라,39,72,2.000,2.000,-0.3288,-0.3288,-0.3288,,기합의띠
대짱이,창파나이트,39,73,2.000,1.000,-0.6644,0.1379,-0.6644,,없음
대짱이,우츠보트,39,74,3.000,2.000,-0.5621,-0.0955,-0.5621,-0.8977,기합의띠
대짱이,가라르야도킹,39,75,2.000,4.000,0.7644,0.8770,0.7644,,먹다남은음식
대짱이,깜까미,39,76,2.000,5.000,0.8890,0.9498,0.8890,0.7179,없음
대짱이,엘풍,39,77,1.000,1.000,-0.4311,-0.0955,-0.6644,,기합의띠
대짱이,저승갓숭,39,78,3.000,3.000,-0.2267,-0.2019,-0.2267,,먹다남은음식
대짱이,스트린더(하이),39,79,1.000,3.000,0.2401,0.5757,0.0068,,풍선
대짱이,샤미드,39,80,4.000,4.000,0.0568,0.8945,-0.2070,,먹다남은음식
대짱이,사마자르,39,81,1.000,3.000,0.2401,0.5757,0.0068,,기합의띠
대짱이,인텔리레온,39,82,2.000,3.000,0.0068,0.3424,0.0068,,없음
대짱이,깨비물거미,39,83,5.000,5.000,0.5087,0.6889,0.2063,,자뭉열매
대짱이,가디안,39,84,2.000,3.000,0.0068,0.0068,0.0068,-0.3288,기합의띠
대짱이,왕구리,39,85,3.000,4.000,0.1066,0.5757,0.1066,,없음
대짱이,엘레이드,39,86,2.000,2.000,-0.3288,-0.3288,-0.6644,-0.6723,생명의구슬
대짱이,브리무음,39,87,2.000,2.000,0.0212,0.1379,0.0212,,기합의띠
대짱이,눈여아,39,88,2.000,3.000,0.0068,0.3424,0.0068,0.0068,기합의띠
대짱이,어흥염,39,89,2.000,4.000,0.5757,0.8090,0.3399,,자뭉열매
대짱이,마릴리,39,90,3.000,5.000,0.5079,1.0000,0.5079,,자뭉열매
대짱이,올리르바,39,91,3.000,1.000,-0.4311,-0.1365,-0.4311,,기합의띠
대짱이,스트린더(로우),39,92,1.000,3.000,0.2401,0.5757,0.0068,,풍선
대짱이,펜드라,39,93,2.000,4.000,0.1017,0.5188,0.1017,-0.1683,기합의띠
대짱이,화염레오,39,94,1.000,3.000,0.2401,0.5757,0.0068,0.0068,기합의띠
대짱이,윈디(히스이),39,95,1.000,4.000,0.5882,0.5915,0.3549,,기합의띠
대짱이,캥카,39,96,3.000,3.000,-0.2267,0.0068,-0.5621,-0.5621,타입강화
대짱이,꿈트렁,39,97,3.000,5.000,0.4239,0.9111,0.1345,,자뭉열매
대짱이,에써르(암컷),39,98,2.000,4.000,0.3424,0.3424,0.3424,,없음
대짱이,후딘,39,99,2.000,1.000,-0.6644,-0.0955,-0.6644,,기합의띠
대짱이,드래캄,39,100,2.000,2.000,0.1379,0.7068,0.3712,0.1379,생명의구슬
라이츄,보만다,40,1,3.000,2.000,-0.2589,-0.0256,-0.7256,-0.7256,구애스카프
라이츄,한카리아스,40,2,3.000,1.000,-0.4311,-0.1977,-0.8977,-0.5621,구애스카프
라이츄,누리레느,40,3,2.000,2.000,0.1783,0.3835,0.1783,,자뭉열매
라이츄,갑주무사,40,4,2.000,2.000,0.1379,0.3712,0.3048,-0.1619,생명의구슬
라이츄,하마돈,40,5,4.000,1.000,-0.6269,-0.3935,-0.8602,,자뭉열매
라이츄,루카리오,40,6,2.000,2.000,0.1379,0.3712,0.1379,-0.6644,기합의띠
라이츄,드닐레이브,40,7,2.000,2.000,0.1379,0.1379,0.1379,-0.4311,기합의띠
라이츄,브리두라스,40,8,2.000,2.000,0.1379,0.1379,0.1379,,자뭉열매
라이츄,타부자고,40,9,4.000,3.000,0.1303,0.3301,0.1303,,풍선
라이츄,따라큐,40,10,3.000,3.000,0.2400,0.4735,0.1206,,생명의구슬
라이츄,고릴타,40,11,4.000,2.000,-0.3288,-0.0955,-0.4311,,생명의구슬
라이츄,킬가르도,40,12,3.000,2.000,-0.0955,0.1379,-0.3288,,먹다남은음식
라이츄,마스카나,40,13,2.000,2.000,-0.3288,0.3712,-0.3288,,구애스카프
라이츄,갸라도스,40,14,1.000,2.000,0.3712,0.3712,0.3712,-0.1977,울퉁불퉁멧
라이츄,아머까오,40,15,2.000,5.000,0.9113,0.9113,0.9113,,울퉁불퉁멧
라이츄,킬라플로르,40,16,3.000,2.000,-0.0955,0.1379,-0.0955,-0.0955,기합의띠
라이츄,대쓰여너,40,17,2.000,2.000,0.1379,0.3712,-0.3288,,구애스카프
라이츄,리자몽,40,18,2.000,2.000,0.2136,0.3943,-0.2530,0.1379,구애스카프
라이츄,포푸니크,40,19,3.000,2.000,-0.5621,0.1379,-0.5621,,없음
라이츄,개굴닌자,40,20,1.000,2.000,-0.0955,0.3712,-0.3288,-0.3288,기합의띠
라이츄,에이스번,40,21,3.000,2.000,-0.5621,0.1379,-0.5621,,구애스카프
라이츄,알로라 나인테일,40,22,3.000,3.000,0.2400,0.4735,0.2400,,없음
라이츄,에써르(수컷),40,23,3.000,3.000,0.2400,0.4735,-0.2267,,구애스카프
라이츄,워시로토무,40,24,3.000,2.000,-0.0955,0.1379,-0.0955,,먹다남은음식
라이츄,불카모스,40,25,4.000,3.000,-0.0038,0.1990,-0.2385,,자뭉열매
라이츄,빠르모트,40,26,2.000,2.000,0.1379,0.1379,0.1379,,기합의띠
라이츄,라우드본,40,27,4.000,3.000,0.0501,0.2350,-0.1741,,자뭉열매
라이츄,삼삼드래,40,28,2.000,2.000,0.1379,0.3712,-0.3288,,구애스카프
라이츄,메타그로스,40,29,3.000,2.000,-0.0955,0.1379,-0.4311,-0.3288,생명의구슬
라이츄,망나뇽,40,30,4.495,2.000,-0.3299,-0.0966,-0.3299,-0.4500,없음
라이츄,님피아,40,31,5.000,2.000,-0.4959,-0.0955,-0.6629,,먹다남은음식
라이츄,히트로토무,40,32,4.000,2.000,-0.3288,-0.0955,-0.7955,,구애스카프
라이츄,거북왕,40,33,2.000,2.000,0.1379,0.3712,0.1379,0.1379,없음
라이츄,대도각참,40,34,1.000,2.000,0.3712,0.3712,0.3712,,타입강화
라이츄,팬텀,40,35,2.000,2.000,-0.0955,0.1379,-0.0955,-0.5621,기합의띠
라이츄,마폭시,40,36,3.000,2.000,-0.0955,0.1379,-0.0955,-0.5621,기합의띠
라이츄,엠페르트,40,37,2.000,2.000,0.1767,0.3830,0.1767,,없음
라이츄,번치코,40,38,2.000,2.000,0.1379,0.1379,-0.1977,-0.4311,생명의구슬
라이츄,대짱이,40,39,2.000,1.000,-0.1977,-0.1977,-0.4311,-0.4311,자뭉열매
라이츄,블래키,40,41,4.000,4.000,0.3431,0.5566,0.3431,,먹다남은음식
라이츄,다크펫,40,42,2.000,2.000,0.1379,0.1379,0.1379,0.1379,기합의띠
라이츄,더시마사리,40,43,2.000,4.000,0.8090,0.8090,0.8090,,먹다남은음식
라이츄,핫삼,40,44,3.000,2.000,0.0973,0.3307,0.0973,-0.0076,울퉁불퉁멧
라이츄,오롱털,40,45,3.000,2.000,-0.0955,0.1379,-0.0955,,없음
라이츄,픽시,40,46,4.000,4.000,0.3507,0.5627,0.1634,0.4379,먹다남은음식
라이츄,카디나르마,40,47,3.000,2.000,-0.0955,0.1379,-0.0955,,기합의띠
라이츄,앱솔,40,48,2.000,2.000,0.1379,0.3712,0.1379,-0.3288,없음
라이츄,찌리배리,40,49,6.000,4.000,-0.1047,0.3556,-0.3492,,먹다남은음식
라이츄,맘모꾸리,40,50,2.000,1.000,-0.1977,-0.1977,-0.1977,,기합의띠
라이츄,파라블레이즈,40,51,3.000,2.000,-0.0955,0.1379,-0.0955,,기합의띠
라이츄,패리퍼,40,52,1.000,3.000,0.7068,0.7068,0.7068,,없음
라이츄,찌르호크,40,53,2.000,2.000,0.1806,0.3712,-0.2861,-0.0955,구애스카프
라이츄,대검귀,40,54,1.000,3.000,0.7068,0.7068,0.3712,,타입강화
라이츄,마기라스,40,55,2.000,2.000,0.1379,0.3712,0.1379,-0.1977,먹다남은음식
라이츄,이어롭,40,56,2.000,2.000,0.1379,0.1379,-0.0955,-0.6644,자뭉열매
라이츄,플라엣테,40,57,4.000,2.000,-0.1986,0.0347,-0.6653,-0.4319,구애스카프
라이츄,배바닐라,40,58,2.000,2.000,0.1379,0.1379,0.1379,,타입강화
라이츄,드래펄트,40,59,3.000,2.000,-0.5621,-0.3288,-0.5621,,생명의구슬
라이츄,입치트,40,60,2.000,3.000,0.4735,0.7068,0.4735,0.1379,기합의띠
라이츄,메가니움,40,61,5.000,3.000,-0.3510,0.0115,-0.3510,-0.7955,기합의띠
라이츄,메타몽,40,62,2.000,4.000,0.8090,0.7068,0.8090,,구애스카프
라이츄,이상해꽃,40,63,7.000,3.000,-0.5833,-0.2308,-0.7139,-0.7334,생명의구슬
라이츄,밀로틱,40,64,3.000,4.000,0.5727,0.8072,0.5727,,먹다남은음식
라이츄,스코빌런,40,65,3.000,2.000,-0.0955,-0.0293,-0.3288,-0.3288,먹다남은음식
라이츄,아쿠스타,40,66,1.000,3.000,0.2401,0.7068,0.0068,0.0068,기합의띠
라이츄,몰드류,40,67,2.000,1.000,-0.1977,-0.1977,-0.6644,-0.1977,구애스카프
라이츄,조로아크(히스이),40,68,2.000,3.000,0.2401,0.4735,0.2401,,기합의띠
라이츄,미끄래곤(히스이),40,69,3.000,2.000,-0.0955,0.1379,-0.0955,,먹다남은음식
라이츄,잠만보,40,70,3.000,2.000,-0.1780,0.0312,-0.3047,,먹다남은음식
라이츄,무장조,40,71,2.000,3.000,0.3810,0.3810,0.3810,-0.0955,자뭉열매
라이츄,클레스퍼트라,40,72,2.000,3.000,0.4735,0.4735,0.4735,,기합의띠
라이츄,창파나이트,40,73,2.000,1.000,-0.1977,-0.1977,-0.1977,,없음
라이츄,우츠보트,40,74,5.000,3.000,-0.1781,0.0575,-0.1781,-0.3606,기합의띠
라이츄,가라르야도킹,40,75,4.000,3.000,0.3222,0.5398,0.0813,,먹다남은음식
라이츄,깜까미,40,76,2.000,3.000,0.5168,0.6191,0.5168,0.1608,없음
라이츄,엘풍,40,77,4.000,3.000,-0.4092,0.2400,-0.4092,,기합의띠
라이츄,저승갓숭,40,78,4.000,2.000,-0.3040,-0.0707,-0.3288,,먹다남은음식
라이츄,스트린더(하이),40,79,4.000,3.000,0.0575,0.2400,0.0575,,풍선
라이츄,샤미드,40,80,3.000,4.000,0.5609,0.7677,0.5609,,먹다남은음식
라이츄,사마자르,40,81,2.000,2.000,0.1379,0.1379,0.1379,,기합의띠
라이츄,인텔리레온,40,82,1.000,3.000,0.2401,0.7068,0.2401,,없음
라이츄,깨비물거미,40,83,2.000,3.000,0.4735,0.6362,0.4735,,자뭉열매
라이츄,가디안,40,84,3.000,2.000,-0.0955,0.1379,-0.0955,-0.0955,기합의띠
라이츄,왕구리,40,85,2.000,2.000,0.1379,0.3712,0.1379,,없음
라이츄,엘레이드,40,86,3.000,2.000,-0.0955,0.1379,-0.4311,-0.6531,생명의구슬
라이츄,브리무음,40,87,3.000,3.000,0.0723,0.3057,0.0723,,기합의띠
라이츄,눈여아,40,88,2.000,3.000,0.2401,0.4735,0.2401,-0.5621,기합의띠
라이츄,어흥염,40,89,2.000,2.000,0.1141,0.1379,-0.0955,,자뭉열매
라이츄,마릴리,40,90,2.000,3.000,0.4735,0.7068,0.4735,,자뭉열매
라이츄,올리르바,40,91,3.000,2.000,-0.0020,0.1379,-0.0020,,기합의띠
라이츄,스트린더(로우),40,92,4.000,3.000,0.0575,0.2400,0.0575,,풍선
라이츄,펜드라,40,93,2.000,2.000,-0.4514,0.1379,-0.4514,-0.0955,기합의띠
라이츄,화염레오,40,94,2.000,2.000,0.1379,0.1379,0.1379,-0.3288,기합의띠
라이츄,윈디(히스이),40,95,2.000,2.000,0.1292,0.1379,0.1292,,기합의띠
라이츄,캥카,40,96,2.000,2.000,0.1018,0.1379,0.1018,-0.0955,타입강화
라이츄,꿈트렁,40,97,2.000,2.000,0.1379,0.3712,0.1379,,자뭉열매
라이츄,에써르(암컷),40,98,3.000,3.000,0.2400,0.4735,0.2400,,없음
라이츄,후딘,40,99,3.000,2.000,-0.5621,0.1379,-0.5621,,기합의띠
라이츄,드래캄,40,100,6.000,2.000,-0.7955,-0.3288,-0.5621,-0.7955,생명의구슬
블래키,보만다,41,1,9.000,4.000,-0.7000,,-0.7000,-0.7048,구애스카프
블래키,한카리아스,41,2,6.000,3.000,-0.6997,,-0.6997,-0.6603,구애스카프
블래키,누리레느,41,3,9.000,3.000,-0.7159,,-0.7159,,자뭉열매
블래키,갑주무사,41,4,7.000,2.000,-0.7450,,-0.7286,-0.7955,생명의구슬
블래키,하마돈,41,5,8.000,5.000,-0.3759,,-0.6753,,자뭉열매
블래키,루카리오,41,6,8.000,2.000,-0.7955,,-0.7955,-0.8125,기합의띠
블래키,드닐레이브,41,7,6.000,3.000,-0.6997,,-0.6997,-0.7159,기합의띠
블래키,브리두라스,41,8,7.000,4.000,-0.6997,,-0.7000,,자뭉열매
블래키,타부자고,41,9,4.000,4.000,-0.3542,,-0.3542,,풍선
블래키,따라큐,41,10,4.000,3.000,-0.4923,,-0.4790,,생명의구슬
블래키,고릴타,41,11,6.000,3.000,-0.7159,,-0.7955,,생명의구슬
블래키,킬가르도,41,12,3.000,3.000,0.1840,,-0.0123,,먹다남은음식
블래키,마스카나,41,13,8.000,3.000,-0.7159,,-0.7159,,구애스카프
블래키,갸라도스,41,14,7.000,5.000,-0.7000,,-0.7000,-0.7000,울퉁불퉁멧
블래키,아머까오,41,15,8.000,6.000,-0.6722,,-0.7000,,울퉁불퉁멧
블래키,킬라플로르,41,16,5.000,4.000,-0.6603,,-0.6603,-0.6603,기합의띠
블래키,대쓰여너,41,17,3.000,3.000,-0.2437,,-0.2437,,구애스카프
블래키,리자몽,41,18,5.000,4.000,-0.4562,,-0.4562,-0.7110,구애스카프
블래키,포푸니크,41,19,8.000,2.000,-0.7955,,-0.7955,,없음
블래키,개굴닌자,41,20,8.000,4.000,-0.7000,,-0.7000,-0.7159,기합의띠
블래키,에이스번,41,21,5.000,2.000,-0.7955,,-0.7955,,구애스카프
블래키,알로라 나인테일,41,22,8.000,3.000,-0.7000,,-0.7000,,없음
블래키,에써르(수컷),41,23,2.000,5.000,0.6219,,0.6219,,구애스카프
블래키,워시로토무,41,24,5.000,5.000,-0.1697,,-0.6557,,먹다남은음식
블래키,불카모스,41,25,5.000,3.000,-0.6899,,-0.7064,,자뭉열매
블래키,빠르모트,41,26,8.000,2.000,-0.7955,,-0.7955,,기합의띠
블래키,라우드본,41,27,4.000,5.000,0.0897,,-0.2194,,자뭉열매
블래키,삼삼드래,41,28,10.000,4.000,-0.7000,,-0.7000,,구애스카프
블래키,메타그로스,41,29,3.000,3.000,-0.4790,,-0.2437,-0.4790,생명의구슬
블래키,망나뇽,41,30,7.495,5.000,-0.6901,,-0.6901,-0.6999,없음
블래키,님피아,41,31,11.000,2.000,-0.8003,,-0.8003,,먹다남은음식
블래키,히트로토무,41,32,5.000,4.000,-0.4650,,-0.4650,,구애스카프
블래키,거북왕,41,33,5.000,4.000,-0.6603,,-0.6603,-0.7159,없음
블래키,대도각참,41,34,13.000,4.000,-0.7000,,-0.7000,,타입강화
블래키,팬텀,41,35,2.000,3.000,-0.0492,,-0.0492,-0.2437,기합의띠
블래키,마폭시,41,36,2.000,4.000,-0.0718,,-0.0718,-0.2437,기합의띠
블래키,엠페르트,41,37,5.000,5.000,-0.0161,,-0.0161,,없음
블래키,번치코,41,38,8.000,2.000,-0.7955,,-0.8125,-0.8125,생명의구슬
블래키,대짱이,41,39,6.000,4.000,-0.1937,,-0.4274,-0.6997,자뭉열매
블래키,라이츄,41,40,4.000,4.000,-0.2305,,-0.2305,-0.4790,구애스카프
블래키,다크펫,41,42,2.000,5.000,0.9292,,0.9292,0.0899,기합의띠
블래키,더시마사리,41,43,8.000,10.000,0.4667,,-0.5831,,먹다남은음식
블래키,핫삼,41,44,6.000,3.000,-0.5843,,-0.7332,-0.7498,울퉁불퉁멧
블래키,오롱털,41,45,17.000,3.000,-0.7159,,-0.7159,,없음
블래키,픽시,41,46,12.000,4.000,-0.7017,,-0.7017,-0.7017,먹다남은음식
블래키,카디나르마,41,47,3.000,3.000,-0.2437,,-0.2437,,기합의띠
블래키,앱솔,41,48,7.000,3.000,-0.7159,,-0.7159,-0.4790,없음
블래키,찌리배리,41,49,8.000,8.000,0.2341,,-0.6093,,먹다남은음식
블래키,맘모꾸리,41,50,5.000,4.000,-0.6603,,-0.6603,,기합의띠
블래키,파라블레이즈,41,51,3.000,3.000,-0.2437,,-0.2437,,기합의띠
블래키,패리퍼,41,52,5.000,5.000,0.0551,,0.0551,,없음
블래키,찌르호크,41,53,8.000,4.000,-0.7029,,-0.7029,-0.7305,구애스카프
블래키,대검귀,41,54,9.000,4.000,-0.7000,,-0.7000,,타입강화
블래키,마기라스,41,55,12.000,3.000,-0.7159,,-0.7159,-0.7955,먹다남은음식
블래키,이어롭,41,56,5.000,3.000,-0.5156,,-0.6603,-0.8125,자뭉열매
블래키,플라엣테,41,57,9.000,2.000,-0.7603,,-0.7603,-0.8050,구애스카프
블래키,배바닐라,41,58,5.000,4.000,-0.2195,,-0.4391,,타입강화
블래키,드래펄트,41,59,3.000,4.000,0.0899,,-0.1877,,생명의구슬
블래키,입치트,41,60,11.000,3.000,-0.7159,,-0.7159,-0.7159,기합의띠
블래키,메가니움,41,61,7.000,6.000,-0.4515,,-0.4515,-0.7048,기합의띠
블래키,메타몽,41,62,3.000,16.000,0.9932,,0.9932,,구애스카프
블래키,이상해꽃,41,63,6.000,7.000,0.0259,,-0.2080,-0.6845,생명의구슬
블래키,밀로틱,41,64,7.000,7.000,-0.2226,,-0.6998,,먹다남은음식
블래키,스코빌런,41,65,4.000,4.000,-0.2067,,-0.4583,-0.5976,먹다남은음식
블래키,아쿠스타,41,66,3.000,6.000,0.9406,,0.9406,0.6902,기합의띠
블래키,몰드류,41,67,5.000,4.000,-0.5177,,-0.5177,-0.6997,구애스카프
블래키,조로아크(히스이),41,68,2.000,3.000,-0.0492,,-0.0492,,기합의띠
블래키,미끄래곤(히스이),41,69,5.000,4.000,-0.1937,,-0.6217,,먹다남은음식
블래키,잠만보,41,70,6.000,5.000,0.0054,,-0.6399,,먹다남은음식
블래키,무장조,41,71,8.000,5.000,-0.6999,,-0.7000,-0.6891,자뭉열매
블래키,클레스퍼트라,41,72,2.000,5.000,0.4236,,0.4236,,기합의띠
블래키,창파나이트,41,73,9.000,2.000,-0.8125,,-0.8125,,없음
블래키,우츠보트,41,74,5.000,6.000,0.2907,,0.2907,-0.2669,기합의띠
블래키,가라르야도킹,41,75,3.000,6.000,0.8924,,0.8057,,먹다남은음식
블래키,깜까미,41,76,5.000,13.000,0.8316,,0.8316,0.7180,없음
블래키,엘풍,41,77,9.000,3.000,-0.7000,,-0.7000,,기합의띠
블래키,저승갓숭,41,78,6.000,2.000,-0.7955,,-0.7955,,먹다남은음식
블래키,스트린더(하이),41,79,4.000,5.000,-0.1245,,-0.1245,,풍선
블래키,샤미드,41,80,7.000,7.000,-0.0020,,-0.6048,,먹다남은음식
블래키,사마자르,41,81,5.000,3.000,-0.7143,,-0.7143,,기합의띠
블래키,인텔리레온,41,82,4.000,5.000,0.1298,,0.1298,,없음
블래키,깨비물거미,41,83,5.000,4.000,-0.0394,,-0.2918,,자뭉열매
블래키,가디안,41,84,4.000,3.000,-0.4790,,-0.4790,-0.7565,기합의띠
블래키,왕구리,41,85,5.000,6.000,0.0963,,0.0963,,없음
블래키,엘레이드,41,86,4.000,3.000,-0.4869,,-0.7565,-0.7955,생명의구슬
블래키,브리무음,41,87,5.000,3.000,-0.3457,,-0.3457,,기합의띠
블래키,눈여아,41,88,2.000,5.000,0.6335,,0.6335,0.0560,기합의띠
블래키,어흥염,41,89,15.000,3.000,-0.7143,,-0.7143,,자뭉열매
블래키,마릴리,41,90,10.000,4.000,-0.7201,,-0.7201,,자뭉열매
블래키,올리르바,41,91,6.000,5.000,0.0143,,0.0143,,기합의띠
블래키,스트린더(로우),41,92,4.000,5.000,-0.1245,,-0.1245,,풍선
블래키,펜드라,41,93,5.000,3.000,-0.6859,,-0.6859,-0.6770,기합의띠
블래키,화염레오,41,94,5.000,4.000,-0.4391,,-0.4391,-0.6603,기합의띠
블래키,윈디(히스이),41,95,5.000,3.000,-0.7153,,-0.7153,,기합의띠
블래키,캥카,41,96,5.000,4.000,-0.6664,,-0.7134,-0.7134,타입강화
블래키,꿈트렁,41,97,6.000,4.000,-0.6628,,-0.7000,,자뭉열매
블래키,에써르(암컷),41,98,2.000,5.000,0.6219,,0.6219,,없음
블래키,후딘,41,99,2.000,3.000,-0.0492,,-0.0492,,기합의띠
블래키,드래캄,41,100,5.000,3.000,0.0276,,-0.2086,-0.2476,생명의구슬
다크펫,보만다,42,1,5.000,2.000,-0.7955,-0.4922,-0.7955,-0.7256,구애스카프
다크펫,한카리아스,42,2,3.000,2.000,-0.5621,-0.3288,-0.5621,-0.5621,구애스카프
다크펫,누리레느,42,3,2.000,2.000,0.1379,0.1783,0.1379,,자뭉열매
다크펫,갑주무사,42,4,3.000,2.000,-0.1619,0.0000,-0.0955,-0.3288,생명의구슬
다크펫,하마돈,42,5,4.000,3.000,-0.1454,-0.0588,-0.3794,,자뭉열매
다크펫,루카리오,42,6,2.000,2.000,-0.3288,-0.3288,-0.3288,-0.6644,기합의띠
다크펫,드닐레이브,42,7,3.000,2.000,-0.5621,-0.3288,-0.5621,-0.7955,기합의띠
다크펫,브리두라스,42,8,3.000,2.000,-0.5621,-0.5621,-0.7955,,자뭉열매
다크펫,타부자고,42,9,2.000,2.000,-0.4330,-0.2564,-0.4330,,풍선
다크펫,따라큐,42,10,1.000,2.000,-0.0955,-0.0955,-0.0955,,생명의구슬
다크펫,고릴타,42,11,2.000,2.000,-0.3288,-0.3288,-0.3288,,생명의구슬
다크펫,킬가르도,42,12,2.000,1.000,-0.1977,0.0356,-0.1977,,먹다남은음식
다크펫,마스카나,42,13,2.000,2.000,-0.3288,-0.0955,-0.3288,,구애스카프
다크펫,갸라도스,42,14,4.000,2.000,-0.7955,-0.5621,-0.7955,-0.8977,울퉁불퉁멧
다크펫,아머까오,42,15,4.000,3.000,-0.4623,0.2400,-0.7955,,울퉁불퉁멧
다크펫,킬라플로르,42,16,3.000,2.000,-0.5621,0.0068,-0.5621,-0.5621,기합의띠
다크펫,대쓰여너,42,17,2.000,2.000,-0.3288,-0.0955,-0.3288,,구애스카프
다크펫,리자몽,42,18,3.000,2.000,-0.3815,-0.3057,-0.3815,-0.3815,구애스카프
다크펫,포푸니크,42,19,2.000,2.000,-0.3288,-0.3288,-0.3288,,없음
다크펫,개굴닌자,42,20,3.000,2.000,-0.5621,-0.3288,-0.5621,-0.8977,기합의띠
다크펫,에이스번,42,21,2.000,2.000,-0.3288,-0.3288,-0.3288,,구애스카프
다크펫,알로라 나인테일,42,22,2.000,2.000,-0.3288,0.2401,-0.3288,,없음
다크펫,에써르(수컷),42,23,2.000,2.000,-0.3288,0.0068,-0.3288,,구애스카프
다크펫,워시로토무,42,24,3.000,2.000,-0.5621,-0.3288,-0.5621,,먹다남은음식
다크펫,불카모스,42,25,3.000,3.000,-0.2676,0.0068,-0.5023,,자뭉열매
다크펫,빠르모트,42,26,2.000,2.000,-0.3288,-0.3288,-0.3288,,기합의띠
다크펫,라우드본,42,27,2.000,2.000,-0.3288,0.1492,-0.5508,,자뭉열매
다크펫,삼삼드래,42,28,4.000,2.000,-0.7955,-0.5621,-0.7955,,구애스카프
다크펫,메타그로스,42,29,2.000,2.000,-0.3288,0.1379,-0.3288,-0.3288,생명의구슬
다크펫,망나뇽,42,30,3.495,2.000,-0.6274,-0.3928,-0.6274,-0.7383,없음
다크펫,님피아,42,31,2.000,2.000,0.1379,0.1379,-0.0292,,먹다남은음식
다크펫,히트로토무,42,32,3.000,2.000,-0.5621,-0.3288,-0.5621,,구애스카프
다크펫,거북왕,42,33,3.000,2.000,-0.5621,-0.3288,-0.5621,-0.5621,없음
다크펫,대도각참,42,34,6.000,1.000,-0.8977,-0.8977,-0.8977,,타입강화
다크펫,팬텀,42,35,1.000,1.000,-0.4311,-0.0955,-0.6644,-0.4311,기합의띠
다크펫,마폭시,42,36,1.000,2.000,-0.0955,-0.0955,-0.3288,-0.0955,기합의띠
다크펫,엠페르트,42,37,3.000,2.000,-0.0839,0.1497,-0.0839,,없음
다크펫,번치코,42,38,2.000,2.000,-0.3288,-0.3288,-0.3288,-0.3288,생명의구슬
다크펫,대짱이,42,39,3.000,2.000,-0.0955,0.1379,-0.0955,-0.5621,자뭉열매
다크펫,라이츄,42,40,2.000,2.000,-0.3288,-0.3288,-0.3288,-0.3288,구애스카프
다크펫,블래키,42,41,5.000,2.000,-0.7565,-0.0123,-0.7955,,먹다남은음식
다크펫,더시마사리,42,43,4.000,5.000,0.6012,0.9065,0.2958,,먹다남은음식
다크펫,핫삼,42,44,3.000,3.000,-0.2715,0.3393,-0.4629,-0.5048,울퉁불퉁멧
다크펫,오롱털,42,45,2.000,1.000,-0.1977,-0.1977,-0.1977,,없음
다크펫,픽시,42,46,2.000,3.000,0.4735,0.7735,0.2647,-0.2375,먹다남은음식
다크펫,카디나르마,42,47,2.000,2.000,-0.3288,0.1379,-0.3288,,기합의띠
다크펫,앱솔,42,48,3.000,2.000,-0.5621,-0.0955,-0.5621,-0.3288,없음
다크펫,찌리배리,42,49,4.000,3.000,0.0199,0.5667,-0.2002,,먹다남은음식
다크펫,맘모꾸리,42,50,3.000,2.000,-0.5621,-0.3288,-0.5621,,기합의띠
다크펫,파라블레이즈,42,51,1.000,1.000,-0.4311,-0.4311,-0.6644,,기합의띠
다크펫,패리퍼,42,52,3.000,2.000,-0.2753,0.4894,-0.2753,,없음
다크펫,찌르호크,42,53,5.000,2.000,-0.7175,-0.4806,-0.7175,-0.7528,구애스카프
다크펫,대검귀,42,54,3.000,2.000,-0.5621,-0.5621,-0.5621,,타입강화
다크펫,마기라스,42,55,6.000,2.000,-0.7955,-0.5621,-0.7955,-0.7955,먹다남은음식
다크펫,이어롭,42,56,3.000,3.000,-0.2267,0.3424,-0.4623,-0.5621,자뭉열매
다크펫,플라엣테,42,57,2.000,2.000,-0.3288,-0.1986,-0.3288,-0.3288,구애스카프
다크펫,배바닐라,42,58,2.000,2.000,-0.3288,-0.3288,-0.3288,,타입강화
다크펫,드래펄트,42,59,1.000,1.000,-0.4311,-0.0955,-0.4311,,생명의구슬
다크펫,입치트,42,60,3.000,3.000,0.2400,0.4735,0.2400,-0.0955,기합의띠
다크펫,메가니움,42,61,2.000,3.000,-0.2574,0.2414,-0.2574,-0.2586,기합의띠
다크펫,메타몽,42,62,2.000,2.000,0.1379,0.1379,-0.3288,,구애스카프
다크펫,이상해꽃,42,63,3.000,4.000,-0.0099,0.2885,-0.2624,-0.1859,생명의구슬
다크펫,밀로틱,42,64,3.000,4.000,0.1047,0.1060,-0.1643,,먹다남은음식
다크펫,스코빌런,42,65,2.000,2.000,-0.3288,0.1379,-0.3288,-0.3288,먹다남은음식
다크펫,아쿠스타,42,66,1.000,3.000,0.2401,0.2401,0.0068,0.0068,기합의띠
다크펫,몰드류,42,67,2.000,2.000,-0.3288,-0.3288,-0.3288,-0.5621,구애스카프
다크펫,조로아크(히스이),42,68,2.000,2.000,-0.3288,-0.3288,-0.3288,,기합의띠
다크펫,미끄래곤(히스이),42,69,3.000,2.000,-0.0955,0.1379,-0.0955,,먹다남은음식
다크펫,잠만보,42,70,4.000,3.000,0.0171,0.2687,-0.2322,,먹다남은음식
다크펫,무장조,42,71,4.000,3.000,-0.4898,0.2400,-0.7248,-0.7312,자뭉열매
다크펫,클레스퍼트라,42,72,1.000,2.000,-0.0955,0.2401,-0.3288,,기합의띠
다크펫,창파나이트,42,73,3.000,2.000,-0.3288,0.1379,-0.3288,,없음
다크펫,우츠보트,42,74,3.000,3.000,-0.2267,0.4735,-0.2267,-0.2267,기합의띠
다크펫,가라르야도킹,42,75,2.000,3.000,0.3608,0.7747,0.3608,,먹다남은음식
다크펫,깜까미,42,76,2.000,2.000,0.0366,0.1379,0.0366,-0.1967,없음
다크펫,엘풍,42,77,1.000,3.000,0.2401,0.2401,0.0068,,기합의띠
다크펫,저승갓숭,42,78,2.000,2.000,-0.3288,-0.0041,-0.3288,,먹다남은음식
다크펫,스트린더(하이),42,79,2.000,2.000,-0.3288,0.2401,-0.3288,,풍선
다크펫,샤미드,42,80,3.000,3.000,-0.0347,0.5609,-0.2413,,먹다남은음식
다크펫,사마자르,42,81,3.000,2.000,-0.5621,-0.3288,-0.5621,,기합의띠
다크펫,인텔리레온,42,82,2.000,2.000,-0.3288,-0.3288,-0.3288,,없음
다크펫,깨비물거미,42,83,3.000,3.000,0.3408,0.8090,0.3408,,자뭉열매
다크펫,가디안,42,84,1.000,2.000,-0.0955,0.2401,-0.3288,-0.0955,기합의띠
다크펫,왕구리,42,85,3.000,3.000,-0.2267,0.4735,-0.2267,,없음
다크펫,엘레이드,42,86,1.000,2.000,-0.0955,-0.0842,-0.0955,-0.3288,생명의구슬
다크펫,브리무음,42,87,2.000,2.000,0.2545,0.5390,0.1379,,기합의띠
다크펫,눈여아,42,88,1.000,2.000,-0.0955,-0.0955,-0.3288,-0.4311,기합의띠
다크펫,어흥염,42,89,5.000,2.000,-0.5859,-0.3525,-0.7955,,자뭉열매
다크펫,마릴리,42,90,2.000,4.000,0.8090,0.8090,0.8090,,자뭉열매
다크펫,올리르바,42,91,2.000,3.000,0.4735,0.4735,0.4735,,기합의띠
다크펫,스트린더(로우),42,92,2.000,3.000,0.0068,0.2401,0.0068,,풍선
다크펫,펜드라,42,93,3.000,4.000,-0.0575,0.3424,-0.0575,0.1161,기합의띠
다크펫,화염레오,42,94,3.000,2.000,-0.5621,-0.5621,-0.5621,-0.7955,기합의띠
다크펫,윈디(히스이),42,95,3.000,2.000,-0.5708,-0.3375,-0.5708,,기합의띠
다크펫,캥카,42,96,4.000,3.000,-0.4623,-0.2267,-0.4623,-0.7955,타입강화
다크펫,꿈트렁,42,97,3.000,3.000,-0.0057,0.2400,-0.2290,,자뭉열매
다크펫,에써르(암컷),42,98,2.000,3.000,0.0068,0.0068,0.0068,,없음
다크펫,후딘,42,99,1.000,2.000,-0.0955,-0.0955,-0.3288,,기합의띠
다크펫,드래캄,42,100,2.000,2.000,0.1379,0.1379,-0.1977,-0.4311,생명의구슬
더시마사리,보만다,43,1,22.000,4.000,-0.7000,,-0.7000,-0.7000,구애스카프
더시마사리,한카리아스,43,2,7.000,2.000,-0.7955,,-0.7955,-0.7000,구애스카프
더시마사리,누리레느,43,3,11.000,8.000,-0.7000,,-0.7000,,자뭉열매
더시마사리,갑주무사,43,4,16.000,4.000,-0.7000,,-0.7000,-0.7000,생명의구슬
더시마사리,하마돈,43,5,5.000,3.000,-0.7604,,-0.7604,,자뭉열매
더시마사리,루카리오,43,6,5.000,6.000,-0.3506,,-0.3506,-0.7000,기합의띠
더시마사리,드닐레이브,43,7,14.000,3.000,-0.7000,,-0.7000,-0.7000,기합의띠
더시마사리,브리두라스,43,8,16.000,3.000,-0.7000,,-0.7000,,자뭉열매
더시마사리,타부자고,43,9,8.000,4.000,-0.7000,,-0.7000,,풍선
더시마사리,따라큐,43,10,5.000,6.000,-0.3517,,-0.1358,,생명의구슬
더시마사리,고릴타,43,11,13.000,3.000,-0.7000,,-0.7000,,생명의구슬
더시마사리,킬가르도,43,12,7.000,4.000,-0.7000,,-0.7000,,먹다남은음식
더시마사리,마스카나,43,13,8.000,3.000,-0.7000,,-0.7000,,구애스카프
더시마사리,갸라도스,43,14,17.000,3.000,-0.7000,,-0.7000,-0.7000,울퉁불퉁멧
더시마사리,아머까오,43,15,10.000,6.000,-0.7000,,-0.7000,,울퉁불퉁멧
더시마사리,킬라플로르,43,16,3.000,3.000,-0.2267,,-0.2267,-0.4623,기합의띠
더시마사리,대쓰여너,43,17,8.000,4.000,-0.7000,,-0.7000,,구애스카프
더시마사리,리자몽,43,18,3.000,5.000,0.4745,,0.4745,0.1617,구애스카프
더시마사리,포푸니크,43,19,5.000,6.000,-0.2123,,-0.2123,,없음
더시마사리,개굴닌자,43,20,9.000,4.000,-0.7000,,-0.7000,-0.7000,기합의띠
더시마사리,에이스번,43,21,3.000,3.000,-0.2267,,-0.2267,,구애스카프
더시마사리,알로라 나인테일,43,22,5.000,9.000,0.7887,,0.7887,,없음
더시마사리,에써르(수컷),43,23,4.000,3.000,-0.4623,,-0.4623,,구애스카프
더시마사리,워시로토무,43,24,11.000,3.000,-0.7000,,-0.7000,,먹다남은음식
더시마사리,불카모스,43,25,3.000,4.000,-0.1891,,-0.4456,,자뭉열매
더시마사리,빠르모트,43,26,5.000,2.000,-0.7955,,-0.7955,,기합의띠
더시마사리,라우드본,43,27,5.000,5.000,-0.1705,,-0.4651,,자뭉열매
더시마사리,삼삼드래,43,28,12.000,3.000,-0.7000,,-0.7000,,구애스카프
더시마사리,메타그로스,43,29,8.000,3.000,-0.7000,,-0.7955,-0.7955,생명의구슬
더시마사리,망나뇽,43,30,15.495,4.000,-0.7000,,-0.7000,-0.7000,없음
더시마사리,님피아,43,31,7.000,6.000,-0.4667,,-0.7000,,먹다남은음식
더시마사리,히트로토무,43,32,3.000,3.000,-0.2267,,-0.2267,,구애스카프
더시마사리,거북왕,43,33,12.000,7.000,-0.7000,,-0.7000,-0.7000,없음
더시마사리,대도각참,43,34,8.000,5.000,-0.7000,,-0.7000,,타입강화
더시마사리,팬텀,43,35,4.000,5.000,0.1345,,0.1345,-0.4344,기합의띠
더시마사리,마폭시,43,36,3.000,3.000,-0.2267,,-0.2267,-0.5621,기합의띠
더시마사리,엠페르트,43,37,12.000,8.000,-0.7000,,-0.7000,,없음
더시마사리,번치코,43,38,3.000,3.000,-0.2267,,-0.2267,-0.2267,생명의구슬
더시마사리,대짱이,43,39,7.000,3.000,-0.7000,,-0.7000,-0.7955,자뭉열매
더시마사리,라이츄,43,40,4.000,2.000,-0.7955,,-0.7955,-0.7955,구애스카프
더시마사리,블래키,43,41,10.000,8.000,-0.4667,,-0.7000,,먹다남은음식
더시마사리,다크펫,43,42,5.000,4.000,-0.4344,,-0.4344,-0.6980,기합의띠
더시마사리,핫삼,43,44,7.000,6.000,-0.6644,,-0.7000,-0.7000,울퉁불퉁멧
더시마사리,오롱털,43,45,6.000,4.000,-0.7000,,-0.7000,,없음
더시마사리,픽시,43,46,8.000,13.000,0.6312,,-0.2774,-0.1901,먹다남은음식
더시마사리,카디나르마,43,47,4.000,2.000,-0.7955,,-0.7955,,기합의띠
더시마사리,앱솔,43,48,5.000,4.000,-0.5693,,-0.5693,-0.5693,없음
더시마사리,찌리배리,43,49,9.000,4.000,-0.7000,,-0.7000,,먹다남은음식
더시마사리,맘모꾸리,43,50,4.000,2.000,-0.7955,,-0.7955,,기합의띠
더시마사리,파라블레이즈,43,51,3.000,4.000,-0.1128,,-0.1128,,기합의띠
더시마사리,패리퍼,43,52,12.000,5.000,-0.7000,,-0.7000,,없음
더시마사리,찌르호크,43,53,10.000,5.000,-0.7000,,-0.7000,-0.7000,구애스카프
더시마사리,대검귀,43,54,12.000,6.000,-0.7000,,-0.7000,,타입강화
더시마사리,마기라스,43,55,4.000,3.000,-0.4623,,-0.6980,-0.6980,먹다남은음식
더시마사리,이어롭,43,56,5.000,4.000,-0.5263,,-0.7000,-0.7000,자뭉열매
더시마사리,플라엣테,43,57,6.000,4.000,-0.6989,,-0.6989,-0.7000,구애스카프
더시마사리,배바닐라,43,58,6.000,7.000,0.0000,,-0.2333,,타입강화
더시마사리,드래펄트,43,59,7.000,4.000,-0.7000,,-0.7000,,생명의구슬
더시마사리,입치트,43,60,7.000,5.000,-0.7000,,-0.7000,-0.7000,기합의띠
더시마사리,메가니움,43,61,16.000,5.000,-0.7000,,-0.7000,-0.7000,기합의띠
더시마사리,메타몽,43,62,4.000,20.000,0.8910,,0.8910,,구애스카프
더시마사리,이상해꽃,43,63,14.000,5.000,-0.7000,,-0.7000,-0.7000,생명의구슬
더시마사리,밀로틱,43,64,16.000,15.000,-0.4667,,-0.7000,,먹다남은음식
더시마사리,스코빌런,43,65,5.000,4.000,-0.5092,,-0.7000,-0.6994,먹다남은음식
더시마사리,아쿠스타,43,66,6.000,4.000,-0.7000,,-0.7000,-0.7000,기합의띠
더시마사리,몰드류,43,67,3.000,2.000,-0.5621,,-0.5621,-0.7955,구애스카프
더시마사리,조로아크(히스이),43,68,4.000,4.000,-0.1639,,-0.1639,,기합의띠
더시마사리,미끄래곤(히스이),43,69,12.000,3.000,-0.7000,,-0.7000,,먹다남은음식
더시마사리,잠만보,43,70,8.000,4.000,-0.5733,,-0.7000,,먹다남은음식
더시마사리,무장조,43,71,9.000,6.000,-0.7000,,-0.7000,-0.7000,자뭉열매
더시마사리,클레스퍼트라,43,72,5.000,3.000,-0.6980,,-0.6980,,기합의띠
더시마사리,창파나이트,43,73,6.000,5.000,-0.4667,,-0.4667,,없음
더시마사리,우츠보트,43,74,12.000,7.000,-0.7000,,-0.7000,-0.7000,기합의띠
더시마사리,가라르야도킹,43,75,8.000,3.000,-0.6217,,-0.7000,,먹다남은음식
더시마사리,깜까미,43,76,6.000,7.000,0.1515,,0.1515,-0.1013,없음
더시마사리,엘풍,43,77,10.000,6.000,-0.7000,,-0.7000,,기합의띠
더시마사리,저승갓숭,43,78,7.000,8.000,-0.3766,,-0.7000,,먹다남은음식
더시마사리,스트린더(하이),43,79,5.000,3.000,-0.6980,,-0.6980,,풍선
더시마사리,샤미드,43,80,20.000,12.000,-0.7000,,-0.7000,,먹다남은음식
더시마사리,사마자르,43,81,3.000,6.000,0.7599,,0.7599,,기합의띠
더시마사리,인텔리레온,43,82,9.000,7.000,-0.7000,,-0.7000,,없음
더시마사리,깨비물거미,43,83,12.000,13.000,0.1627,,-0.5373,,자뭉열매
더시마사리,가디안,43,84,5.000,2.000,-0.7955,,-0.7955,-0.7955,기합의띠
더시마사리,왕구리,43,85,12.000,4.000,-0.7000,,-0.7000,,없음
더시마사리,엘레이드,43,86,5.000,3.000,-0.6980,,-0.4703,-0.7000,생명의구슬
더시마사리,브리무음,43,87,6.000,2.000,-0.6310,,-0.6310,,기합의띠
더시마사리,눈여아,43,88,5.000,4.000,-0.4666,,-0.4666,-0.6980,기합의띠
더시마사리,어흥염,43,89,5.000,5.000,-0.1445,,-0.4667,,자뭉열매
더시마사리,마릴리,43,90,12.000,14.000,-0.7000,,-0.7000,,자뭉열매
더시마사리,올리르바,43,91,13.000,4.000,-0.7000,,-0.7000,,기합의띠
더시마사리,스트린더(로우),43,92,5.000,3.000,-0.6980,,-0.6980,,풍선
더시마사리,펜드라,43,93,6.000,4.000,-0.6574,,-0.6574,-0.7000,기합의띠
더시마사리,화염레오,43,94,3.000,5.000,0.4399,,0.4399,0.1066,기합의띠
더시마사리,윈디(히스이),43,95,2.000,3.000,0.0105,,0.0105,,기합의띠
더시마사리,캥카,43,96,7.000,4.000,-0.7000,,-0.7000,-0.7000,타입강화
더시마사리,꿈트렁,43,97,8.000,4.000,-0.7000,,-0.7000,,자뭉열매
더시마사리,에써르(암컷),43,98,5.000,3.000,-0.6980,,-0.6980,,없음
더시마사리,후딘,43,99,4.000,2.000,-0.7955,,-0.7955,,기합의띠
더시마사리,드래캄,43,100,11.000,3.000,-0.7000,,-0.7000,-0.7955,생명의구슬
핫삼,보만다,44,1,7.000,2.000,-0.8085,-0.8085,-0.8085,-0.8566,구애스카프
핫삼,한카리아스,44,2,4.000,2.000,-0.6962,-0.6962,-0.6962,-0.8390,구애스카프
핫삼,누리레느,44,3,3.000,3.000,0.3571,0.3758,0.1777,,자뭉열매
핫삼,갑주무사,44,4,3.000,4.000,0.5535,0.8493,0.4945,-0.0444,생명의구슬
핫삼,하마돈,44,5,5.000,4.000,0.1651,0.5825,-0.0179,,자뭉열매
핫삼,루카리오,44,6,2.000,3.000,-0.1359,-0.0367,-0.1359,-0.3288,기합의띠
핫삼,드닐레이브,44,7,2.000,4.000,0.1876,0.4538,0.1876,-0.0039,기합의띠
핫삼,브리두라스,44,8,3.000,3.000,0.0641,0.0641,-0.0909,,자뭉열매
핫삼,타부자고,44,9,5.000,4.000,-0.2986,-0.2511,-0.2986,,풍선
핫삼,따라큐,44,10,2.000,5.000,0.2941,0.8563,0.5132,,생명의구슬
핫삼,고릴타,44,11,2.000,4.000,0.1997,0.5353,0.1997,,생명의구슬
핫삼,킬가르도,44,12,4.000,3.000,-0.0866,0.3241,-0.2344,,먹다남은음식
핫삼,마스카나,44,13,1.000,4.000,0.7686,0.8196,0.7686,,구애스카프
핫삼,갸라도스,44,14,5.000,4.000,-0.4381,-0.0443,-0.5953,0.0641,울퉁불퉁멧
핫삼,아머까오,44,15,6.000,5.000,-0.3349,0.5062,-0.5936,,울퉁불퉁멧
핫삼,킬라플로르,44,16,3.000,3.000,0.0641,0.0641,0.0641,-0.2701,기합의띠
핫삼,대쓰여너,44,17,3.000,2.000,-0.4179,-0.4179,-0.4179,,구애스카프
핫삼,리자몽,44,18,4.000,1.000,-0.8977,-0.8977,-0.8977,-0.8977,구애스카프
핫삼,포푸니크,44,19,2.000,2.000,-0.3288,-0.2296,-0.3288,,없음
핫삼,개굴닌자,44,20,2.000,3.000,0.1060,0.2989,0.0068,-0.1359,기합의띠
핫삼,에이스번,44,21,3.000,1.000,-0.8977,-0.8977,-0.8977,,구애스카프
핫삼,알로라 나인테일,44,22,1.000,6.000,0.9623,1.0000,0.9623,,없음
핫삼,에써르(수컷),44,23,1.000,2.000,-0.2296,-0.2296,-0.2296,,구애스카프
핫삼,워시로토무,44,24,3.000,3.000,-0.4179,-0.0352,-0.4179,,먹다남은음식
핫삼,불카모스,44,25,2.000,1.000,-0.6292,-0.6292,-0.7424,,자뭉열매
핫삼,빠르모트,44,26,3.000,2.000,-0.6962,-0.2701,-0.6962,,기합의띠
핫삼,라우드본,44,27,5.000,1.000,-0.8977,-0.7872,-0.8977,,자뭉열매
핫삼,삼삼드래,44,28,2.000,1.000,-0.6644,-0.4715,-0.6644,,구애스카프
핫삼,메타그로스,44,29,4.000,4.000,0.0185,0.9353,-0.0909,-0.1179,생명의구슬
핫삼,망나뇽,44,30,5.495,2.000,-0.8168,-0.7425,-0.8168,-0.8168,없음
핫삼,님피아,44,31,3.000,2.000,0.0360,0.0707,0.0360,,먹다남은음식
핫삼,히트로토무,44,32,4.000,1.000,-0.8977,-0.8977,-0.8977,,구애스카프
핫삼,거북왕,44,33,4.000,3.000,-0.4179,-0.4179,-0.4179,-0.6962,없음
핫삼,대도각참,44,34,2.000,4.000,0.7656,0.8678,0.5727,,타입강화
핫삼,팬텀,44,35,3.000,3.000,0.0641,0.0641,0.0641,-0.3694,기합의띠
핫삼,마폭시,44,36,3.000,1.000,-0.8977,-0.7985,-0.8977,-0.8977,기합의띠
핫삼,엠페르트,44,37,2.000,3.000,0.3539,0.6893,0.3539,,없음
핫삼,번치코,44,38,2.000,1.000,-0.6644,-0.6644,-0.6644,-0.6644,생명의구슬
핫삼,대짱이,44,39,4.000,3.000,0.1914,0.3758,0.0201,-0.5533,자뭉열매
핫삼,라이츄,44,40,2.000,3.000,-0.1274,0.0209,-0.1274,-0.4629,구애스카프
핫삼,블래키,44,41,3.000,6.000,0.8195,0.9905,0.8019,,먹다남은음식
핫삼,다크펫,44,42,3.000,3.000,0.2975,0.5308,0.2975,-0.3694,기합의띠
핫삼,더시마사리,44,43,6.000,7.000,0.7389,0.8333,0.5728,,먹다남은음식
핫삼,오롱털,44,45,2.000,3.000,0.5308,0.8651,0.5308,,없음
핫삼,픽시,44,46,3.000,2.000,-0.2200,0.0440,-0.2200,-0.6866,먹다남은음식
핫삼,카디나르마,44,47,4.000,1.000,-0.8977,-0.7985,-0.8977,,기합의띠
핫삼,앱솔,44,48,2.000,4.000,0.2989,0.8678,0.2989,-0.0338,없음
핫삼,찌리배리,44,49,5.000,5.000,0.4193,0.6906,0.0809,,먹다남은음식
핫삼,맘모꾸리,44,50,2.000,3.000,0.0641,0.1997,0.0641,,기합의띠
핫삼,파라블레이즈,44,51,3.000,1.000,-0.8977,-0.7049,-0.8977,,기합의띠
핫삼,패리퍼,44,52,4.000,3.000,0.1499,0.3932,0.1499,,없음
핫삼,찌르호크,44,53,6.000,2.000,-0.7505,-0.7505,-0.7505,-0.5701,구애스카프
핫삼,대검귀,44,54,2.000,5.000,0.5353,0.8630,0.3925,,타입강화
핫삼,마기라스,44,55,2.000,3.000,0.7656,0.7656,0.7656,-0.1359,먹다남은음식
핫삼,이어롭,44,56,2.000,5.000,0.5353,0.8630,0.3317,-0.1359,자뭉열매
핫삼,플라엣테,44,57,3.000,4.000,0.1854,0.6263,0.1854,0.1398,구애스카프
핫삼,배바닐라,44,58,2.000,5.000,0.7203,0.8630,0.5353,,타입강화
핫삼,드래펄트,44,59,3.000,1.000,-0.8390,-0.7049,-0.8977,,생명의구슬
핫삼,입치트,44,60,4.000,3.000,-0.1859,0.0560,-0.1859,-0.3637,기합의띠
핫삼,메가니움,44,61,2.000,7.000,0.9561,0.9561,0.9561,0.4647,기합의띠
핫삼,메타몽,44,62,1.000,6.000,0.9188,0.9623,0.8196,,구애스카프
핫삼,이상해꽃,44,63,2.000,6.000,0.8997,0.9496,0.6088,0.5873,생명의구슬
핫삼,밀로틱,44,64,5.000,5.000,0.3130,0.4945,0.1753,,먹다남은음식
핫삼,스코빌런,44,65,2.000,1.000,-0.6644,-0.4029,-0.6644,-0.6644,먹다남은음식
핫삼,아쿠스타,44,66,2.000,5.000,0.7203,0.9623,0.7203,0.5353,기합의띠
핫삼,몰드류,44,67,2.000,3.000,0.0068,0.1997,0.0068,-0.2701,구애스카프
핫삼,조로아크(히스이),44,68,3.000,1.000,-0.6056,-0.6056,-0.6056,,기합의띠
핫삼,미끄래곤(히스이),44,69,2.000,2.000,-0.1390,0.1379,-0.1390,,먹다남은음식
핫삼,잠만보,44,70,3.000,2.000,-0.0738,0.0038,-0.1120,,먹다남은음식
핫삼,무장조,44,71,6.000,4.000,-0.3114,0.4141,-0.5201,-0.4282,자뭉열매
핫삼,클레스퍼트라,44,72,2.000,6.000,0.8630,0.9623,0.8630,,기합의띠
핫삼,창파나이트,44,73,2.000,2.000,-0.0955,0.3307,-0.0955,,없음
핫삼,우츠보트,44,74,2.000,8.000,1.0000,1.0000,1.0000,0.9961,기합의띠
핫삼,가라르야도킹,44,75,4.000,2.000,-0.4325,-0.2005,-0.5666,,먹다남은음식
핫삼,깜까미,44,76,3.000,5.000,0.8955,0.9644,0.8955,0.7575,없음
핫삼,엘풍,44,77,2.000,7.000,1.0000,1.0000,1.0000,,기합의띠
핫삼,저승갓숭,44,78,2.000,2.000,-0.4629,-0.2559,-0.4629,,먹다남은음식
핫삼,스트린더(하이),44,79,5.000,4.000,-0.4381,0.0526,-0.4381,,풍선
핫삼,샤미드,44,80,4.000,4.000,0.2384,0.5974,0.1213,,먹다남은음식
핫삼,사마자르,44,81,3.000,4.000,0.0641,0.3984,0.0641,,기합의띠
핫삼,인텔리레온,44,82,3.000,3.000,0.0641,0.0641,0.0641,,없음
핫삼,깨비물거미,44,83,2.000,5.000,0.9308,0.9623,0.9281,,자뭉열매
핫삼,가디안,44,84,2.000,2.000,-0.4715,-0.3288,-0.4715,-0.4715,기합의띠
핫삼,왕구리,44,85,3.000,4.000,-0.0909,0.7648,-0.0909,,없음
핫삼,엘레이드,44,86,2.000,4.000,0.1997,0.6311,-0.0352,0.0087,생명의구슬
핫삼,브리무음,44,87,3.000,2.000,-0.0676,0.0038,-0.0676,,기합의띠
핫삼,눈여아,44,88,2.000,4.000,0.3750,0.7203,0.3750,0.0408,기합의띠
핫삼,어흥염,44,89,3.000,1.000,-0.5652,-0.3556,-0.5889,,자뭉열매
핫삼,마릴리,44,90,4.000,6.000,0.6018,0.7328,0.3940,,자뭉열매
핫삼,올리르바,44,91,2.000,5.000,0.8960,0.9449,0.8960,,기합의띠
핫삼,스트린더(로우),44,92,5.000,4.000,-0.4381,0.0526,-0.4381,,풍선
핫삼,펜드라,44,93,2.000,6.000,0.7953,0.9350,0.7953,0.7374,기합의띠
핫삼,화염레오,44,94,2.000,1.000,-0.6644,-0.6644,-0.6644,-0.7985,기합의띠
핫삼,윈디(히스이),44,95,2.000,1.000,-0.7985,-0.6622,-0.7985,,기합의띠
핫삼,캥카,44,96,2.000,2.000,-0.4331,-0.1567,-0.4331,-0.4629,타입강화
핫삼,꿈트렁,44,97,3.000,5.000,0.8178,0.9604,0.6537,,자뭉열매
핫삼,에써르(암컷),44,98,2.000,2.000,-0.2296,-0.2296,-0.2296,,없음
핫삼,후딘,44,99,1.000,3.000,0.2989,0.4330,0.1997,,기합의띠
핫삼,드래캄,44,100,4.000,4.000,0.5602,0.7019,0.3758,0.3758,생명의구슬
오롱털,보만다,45,1,3.000,3.000,0.0767,,0.0767,-0.4923,구애스카프
오롱털,한카리아스,45,2,2.000,2.000,-0.3288,,-0.3288,0.0068,구애스카프
오롱털,누리레느,45,3,3.000,2.000,-0.3288,,-0.3569,,자뭉열매
오롱털,갑주무사,45,4,4.000,2.000,-0.2340,,-0.1619,-0.3952,생명의구슬
오롱털,하마돈,45,5,4.000,3.000,0.0146,,-0.2321,,자뭉열매
오롱털,루카리오,45,6,3.000,1.000,-0.8977,,-0.8977,-0.8977,기합의띠
오롱털,드닐레이브,45,7,2.000,2.000,-0.3288,,-0.3288,-0.3288,기합의띠
오롱털,브리두라스,45,8,4.000,2.000,-0.7955,,-0.7955,,자뭉열매
오롱털,타부자고,45,9,2.000,2.000,-0.4330,,-0.4330,,풍선
오롱털,따라큐,45,10,2.000,2.000,-0.3461,,-0.3288,,생명의구슬
오롱털,고릴타,45,11,3.000,2.000,-0.5621,,-0.5621,,생명의구슬
오롱털,킬가르도,45,12,2.000,1.000,-0.4311,,-0.4311,,먹다남은음식
오롱털,마스카나,45,13,2.000,2.000,-0.3288,,-0.3288,,구애스카프
오롱털,갸라도스,45,14,4.000,3.000,-0.4623,,-0.7955,0.0068,울퉁불퉁멧
오롱털,아머까오,45,15,5.000,3.000,-0.6980,,-0.7955,,울퉁불퉁멧
오롱털,킬라플로르,45,16,3.000,2.000,-0.5621,,-0.5621,-0.8977,기합의띠
오롱털,대쓰여너,45,17,2.000,2.000,-0.3288,,-0.3288,,구애스카프
오롱털,리자몽,45,18,3.000,2.000,-0.5396,,-0.5396,-0.6148,구애스카프
오롱털,포푸니크,45,19,3.000,2.000,-0.5621,,-0.5621,,없음
오롱털,개굴닌자,45,20,2.000,2.000,-0.3288,,-0.3288,-0.3288,기합의띠
오롱털,에이스번,45,21,3.000,1.000,-0.8977,,-0.8977,,구애스카프
오롱털,알로라 나인테일,45,22,3.000,2.000,-0.5621,,-0.5621,,없음
오롱털,에써르(수컷),45,23,1.000,3.000,0.2401,,0.2401,,구애스카프
오롱털,워시로토무,45,24,3.000,3.000,-0.2267,,-0.2267,,먹다남은음식
오롱털,불카모스,45,25,3.000,3.000,-0.0270,,-0.1891,,자뭉열매
오롱털,빠르모트,45,26,2.000,2.000,-0.3288,,-0.3288,,기합의띠
오롱털,라우드본,45,27,2.000,3.000,-0.2317,,-0.2317,,자뭉열매
오롱털,삼삼드래,45,28,1.000,2.000,-0.0955,,-0.0955,,구애스카프
오롱털,메타그로스,45,29,2.000,2.000,-0.3288,,-0.6644,-0.6644,생명의구슬
오롱털,망나뇽,45,30,2.495,4.000,0.2334,,0.2334,-0.0685,없음
오롱털,님피아,45,31,3.000,1.000,-0.8314,,-0.8314,,먹다남은음식
오롱털,히트로토무,45,32,3.000,2.000,-0.5621,,-0.5621,,구애스카프
오롱털,거북왕,45,33,3.000,2.000,-0.5621,,-0.5621,-0.5621,없음
오롱털,대도각참,45,34,4.000,2.000,-0.3288,,-0.3288,,타입강화
오롱털,팬텀,45,35,1.000,2.000,-0.0955,,-0.3288,-0.4311,기합의띠
오롱털,마폭시,45,36,2.000,2.000,-0.3288,,-0.3288,-0.3288,기합의띠
오롱털,엠페르트,45,37,3.000,2.000,-0.3173,,-0.3173,,없음
오롱털,번치코,45,38,3.000,2.000,-0.5621,,-0.3288,-0.5621,생명의구슬
오롱털,대짱이,45,39,3.000,2.000,-0.3288,,-0.5621,-0.5621,자뭉열매
오롱털,라이츄,45,40,2.000,3.000,0.0068,,0.0068,-0.3288,구애스카프
오롱털,블래키,45,41,3.000,17.000,0.9943,,0.9943,,먹다남은음식
오롱털,다크펫,45,42,1.000,2.000,-0.0955,,-0.3288,-0.0955,기합의띠
오롱털,더시마사리,45,43,4.000,6.000,0.8910,,0.5554,,먹다남은음식
오롱털,핫삼,45,44,3.000,2.000,-0.5048,,-0.6962,-0.7395,울퉁불퉁멧
오롱털,픽시,45,46,4.000,2.000,-0.5374,,-0.5374,-0.7708,먹다남은음식
오롱털,카디나르마,45,47,2.000,2.000,-0.3288,,-0.3288,,기합의띠
오롱털,앱솔,45,48,1.000,2.000,-0.0955,,-0.0955,-0.0955,없음
오롱털,찌리배리,45,49,4.000,4.000,0.2986,,0.0304,,먹다남은음식
오롱털,맘모꾸리,45,50,3.000,2.000,-0.5621,,-0.5621,,기합의띠
오롱털,파라블레이즈,45,51,2.000,3.000,0.0068,,0.0068,,기합의띠
오롱털,패리퍼,45,52,3.000,3.000,-0.2167,,-0.2167,,없음
오롱털,찌르호크,45,53,4.000,3.000,-0.6731,,-0.6731,-0.0547,구애스카프
오롱털,대검귀,45,54,2.000,3.000,0.0068,,0.0068,,타입강화
오롱털,마기라스,45,55,2.000,2.000,-0.3288,,-0.3288,-0.3288,먹다남은음식
오롱털,이어롭,45,56,3.000,2.000,-0.5621,,-0.5621,-0.3288,자뭉열매
오롱털,플라엣테,45,57,3.000,1.000,-0.7494,,-0.7494,-0.8977,구애스카프
오롱털,배바닐라,45,58,3.000,3.000,-0.2267,,-0.5621,,타입강화
오롱털,드래펄트,45,59,2.000,4.000,0.3424,,0.2401,,생명의구슬
오롱털,입치트,45,60,6.000,2.000,-0.7955,,-0.7955,-0.5621,기합의띠
오롱털,메가니움,45,61,4.000,3.000,-0.1828,,-0.1828,-0.7252,기합의띠
오롱털,메타몽,45,62,2.000,3.000,0.4735,,0.0068,,구애스카프
오롱털,이상해꽃,45,63,3.000,2.000,-0.7139,,-0.5979,-0.7139,생명의구슬
오롱털,밀로틱,45,64,4.000,4.000,-0.1643,,-0.1643,,먹다남은음식
오롱털,스코빌런,45,65,3.000,2.000,-0.2557,,-0.3218,-0.5621,먹다남은음식
오롱털,아쿠스타,45,66,2.000,4.000,0.3424,,0.3424,0.0068,기합의띠
오롱털,몰드류,45,67,3.000,2.000,-0.5621,,-0.5621,-0.5621,구애스카프
오롱털,조로아크(히스이),45,68,1.000,2.000,-0.0955,,-0.3288,,기합의띠
오롱털,미끄래곤(히스이),45,69,3.000,2.000,-0.3288,,-0.5621,,먹다남은음식
오롱털,잠만보,45,70,4.000,3.000,0.1323,,0.0043,,먹다남은음식
오롱털,무장조,45,71,4.000,3.000,-0.6606,,-0.7263,-0.7312,자뭉열매
오롱털,클레스퍼트라,45,72,2.000,3.000,0.0068,,0.0068,,기합의띠
오롱털,창파나이트,45,73,2.000,2.000,-0.3288,,-0.3288,,없음
오롱털,우츠보트,45,74,3.000,2.000,-0.5621,,-0.5621,-0.5621,기합의띠
오롱털,가라르야도킹,45,75,2.000,2.000,0.1379,,0.1379,,먹다남은음식
오롱털,깜까미,45,76,2.000,14.000,1.0000,,1.0000,1.0000,없음
오롱털,엘풍,45,77,3.000,2.000,-0.5621,,-0.5621,,기합의띠
오롱털,저승갓숭,45,78,2.000,2.000,-0.3288,,-0.3288,,먹다남은음식
오롱털,스트린더(하이),45,79,3.000,2.000,-0.5621,,-0.5621,,풍선
오롱털,샤미드,45,80,4.000,4.000,-0.1717,,-0.1717,,먹다남은음식
오롱털,사마자르,45,81,3.000,3.000,-0.2267,,-0.2267,,기합의띠
오롱털,인텔리레온,45,82,2.000,3.000,0.0068,,0.0068,,없음
오롱털,깨비물거미,45,83,3.000,4.000,0.5732,,0.4914,,자뭉열매
오롱털,가디안,45,84,2.000,2.000,-0.3288,,-0.3288,-0.6644,기합의띠
오롱털,왕구리,45,85,3.000,3.000,-0.2267,,-0.2267,,없음
오롱털,엘레이드,45,86,1.000,3.000,0.2323,,-0.0955,-0.3175,생명의구슬
오롱털,브리무음,45,87,3.000,2.000,-0.0955,,-0.0955,,기합의띠
오롱털,눈여아,45,88,1.000,3.000,0.2401,,0.0068,-0.0955,기합의띠
오롱털,어흥염,45,89,5.000,2.000,-0.5859,,-0.7955,,자뭉열매
오롱털,마릴리,45,90,3.000,2.000,-0.0955,,-0.3288,,자뭉열매
오롱털,올리르바,45,91,3.000,3.000,0.1055,,0.1055,,기합의띠
오롱털,스트린더(로우),45,92,3.000,2.000,-0.5621,,-0.5621,,풍선
오롱털,펜드라,45,93,3.000,2.000,-0.7213,,-0.7213,-0.8977,기합의띠
오롱털,화염레오,45,94,3.000,2.000,-0.5621,,-0.5621,-0.5621,기합의띠
오롱털,윈디(히스이),45,95,3.000,2.000,-0.5584,,-0.5584,,기합의띠
오롱털,캥카,45,96,3.000,2.000,-0.5621,,-0.5621,-0.5982,타입강화
오롱털,꿈트렁,45,97,4.000,2.000,-0.7955,,-0.7955,,자뭉열매
오롱털,에써르(암컷),45,98,1.000,3.000,0.2401,,0.2401,,없음
오롱털,후딘,45,99,1.000,2.000,-0.0955,,-0.3288,,기합의띠
오롱털,드래캄,45,100,3.000,2.000,-0.0955,,-0.1977,-0.4311,생명의구슬
픽시,보만다,46,1,3.000,5.000,0.3752,0.5531,0.3752,-0.3446,구애스카프
픽시,한카리아스,46,2,3.000,3.000,-0.2020,0.6424,-0.2020,0.4295,구애스카프
픽시,누리레느,46,3,5.000,4.000,-0.2223,0.2748,-0.3983,,자뭉열매
픽시,갑주무사,46,4,4.000,3.000,0.0163,0.2456,-0.0062,0.0785,생명의구슬
픽시,하마돈,46,5,5.000,4.000,0.1377,0.6032,-0.1719,,자뭉열매
픽시,루카리오,46,6,3.000,2.000,-0.5730,-0.5374,-0.5730,-0.8730,기합의띠
픽시,드닐레이브,46,7,3.000,3.000,-0.2375,-0.3288,-0.2375,-0.2375,기합의띠
픽시,브리두라스,46,8,4.000,3.000,-0.4729,-0.2375,-0.6295,,자뭉열매
픽시,타부자고,46,9,5.000,2.000,-0.7988,-0.4929,-0.7988,,풍선
픽시,따라큐,46,10,4.000,5.000,-0.1400,-0.1181,-0.3939,,생명의구슬
픽시,고릴타,46,11,3.000,3.000,-0.4729,0.7012,-0.5374,,생명의구슬
픽시,킬가르도,46,12,4.000,2.000,-0.5730,-0.1310,-0.8063,,먹다남은음식
픽시,마스카나,46,13,2.000,3.000,0.0068,-0.3041,0.0068,,구애스카프
픽시,갸라도스,46,14,5.000,4.000,-0.4374,-0.1706,-0.4374,0.0960,울퉁불퉁멧
픽시,아머까오,46,15,5.000,4.000,-0.4374,0.2961,-0.4374,,울퉁불퉁멧
픽시,킬라플로르,46,16,8.000,2.000,-0.7955,-0.7955,-0.7955,-0.8063,기합의띠
픽시,대쓰여너,46,17,5.000,2.000,-0.6295,-0.7708,-0.6295,,구애스카프
픽시,리자몽,46,18,8.000,3.000,-0.7000,-0.6236,-0.7000,-0.7078,구애스카프
픽시,포푸니크,46,19,4.000,2.000,-0.7708,-0.2622,-0.7708,,없음
픽시,개굴닌자,46,20,2.000,3.000,-0.0287,-0.0040,-0.0287,-0.3288,기합의띠
픽시,에이스번,46,21,7.000,2.000,-0.8063,-0.7955,-0.8063,,구애스카프
픽시,알로라 나인테일,46,22,4.000,4.000,0.0963,-0.2375,0.0963,,없음
픽시,에써르(수컷),46,23,4.000,5.000,0.0963,0.4046,0.0963,,구애스카프
픽시,워시로토무,46,24,4.000,4.000,-0.1706,-0.2622,-0.3375,,먹다남은음식
픽시,불카모스,46,25,9.000,5.000,-0.6999,-0.6482,-0.7000,,자뭉열매
픽시,빠르모트,46,26,2.000,3.000,-0.0287,-0.3041,-0.0287,,기합의띠
픽시,라우드본,46,27,11.000,4.000,-0.7000,-0.5023,-0.7000,,자뭉열매
픽시,삼삼드래,46,28,2.000,4.000,0.3316,0.5402,0.3316,,구애스카프
픽시,메타그로스,46,29,4.000,2.000,-0.7708,-0.3041,-0.5730,-0.7708,생명의구슬
픽시,망나뇽,46,30,3.495,5.000,0.3332,0.3571,0.3332,0.2071,없음
픽시,님피아,46,31,7.000,3.000,-0.6669,-0.2999,-0.7029,,먹다남은음식
픽시,히트로토무,46,32,8.000,3.000,-0.6999,-0.7096,-0.6999,,구애스카프
픽시,거북왕,46,33,5.000,3.000,-0.5942,-0.4166,-0.5942,-0.7083,없음
픽시,대도각참,46,34,4.000,2.000,-0.3041,0.2292,-0.3041,,타입강화
픽시,팬텀,46,35,5.000,2.000,-0.7955,-0.7708,-0.7955,-0.7955,기합의띠
픽시,마폭시,46,36,8.000,3.000,-0.7101,-0.6998,-0.7101,-0.7101,기합의띠
픽시,엠페르트,46,37,7.000,3.000,-0.7089,-0.3983,-0.7089,,없음
픽시,번치코,46,38,4.000,3.000,-0.4729,-0.2375,-0.7708,-0.4729,생명의구슬
픽시,대짱이,46,39,5.000,3.000,-0.3961,0.2961,-0.6068,-0.7096,자뭉열매
픽시,라이츄,46,40,4.000,4.000,-0.2308,-0.5374,-0.2308,-0.4729,구애스카프
픽시,블래키,46,41,4.000,12.000,0.9172,0.9172,0.8485,,먹다남은음식
픽시,다크펫,46,42,3.000,2.000,-0.5621,0.2292,-0.5621,-0.7708,기합의띠
픽시,더시마사리,46,43,13.000,8.000,-0.6312,0.1901,-0.7000,,먹다남은음식
픽시,핫삼,46,44,2.000,3.000,0.1746,0.6413,0.1746,-0.0669,울퉁불퉁멧
픽시,오롱털,46,45,2.000,4.000,0.5402,0.7735,0.5402,,없음
픽시,카디나르마,46,47,8.000,3.000,-0.6999,-0.6043,-0.6999,,기합의띠
픽시,앱솔,46,48,2.000,5.000,0.6424,-0.0040,0.6424,0.3068,없음
픽시,찌리배리,46,49,6.000,6.000,0.1377,0.0269,-0.1640,,먹다남은음식
픽시,맘모꾸리,46,50,4.000,3.000,-0.4374,-0.5621,-0.4374,,기합의띠
픽시,파라블레이즈,46,51,8.000,3.000,-0.7101,-0.6998,-0.7101,,기합의띠
픽시,패리퍼,46,52,4.000,4.000,-0.1110,0.6097,-0.1110,,없음
픽시,찌르호크,46,53,5.000,4.000,-0.4439,0.0705,-0.4439,0.0350,구애스카프
픽시,대검귀,46,54,2.000,5.000,0.6424,0.3316,0.6424,,타입강화
픽시,마기라스,46,55,3.000,3.000,-0.2020,0.1379,-0.2020,-0.2375,먹다남은음식
픽시,이어롭,46,56,4.000,3.000,-0.4729,-0.4374,-0.7083,-0.3288,자뭉열매
픽시,플라엣테,46,57,6.000,3.000,-0.7045,-0.5241,-0.7045,-0.7053,구애스카프
픽시,배바닐라,46,58,3.000,4.000,-0.1706,-0.5374,-0.4729,,타입강화
픽시,드래펄트,46,59,2.000,4.000,0.3068,0.3068,-0.0287,,생명의구슬
픽시,입치트,46,60,2.000,3.000,0.2292,0.4379,0.2292,0.2292,기합의띠
픽시,메가니움,46,61,5.000,5.000,-0.0080,0.8565,-0.0080,-0.5539,기합의띠
픽시,메타몽,46,62,3.000,7.000,0.9737,0.9798,0.9243,,구애스카프
픽시,이상해꽃,46,63,5.000,3.000,-0.6031,-0.1940,-0.5899,-0.7399,생명의구슬
픽시,밀로틱,46,64,8.000,7.000,-0.2997,-0.1447,-0.6906,,먹다남은음식
픽시,스코빌런,46,65,6.000,3.000,-0.6126,-0.2969,-0.6905,-0.7100,먹다남은음식
픽시,아쿠스타,46,66,4.000,5.000,0.1315,0.0960,0.1315,0.0963,기합의띠
픽시,몰드류,46,67,3.000,2.000,-0.7708,-0.2375,-0.7708,-0.7708,구애스카프
픽시,조로아크(히스이),46,68,3.000,3.000,-0.2375,0.0960,-0.2375,,기합의띠
픽시,미끄래곤(히스이),46,69,6.000,2.000,-0.7708,-0.5374,-0.7955,,먹다남은음식
픽시,잠만보,46,70,7.000,4.000,-0.3591,-0.0171,-0.6815,,먹다남은음식
픽시,무장조,46,71,4.000,3.000,-0.2416,0.2363,-0.4303,-0.6684,자뭉열매
픽시,클레스퍼트라,46,72,4.000,5.000,0.1315,0.5803,0.1315,,기합의띠
픽시,창파나이트,46,73,2.000,4.000,0.3068,0.8897,0.3068,,없음
픽시,우츠보트,46,74,4.000,3.000,-0.4729,-0.0042,-0.4729,-0.7708,기합의띠
픽시,가라르야도킹,46,75,10.000,3.000,-0.7388,-0.6628,-0.7388,,먹다남은음식
픽시,깜까미,46,76,2.000,10.000,1.0000,1.0000,1.0000,0.9974,없음
픽시,엘풍,46,77,3.000,5.000,0.4295,0.9304,0.4295,,기합의띠
픽시,저승갓숭,46,78,3.000,6.000,0.5220,0.1184,0.3182,,먹다남은음식
픽시,스트린더(하이),46,79,6.000,2.000,-0.7955,-0.6048,-0.7955,,풍선
픽시,샤미드,46,80,7.000,6.000,-0.5208,0.1123,-0.6935,,먹다남은음식
픽시,사마자르,46,81,4.000,5.000,0.1315,-0.2375,0.1315,,기합의띠
픽시,인텔리레온,46,82,3.000,4.000,-0.1706,0.0960,-0.1706,,없음
픽시,깨비물거미,46,83,5.000,5.000,0.3099,0.8409,0.0998,,자뭉열매
픽시,가디안,46,84,5.000,4.000,-0.3469,-0.1706,-0.3469,-0.7083,기합의띠
픽시,왕구리,46,85,5.000,5.000,-0.0680,0.0628,-0.0680,,없음
픽시,엘레이드,46,86,3.000,4.000,0.1061,-0.0287,0.0098,0.0960,생명의구슬
픽시,브리무음,46,87,4.000,4.000,0.2079,0.4820,0.2079,,기합의띠
픽시,눈여아,46,88,3.000,4.000,0.3577,-0.2375,0.3577,-0.4374,기합의띠
픽시,어흥염,46,89,5.000,3.000,-0.3784,0.2961,-0.6128,,자뭉열매
픽시,마릴리,46,90,4.000,6.000,0.1887,0.4866,-0.0843,,자뭉열매
픽시,올리르바,46,91,4.000,4.000,0.3748,0.7034,0.3748,,기합의띠
픽시,스트린더(로우),46,92,6.000,2.000,-0.7955,-0.6048,-0.7955,,풍선
픽시,펜드라,46,93,3.000,2.000,-0.5374,-0.4385,-0.5374,-0.7073,기합의띠
픽시,화염레오,46,94,7.000,3.000,-0.6998,-0.5887,-0.6998,-0.7101,기합의띠
픽시,윈디(히스이),46,95,8.000,3.000,-0.7097,-0.8059,-0.7097,,기합의띠
픽시,캥카,46,96,5.000,3.000,-0.6153,-0.3961,-0.6208,-0.7085,타입강화
픽시,꿈트렁,46,97,3.000,2.000,-0.5217,0.4270,-0.5341,,자뭉열매
픽시,에써르(암컷),46,98,4.000,5.000,-0.0393,0.3906,-0.0393,,없음
픽시,후딘,46,99,4.000,4.000,-0.2794,0.2725,-0.2794,,기합의띠
픽시,드래캄,46,100,5.000,2.000,-0.5374,-0.3041,-0.3396,-0.7816,생명의구슬
카디나르마,보만다,47,1,4.000,3.000,-0.4922,,-0.4922,-0.4922,구애스카프
카디나르마,한카리아스,47,2,3.000,2.000,-0.5621,,-0.5621,-0.5621,구애스카프
카디나르마,누리레느,47,3,3.000,2.000,-0.0955,,-0.1236,,자뭉열매
카디나르마,갑주무사,47,4,2.000,3.000,0.4070,,0.1379,0.4667,생명의구슬
카디나르마,하마돈,47,5,3.000,2.000,0.0522,,-0.1812,,자뭉열매
카디나르마,루카리오,47,6,1.000,3.000,0.2401,,0.0068,-0.0955,기합의띠
카디나르마,드닐레이브,47,7,2.000,2.000,-0.3288,,-0.3288,-0.3288,기합의띠
카디나르마,브리두라스,47,8,2.000,2.000,-0.3288,,-0.3288,,자뭉열매
카디나르마,타부자고,47,9,2.000,2.000,-0.2564,,-0.2564,,풍선
카디나르마,따라큐,47,10,2.000,3.000,-0.0105,,-0.3288,,생명의구슬
카디나르마,고릴타,47,11,1.000,2.000,-0.0955,,-0.0955,,생명의구슬
카디나르마,킬가르도,47,12,2.000,2.000,0.1379,,0.1379,,먹다남은음식
카디나르마,마스카나,47,13,1.000,2.000,-0.0955,,-0.0955,,구애스카프
카디나르마,갸라도스,47,14,3.000,2.000,-0.5621,,-0.5621,-0.3288,울퉁불퉁멧
카디나르마,아머까오,47,15,2.000,4.000,0.8090,,0.8090,,울퉁불퉁멧
카디나르마,킬라플로르,47,16,2.000,2.000,-0.3288,,-0.3288,-0.6644,기합의띠
카디나르마,대쓰여너,47,17,2.000,1.000,-0.6644,,-0.6644,,구애스카프
카디나르마,리자몽,47,18,3.000,4.000,0.0943,,0.0943,-0.2627,구애스카프
카디나르마,포푸니크,47,19,1.000,3.000,0.2401,,0.2401,,없음
카디나르마,개굴닌자,47,20,2.000,2.000,-0.3288,,-0.3288,-0.6644,기합의띠
카디나르마,에이스번,47,21,3.000,2.000,-0.5621,,-0.5621,,구애스카프
카디나르마,알로라 나인테일,47,22,1.000,3.000,0.2401,,0.2401,,없음
카디나르마,에써르(수컷),47,23,2.000,3.000,0.0068,,0.0068,,구애스카프
카디나르마,워시로토무,47,24,2.000,2.000,-0.3288,,-0.3288,,먹다남은음식
카디나르마,불카모스,47,25,3.000,3.000,-0.0270,,-0.1891,,자뭉열매
카디나르마,빠르모트,47,26,1.000,3.000,0.2401,,0.0068,,기합의띠
카디나르마,라우드본,47,27,4.000,2.000,-0.0005,,-0.1959,,자뭉열매
카디나르마,삼삼드래,47,28,2.000,2.000,-0.3288,,-0.3288,,구애스카프
카디나르마,메타그로스,47,29,1.000,2.000,0.3712,,0.3712,-0.3288,생명의구슬
카디나르마,망나뇽,47,30,4.495,3.000,-0.6274,,-0.6274,-0.7464,없음
카디나르마,님피아,47,31,4.000,3.000,0.2849,,0.0710,,먹다남은음식
카디나르마,히트로토무,47,32,3.000,3.000,-0.2267,,-0.2267,,구애스카프
카디나르마,거북왕,47,33,3.000,1.000,-0.8977,,-0.8977,-0.8977,없음
카디나르마,대도각참,47,34,1.000,2.000,0.3712,,0.3712,,타입강화
카디나르마,팬텀,47,35,1.000,2.000,-0.0955,,-0.3288,-0.3288,기합의띠
카디나르마,마폭시,47,36,4.000,4.000,-0.3378,,-0.3378,-0.6558,기합의띠
카디나르마,엠페르트,47,37,2.000,2.000,0.1108,,0.1108,,없음
카디나르마,번치코,47,38,2.000,2.000,-0.3288,,-0.0955,-0.3288,생명의구슬
카디나르마,대짱이,47,39,2.000,2.000,0.1379,,0.1379,-0.1977,자뭉열매
카디나르마,라이츄,47,40,2.000,3.000,0.0068,,0.0068,-0.3288,구애스카프
카디나르마,블래키,47,41,3.000,3.000,0.2229,,0.0228,,먹다남은음식
카디나르마,다크펫,47,42,2.000,2.000,0.1379,,0.1379,-0.4311,기합의띠
카디나르마,더시마사리,47,43,2.000,4.000,0.8090,,0.5732,,먹다남은음식
카디나르마,핫삼,47,44,1.000,4.000,0.7656,,0.7656,0.6663,울퉁불퉁멧
카디나르마,오롱털,47,45,2.000,2.000,0.1379,,0.1379,,없음
카디나르마,픽시,47,46,3.000,8.000,0.9907,,0.8992,0.7873,먹다남은음식
카디나르마,앱솔,47,48,2.000,2.000,-0.0955,,-0.0955,-0.3288,없음
카디나르마,찌리배리,47,49,3.000,4.000,0.5513,,0.2986,,먹다남은음식
카디나르마,맘모꾸리,47,50,2.000,2.000,-0.3288,,-0.3288,,기합의띠
카디나르마,파라블레이즈,47,51,3.000,2.000,-0.5621,,-0.5621,,기합의띠
카디나르마,패리퍼,47,52,3.000,2.000,0.1007,,0.1007,,없음
카디나르마,찌르호크,47,53,2.000,3.000,-0.1840,,-0.1840,-0.0547,구애스카프
카디나르마,대검귀,47,54,2.000,2.000,-0.3288,,-0.3288,,타입강화
카디나르마,마기라스,47,55,1.000,2.000,0.3712,,0.3712,0.0356,먹다남은음식
카디나르마,이어롭,47,56,2.000,3.000,0.0068,,0.0068,-0.3288,자뭉열매
카디나르마,플라엣테,47,57,3.000,4.000,0.0030,,0.0030,-0.1990,구애스카프
카디나르마,배바닐라,47,58,1.000,5.000,0.9113,,0.5757,,타입강화
카디나르마,드래펄트,47,59,3.000,2.000,-0.5621,,-0.5621,,생명의구슬
카디나르마,입치트,47,60,1.000,4.000,0.8090,,0.8090,0.7068,기합의띠
카디나르마,메가니움,47,61,2.000,3.000,0.3116,,0.2414,-0.0942,기합의띠
카디나르마,메타몽,47,62,1.000,5.000,0.9113,,0.9113,,구애스카프
카디나르마,이상해꽃,47,63,2.000,3.000,0.0883,,-0.0290,-0.2624,생명의구슬
카디나르마,밀로틱,47,64,4.000,3.000,-0.4629,,-0.6553,,먹다남은음식
카디나르마,스코빌런,47,65,2.000,4.000,0.8162,,0.8162,0.5757,먹다남은음식
카디나르마,아쿠스타,47,66,2.000,2.000,-0.3288,,-0.3288,-0.3288,기합의띠
카디나르마,몰드류,47,67,1.000,2.000,-0.0955,,-0.0955,-0.4311,구애스카프
카디나르마,조로아크(히스이),47,68,2.000,2.000,-0.3288,,-0.3288,,기합의띠
카디나르마,미끄래곤(히스이),47,69,2.000,2.000,0.1379,,-0.0955,,먹다남은음식
카디나르마,잠만보,47,70,3.000,3.000,0.0578,,-0.0306,,먹다남은음식
카디나르마,무장조,47,71,2.000,4.000,0.7166,,0.7166,-0.0214,자뭉열매
카디나르마,클레스퍼트라,47,72,2.000,3.000,0.0068,,0.0068,,기합의띠
카디나르마,창파나이트,47,73,2.000,3.000,0.4735,,0.4735,,없음
카디나르마,우츠보트,47,74,1.000,4.000,0.8090,,0.8090,0.4735,기합의띠
카디나르마,가라르야도킹,47,75,3.000,4.000,0.2817,,0.2817,,먹다남은음식
카디나르마,깜까미,47,76,2.000,3.000,0.2835,,0.2835,0.1822,없음
카디나르마,엘풍,47,77,1.000,7.000,1.0000,,1.0000,,기합의띠
카디나르마,저승갓숭,47,78,2.000,3.000,0.0068,,0.0068,,먹다남은음식
카디나르마,스트린더(하이),47,79,2.000,3.000,0.2401,,0.2401,,풍선
카디나르마,샤미드,47,80,4.000,2.000,-0.3000,,-0.3000,,먹다남은음식
카디나르마,사마자르,47,81,2.000,2.000,-0.3288,,-0.3288,,기합의띠
카디나르마,인텔리레온,47,82,2.000,2.000,-0.3288,,-0.3288,,없음
카디나르마,깨비물거미,47,83,3.000,3.000,0.0060,,-0.0653,,자뭉열매
카디나르마,가디안,47,84,3.000,4.000,0.1066,,0.1066,-0.2267,기합의띠
카디나르마,왕구리,47,85,3.000,2.000,-0.0955,,-0.0955,,없음
카디나르마,엘레이드,47,86,3.000,2.000,-0.5508,,-0.3367,-0.5621,생명의구슬
카디나르마,브리무음,47,87,2.000,5.000,0.9089,,0.9089,,기합의띠
카디나르마,눈여아,47,88,1.000,2.000,-0.0955,,-0.3288,-0.0955,기합의띠
카디나르마,어흥염,47,89,2.000,2.000,0.1379,,0.1141,,자뭉열매
카디나르마,마릴리,47,90,3.000,3.000,0.0394,,0.0394,,자뭉열매
카디나르마,올리르바,47,91,2.000,2.000,0.3390,,0.3390,,기합의띠
카디나르마,스트린더(로우),47,92,2.000,3.000,0.2401,,0.2401,,풍선
카디나르마,펜드라,47,93,1.000,3.000,0.2401,,0.0068,0.2486,기합의띠
카디나르마,화염레오,47,94,2.000,3.000,0.0068,,0.0068,-0.3288,기합의띠
카디나르마,윈디(히스이),47,95,2.000,1.000,-0.6519,,-0.6519,,기합의띠
카디나르마,캥카,47,96,2.000,3.000,0.0068,,-0.3288,-0.3288,타입강화
카디나르마,꿈트렁,47,97,1.000,3.000,0.7068,,0.7068,,자뭉열매
카디나르마,에써르(암컷),47,98,2.000,5.000,0.6780,,0.6780,,없음
카디나르마,후딘,47,99,2.000,2.000,-0.3288,,-0.3288,,기합의띠
카디나르마,드래캄,47,100,2.000,2.000,0.1379,,0.1379,0.1379,생명의구슬
앱솔,보만다,48,1,2.000,2.000,-0.3288,0.1379,-0.3288,-0.3288,구애스카프
앱솔,한카리아스,48,2,2.000,2.000,-0.3288,0.1379,-0.3288,-0.3288,구애스카프
앱솔,누리레느,48,3,3.000,1.000,-0.4448,-0.4311,-0.6781,,자뭉열매
앱솔,갑주무사,48,4,3.000,1.000,-0.4311,0.0714,-0.2642,-0.8977,생명의구슬
앱솔,하마돈,48,5,3.000,2.000,-0.0146,-0.0146,-0.2488,,자뭉열매
앱솔,루카리오,48,6,2.000,1.000,-0.6644,0.3712,-0.6644,-0.6644,기합의띠
앱솔,드닐레이브,48,7,2.000,2.000,-0.3288,0.1379,-0.3288,-0.3288,기합의띠
앱솔,브리두라스,48,8,2.000,2.000,-0.3288,0.1379,-0.5621,,자뭉열매
앱솔,타부자고,48,9,3.000,2.000,-0.5939,-0.0230,-0.5939,,풍선
앱솔,따라큐,48,10,3.000,2.000,-0.5621,-0.0955,-0.8977,,생명의구슬
앱솔,고릴타,48,11,3.000,2.000,-0.5621,-0.0955,-0.8977,,생명의구슬
앱솔,킬가르도,48,12,2.000,1.000,-0.1977,0.1379,-0.4311,,먹다남은음식
앱솔,마스카나,48,13,2.000,2.000,-0.3288,0.1379,-0.3288,,구애스카프
앱솔,갸라도스,48,14,3.000,3.000,-0.2267,0.2400,-0.5621,-0.3288,울퉁불퉁멧
앱솔,아머까오,48,15,5.000,3.000,-0.1108,-0.1108,-0.5621,,울퉁불퉁멧
앱솔,킬라플로르,48,16,3.000,2.000,-0.5621,-0.0955,-0.5621,-0.5621,기합의띠
앱솔,대쓰여너,48,17,2.000,2.000,-0.3288,0.1379,-0.3288,,구애스카프
앱솔,리자몽,48,18,1.000,2.000,-0.1482,0.3712,-0.1482,-0.1482,구애스카프
앱솔,포푸니크,48,19,1.000,1.000,-0.4311,0.7068,-0.4311,,없음
앱솔,개굴닌자,48,20,2.000,2.000,-0.3288,0.3712,-0.3288,-0.3288,기합의띠
앱솔,에이스번,48,21,2.000,1.000,-0.6644,0.1379,-0.6644,,구애스카프
앱솔,알로라 나인테일,48,22,2.000,2.000,-0.3288,0.1379,-0.3288,,없음
앱솔,에써르(수컷),48,23,2.000,2.000,-0.3288,0.3712,-0.3288,,구애스카프
앱솔,워시로토무,48,24,3.000,2.000,-0.5621,-0.0955,-0.7955,,먹다남은음식
앱솔,불카모스,48,25,1.000,2.000,-0.2300,0.5723,-0.3698,,자뭉열매
앱솔,빠르모트,48,26,2.000,1.000,-0.6644,0.1379,-0.6644,,기합의띠
앱솔,라우드본,48,27,3.000,2.000,-0.0841,-0.0841,-0.3175,,자뭉열매
앱솔,삼삼드래,48,28,1.000,2.000,-0.0955,0.3712,-0.0955,,구애스카프
앱솔,메타그로스,48,29,2.000,2.000,0.1379,0.1379,-0.1977,-0.5621,생명의구슬
앱솔,망나뇽,48,30,2.495,2.000,-0.2732,0.1934,-0.2732,-0.5644,없음
앱솔,님피아,48,31,4.000,1.000,-0.7652,-0.5981,-0.8314,,먹다남은음식
앱솔,히트로토무,48,32,2.000,2.000,-0.3288,0.1379,-0.3288,,구애스카프
앱솔,거북왕,48,33,3.000,2.000,-0.5621,-0.0955,-0.5621,-0.7955,없음
앱솔,대도각참,48,34,1.000,2.000,0.3712,0.3712,0.3712,,타입강화
앱솔,팬텀,48,35,2.000,1.000,-0.6644,0.3712,-0.6644,-0.6644,기합의띠
앱솔,마폭시,48,36,2.000,2.000,-0.3288,0.1379,-0.3288,-0.3288,기합의띠
앱솔,엠페르트,48,37,2.000,2.000,0.1767,0.1767,0.1767,,없음
앱솔,번치코,48,38,2.000,1.000,-0.6644,0.1379,-0.6644,-0.8977,생명의구슬
앱솔,대짱이,48,39,3.000,2.000,-0.0955,-0.0955,-0.3288,-0.3288,자뭉열매
앱솔,라이츄,48,40,2.000,2.000,-0.3288,0.1379,-0.3288,-0.6644,구애스카프
앱솔,블래키,48,41,3.000,7.000,0.9943,0.5566,0.9943,,먹다남은음식
앱솔,다크펫,48,42,2.000,3.000,0.4735,0.1379,0.4735,-0.0955,기합의띠
앱솔,더시마사리,48,43,4.000,5.000,0.7574,0.7574,0.4520,,먹다남은음식
앱솔,핫삼,48,44,4.000,2.000,-0.3723,0.0312,-0.3723,-0.8390,울퉁불퉁멧
앱솔,오롱털,48,45,2.000,1.000,-0.1977,-0.1977,-0.1977,,없음
앱솔,픽시,48,46,5.000,2.000,-0.5374,-0.3041,-0.7461,-0.1063,먹다남은음식
앱솔,카디나르마,48,47,2.000,2.000,-0.0955,0.1379,-0.0955,,기합의띠
앱솔,찌리배리,48,49,5.000,3.000,-0.0952,0.1325,-0.2027,,먹다남은음식
앱솔,맘모꾸리,48,50,2.000,2.000,-0.3288,0.1379,-0.3288,,기합의띠
앱솔,파라블레이즈,48,51,2.000,2.000,-0.3288,0.1379,-0.3288,,기합의띠
앱솔,패리퍼,48,52,2.000,2.000,0.1541,0.1914,0.1541,,없음
앱솔,찌르호크,48,53,3.000,2.000,-0.5194,-0.0528,-0.5194,-0.8550,구애스카프
앱솔,대검귀,48,54,2.000,2.000,-0.3288,0.4735,-0.3288,,타입강화
앱솔,마기라스,48,55,1.000,1.000,0.0356,0.3712,0.0356,-0.1977,먹다남은음식
앱솔,이어롭,48,56,2.000,2.000,-0.3288,0.4735,-0.3288,-0.6644,자뭉열매
앱솔,플라엣테,48,57,4.000,1.000,-0.8977,-0.5342,-0.8977,-0.8977,구애스카프
앱솔,배바닐라,48,58,2.000,2.000,-0.3288,0.1379,-0.3288,,타입강화
앱솔,드래펄트,48,59,2.000,2.000,-0.3288,0.1379,-0.3288,,생명의구슬
앱솔,입치트,48,60,4.000,2.000,-0.3288,-0.0955,-0.3288,-0.0955,기합의띠
앱솔,메가니움,48,61,4.000,3.000,-0.4081,0.0585,-0.4081,-0.8263,기합의띠
앱솔,메타몽,48,62,1.000,2.000,0.3712,0.7068,-0.0955,,구애스카프
앱솔,이상해꽃,48,63,3.000,3.000,-0.4188,0.5384,-0.2624,-0.4188,생명의구슬
앱솔,밀로틱,48,64,4.000,3.000,-0.3430,0.1236,-0.5787,,먹다남은음식
앱솔,스코빌런,48,65,2.000,2.000,-0.0955,0.1379,-0.0955,-0.0955,먹다남은음식
앱솔,아쿠스타,48,66,2.000,3.000,0.0068,0.4735,0.0068,0.0068,기합의띠
앱솔,몰드류,48,67,2.000,2.000,-0.3288,0.1379,-0.3288,-0.3288,구애스카프
앱솔,조로아크(히스이),48,68,2.000,2.000,-0.3288,0.7068,-0.3288,,기합의띠
앱솔,미끄래곤(히스이),48,69,2.000,2.000,0.1379,0.1379,0.1379,,먹다남은음식
앱솔,잠만보,48,70,2.000,3.000,0.4735,0.6268,0.4214,,먹다남은음식
앱솔,무장조,48,71,5.000,2.000,-0.4979,-0.1066,-0.7312,-0.7312,자뭉열매
앱솔,클레스퍼트라,48,72,2.000,2.000,-0.3288,0.1379,-0.3288,,기합의띠
앱솔,창파나이트,48,73,2.000,1.000,-0.1977,0.1379,-0.1977,,없음
앱솔,우츠보트,48,74,3.000,3.000,0.2400,0.2400,0.2400,-0.0955,기합의띠
앱솔,가라르야도킹,48,75,2.000,3.000,0.2057,0.7644,0.2057,,먹다남은음식
앱솔,깜까미,48,76,2.000,6.000,0.9498,0.6191,0.9498,0.9469,없음
앱솔,엘풍,48,77,3.000,2.000,-0.5621,-0.0955,-0.5621,,기합의띠
앱솔,저승갓숭,48,78,3.000,1.000,-0.8729,0.8090,-0.8977,,먹다남은음식
앱솔,스트린더(하이),48,79,2.000,2.000,-0.0955,0.4735,-0.0955,,풍선
앱솔,샤미드,48,80,4.000,3.000,0.0977,0.0977,-0.1377,,먹다남은음식
앱솔,사마자르,48,81,2.000,1.000,-0.6644,0.1379,-0.6644,,기합의띠
앱솔,인텔리레온,48,82,3.000,2.000,-0.5621,0.1379,-0.5621,,없음
앱솔,깨비물거미,48,83,2.000,2.000,0.1379,0.5750,0.0672,,자뭉열매
앱솔,가디안,48,84,3.000,1.000,-0.8977,-0.4311,-0.8977,-0.8977,기합의띠
앱솔,왕구리,48,85,3.000,3.000,0.2400,0.2400,0.2400,,없음
앱솔,엘레이드,48,86,2.000,1.000,-0.6531,0.4735,-0.6644,-0.6644,생명의구슬
앱솔,브리무음,48,87,3.000,1.000,-0.3799,-0.2632,-0.3799,,기합의띠
앱솔,눈여아,48,88,2.000,2.000,-0.3288,0.1379,-0.3288,-0.3288,기합의띠
앱솔,어흥염,48,89,3.000,2.000,-0.0955,0.1141,-0.1192,,자뭉열매
앱솔,마릴리,48,90,4.000,2.000,-0.3288,-0.0955,-0.5621,,자뭉열매
앱솔,올리르바,48,91,2.000,2.000,0.1379,0.1379,0.1379,,기합의띠
앱솔,스트린더(로우),48,92,2.000,2.000,-0.0955,0.4735,-0.0955,,풍선
앱솔,펜드라,48,93,2.000,2.000,-0.3288,0.4735,-0.3288,-0.2547,기합의띠
앱솔,화염레오,48,94,2.000,2.000,-0.3288,0.1379,-0.3288,-0.3288,기합의띠
앱솔,윈디(히스이),48,95,2.000,2.000,-0.3288,0.1379,-0.3288,,기합의띠
앱솔,캥카,48,96,2.000,2.000,-0.3288,0.5254,-0.3288,-0.3288,타입강화
앱솔,꿈트렁,48,97,2.000,2.000,0.1256,0.4735,-0.0955,,자뭉열매
앱솔,에써르(암컷),48,98,2.000,2.000,-0.3288,0.1379,-0.3288,,없음
앱솔,후딘,48,99,1.000,1.000,-0.4311,0.3712,-0.6644,,기합의띠
앱솔,드래캄,48,100,3.000,2.000,-0.0955,0.1379,-0.1977,-0.4311,생명의구슬
찌리배리,보만다,49,1,5.000,4.000,-0.6857,,-0.6857,-0.6966,구애스카프
찌리배리,한카리아스,49,2,11.000,2.000,-0.7955,,-0.7955,-0.7063,구애스카프
찌리배리,누리레느,49,3,3.000,4.000,0.1242,,0.0758,,자뭉열매
찌리배리,갑주무사,49,4,2.000,4.000,0.7074,,0.4576,-0.2281,생명의구슬
찌리배리,하마돈,49,5,11.000,3.000,-0.7627,,-0.7627,,자뭉열매
찌리배리,루카리오,49,6,4.000,3.000,-0.4025,,-0.4025,-0.7801,기합의띠
찌리배리,드닐레이브,49,7,9.000,3.000,-0.7063,,-0.7063,-0.7063,기합의띠
찌리배리,브리두라스,49,8,5.000,3.000,-0.6890,,-0.7063,,자뭉열매
찌리배리,타부자고,49,9,6.000,5.000,-0.5714,,-0.5714,,풍선
찌리배리,따라큐,49,10,4.000,5.000,-0.1364,,-0.3805,,생명의구슬
찌리배리,고릴타,49,11,6.000,3.000,-0.6999,,-0.7063,,생명의구슬
찌리배리,킬가르도,49,12,5.000,3.000,-0.5053,,-0.6999,,먹다남은음식
찌리배리,마스카나,49,13,6.000,4.000,-0.6843,,-0.6843,,구애스카프
찌리배리,갸라도스,49,14,2.000,3.000,0.0000,,0.0000,-0.2334,울퉁불퉁멧
찌리배리,아머까오,49,15,3.000,11.000,0.9932,,0.9888,,울퉁불퉁멧
찌리배리,킬라플로르,49,16,3.000,3.000,-0.2334,,-0.2334,-0.2334,기합의띠
찌리배리,대쓰여너,49,17,3.000,3.000,-0.2334,,-0.2334,,구애스카프
찌리배리,리자몽,49,18,3.000,4.000,0.0787,,0.0787,-0.2187,구애스카프
찌리배리,포푸니크,49,19,4.000,3.000,-0.4468,,-0.4468,,없음
찌리배리,개굴닌자,49,20,2.000,4.000,0.3202,,0.3202,0.0068,기합의띠
찌리배리,에이스번,49,21,4.000,3.000,-0.4468,,-0.4468,,구애스카프
찌리배리,알로라 나인테일,49,22,4.000,5.000,-0.1745,,-0.1745,,없음
찌리배리,에써르(수컷),49,23,4.000,5.000,0.1107,,0.1107,,구애스카프
찌리배리,워시로토무,49,24,4.000,4.000,-0.1681,,-0.4363,,먹다남은음식
찌리배리,불카모스,49,25,6.000,5.000,-0.5823,,-0.6937,,자뭉열매
찌리배리,빠르모트,49,26,4.000,4.000,-0.1681,,-0.1681,,기합의띠
찌리배리,라우드본,49,27,6.000,4.000,-0.4761,,-0.6991,,자뭉열매
찌리배리,삼삼드래,49,28,9.000,3.000,-0.7063,,-0.7063,,구애스카프
찌리배리,메타그로스,49,29,4.000,3.000,-0.4689,,-0.7801,-0.7044,생명의구슬
찌리배리,망나뇽,49,30,6.495,3.000,-0.7027,,-0.7027,-0.7031,없음
찌리배리,님피아,49,31,7.000,3.000,-0.7018,,-0.7018,,먹다남은음식
찌리배리,히트로토무,49,32,8.000,3.000,-0.7000,,-0.7000,,구애스카프
찌리배리,거북왕,49,33,3.000,3.000,-0.2113,,-0.2113,-0.2334,없음
찌리배리,대도각참,49,34,5.000,4.000,-0.3352,,-0.5814,,타입강화
찌리배리,팬텀,49,35,4.000,4.000,-0.1681,,-0.1681,-0.4468,기합의띠
찌리배리,마폭시,49,36,5.000,3.000,-0.6890,,-0.6890,-0.7044,기합의띠
찌리배리,엠페르트,49,37,3.000,4.000,0.1038,,0.1038,,없음
찌리배리,번치코,49,38,4.000,3.000,-0.4689,,-0.4689,-0.4689,생명의구슬
찌리배리,대짱이,49,39,11.000,2.000,-0.7955,,-0.7955,-0.7955,자뭉열매
찌리배리,라이츄,49,40,4.000,6.000,0.2806,,0.2806,-0.2310,구애스카프
찌리배리,블래키,49,41,8.000,8.000,-0.2326,,-0.7000,,먹다남은음식
찌리배리,다크펫,49,42,3.000,4.000,0.0846,,0.0846,-0.4689,기합의띠
찌리배리,더시마사리,49,43,4.000,9.000,0.8977,,0.8977,,먹다남은음식
찌리배리,핫삼,49,44,5.000,5.000,-0.2928,,-0.2928,-0.5456,울퉁불퉁멧
찌리배리,오롱털,49,45,4.000,4.000,-0.1681,,-0.1681,,없음
찌리배리,픽시,49,46,6.000,6.000,-0.1147,,-0.6732,0.1292,먹다남은음식
찌리배리,카디나르마,49,47,4.000,3.000,-0.4468,,-0.4468,,기합의띠
찌리배리,앱솔,49,48,3.000,5.000,0.2474,,0.2474,-0.0746,없음
찌리배리,맘모꾸리,49,50,9.000,2.000,-0.7955,,-0.7955,,기합의띠
찌리배리,파라블레이즈,49,51,5.000,4.000,-0.5828,,-0.5828,,기합의띠
찌리배리,패리퍼,49,52,1.000,4.000,0.6203,,0.6203,,없음
찌리배리,찌르호크,49,53,3.000,5.000,0.4127,,0.4127,0.0390,구애스카프
찌리배리,대검귀,49,54,2.000,6.000,0.9566,,0.6558,,타입강화
찌리배리,마기라스,49,55,5.000,3.000,-0.7044,,-0.7063,-0.7063,먹다남은음식
찌리배리,이어롭,49,56,4.000,4.000,-0.2652,,-0.5220,-0.4689,자뭉열매
찌리배리,플라엣테,49,57,6.000,3.000,-0.7024,,-0.7024,-0.7035,구애스카프
찌리배리,배바닐라,49,58,4.000,4.000,-0.1681,,-0.4689,,타입강화
찌리배리,드래펄트,49,59,5.000,3.000,-0.4363,,-0.6890,,생명의구슬
찌리배리,입치트,49,60,3.000,6.000,0.4007,,0.4007,-0.0335,기합의띠
찌리배리,메가니움,49,61,9.000,5.000,-0.7000,,-0.7000,-0.6195,기합의띠
찌리배리,메타몽,49,62,3.000,9.000,0.9724,,0.9724,,구애스카프
찌리배리,이상해꽃,49,63,11.000,5.000,-0.7000,,-0.7022,-0.7000,생명의구슬
찌리배리,밀로틱,49,64,4.000,7.000,0.8798,,0.5664,,먹다남은음식
찌리배리,스코빌런,49,65,6.000,4.000,-0.6838,,-0.6999,-0.7063,먹다남은음식
찌리배리,아쿠스타,49,66,2.000,6.000,0.9788,,0.9788,0.6558,기합의띠
찌리배리,몰드류,49,67,5.000,2.000,-0.7955,,-0.7955,-0.7955,구애스카프
찌리배리,조로아크(히스이),49,68,3.000,4.000,0.1000,,0.1000,,기합의띠
찌리배리,미끄래곤(히스이),49,69,7.000,3.000,-0.6999,,-0.7000,,먹다남은음식
찌리배리,잠만보,49,70,7.000,4.000,-0.6762,,-0.7000,,먹다남은음식
찌리배리,무장조,49,71,2.000,6.000,0.7993,,0.7993,0.3409,자뭉열매
찌리배리,클레스퍼트라,49,72,4.000,5.000,0.1327,,0.1327,,기합의띠
찌리배리,창파나이트,49,73,4.000,2.000,-0.4689,,-0.4689,,없음
찌리배리,우츠보트,49,74,8.000,5.000,-0.7000,,-0.7000,-0.7000,기합의띠
찌리배리,가라르야도킹,49,75,7.000,5.000,-0.0222,,-0.6794,,먹다남은음식
찌리배리,깜까미,49,76,4.000,6.000,0.7974,,0.7974,0.5456,없음
찌리배리,엘풍,49,77,3.000,5.000,0.4334,,0.4334,,기합의띠
찌리배리,저승갓숭,49,78,6.000,4.000,-0.6579,,-0.6999,,먹다남은음식
찌리배리,스트린더(하이),49,79,2.000,4.000,0.1000,,-0.1681,,풍선
찌리배리,샤미드,49,80,4.000,6.000,0.3921,,0.0807,,먹다남은음식
찌리배리,사마자르,49,81,4.000,5.000,0.1107,,0.1107,,기합의띠
찌리배리,인텔리레온,49,82,2.000,4.000,0.3202,,0.3202,,없음
찌리배리,깨비물거미,49,83,3.000,7.000,0.9878,,0.9586,,자뭉열매
찌리배리,가디안,49,84,5.000,4.000,-0.4363,,-0.4363,-0.7044,기합의띠
찌리배리,왕구리,49,85,3.000,4.000,0.1000,,0.1000,,없음
찌리배리,엘레이드,49,86,5.000,3.000,-0.6954,,-0.4769,-0.7044,생명의구슬
찌리배리,브리무음,49,87,4.000,4.000,0.1645,,0.1645,,기합의띠
찌리배리,눈여아,49,88,4.000,5.000,0.0767,,0.0767,-0.6669,기합의띠
찌리배리,어흥염,49,89,5.000,4.000,-0.4223,,-0.6859,,자뭉열매
찌리배리,마릴리,49,90,2.000,7.000,0.3334,,0.3334,,자뭉열매
찌리배리,올리르바,49,91,8.000,4.000,-0.6938,,-0.6938,,기합의띠
찌리배리,스트린더(로우),49,92,2.000,4.000,0.1000,,-0.1681,,풍선
찌리배리,펜드라,49,93,4.000,4.000,-0.3539,,-0.3539,-0.5927,기합의띠
찌리배리,화염레오,49,94,4.000,3.000,-0.4468,,-0.4468,-0.4689,기합의띠
찌리배리,윈디(히스이),49,95,3.000,3.000,-0.2310,,-0.2310,,기합의띠
찌리배리,캥카,49,96,5.000,4.000,-0.4231,,-0.6880,-0.7013,타입강화
찌리배리,꿈트렁,49,97,3.000,4.000,0.0860,,-0.1813,,자뭉열매
찌리배리,에써르(암컷),49,98,4.000,5.000,0.1327,,0.1327,,없음
찌리배리,후딘,49,99,3.000,4.000,-0.2817,,-0.2817,,기합의띠
찌리배리,드래캄,49,100,6.000,3.000,-0.4576,,-0.5468,-0.7801,생명의구슬
맘모꾸리,보만다,50,1,2.000,3.000,-0.0238,,-0.0238,-0.0238,구애스카프
맘모꾸리,한카리아스,50,2,1.000,2.000,-0.0955,,-0.0955,-0.3288,구애스카프
맘모꾸리,누리레느,50,3,2.000,2.000,0.1097,,-0.0955,,자뭉열매
맘모꾸리,갑주무사,50,4,3.000,2.000,-0.0955,,0.0714,-0.3288,생명의구슬
맘모꾸리,하마돈,50,5,2.000,3.000,0.5101,,0.3623,,자뭉열매
맘모꾸리,루카리오,50,6,1.000,1.000,-0.4311,,-0.6644,-0.4311,기합의띠
맘모꾸리,드닐레이브,50,7,2.000,2.000,-0.3288,,-0.3288,-0.5621,기합의띠
맘모꾸리,브리두라스,50,8,2.000,2.000,-0.3288,,-0.3288,,자뭉열매
맘모꾸리,타부자고,50,9,2.000,2.000,-0.4330,,-0.6663,,풍선
맘모꾸리,따라큐,50,10,2.000,2.000,-0.3039,,-0.3288,,생명의구슬
맘모꾸리,고릴타,50,11,2.000,2.000,-0.3288,,-0.6644,,생명의구슬
맘모꾸리,킬가르도,50,12,2.000,1.000,-0.1977,,-0.1977,,먹다남은음식
맘모꾸리,마스카나,50,13,2.000,2.000,-0.3288,,-0.3288,,구애스카프
맘모꾸리,갸라도스,50,14,3.000,2.000,-0.5621,,-0.5621,-0.5621,울퉁불퉁멧
맘모꾸리,아머까오,50,15,5.000,3.000,-0.2313,,-0.5621,,울퉁불퉁멧
맘모꾸리,킬라플로르,50,16,1.000,2.000,-0.0955,,-0.3288,-0.0955,기합의띠
맘모꾸리,대쓰여너,50,17,3.000,1.000,-0.4311,,-0.8977,,구애스카프
맘모꾸리,리자몽,50,18,1.000,2.000,-0.1482,,-0.1482,-0.4080,구애스카프
맘모꾸리,포푸니크,50,19,1.000,1.000,-0.4311,,-0.4311,,없음
맘모꾸리,개굴닌자,50,20,2.000,2.000,-0.3288,,-0.3288,-0.6644,기합의띠
맘모꾸리,에이스번,50,21,1.000,1.000,-0.4311,,-0.4311,,구애스카프
맘모꾸리,알로라 나인테일,50,22,2.000,3.000,0.0068,,0.0068,,없음
맘모꾸리,에써르(수컷),50,23,2.000,2.000,-0.3288,,-0.3288,,구애스카프
맘모꾸리,워시로토무,50,24,4.000,2.000,-0.7955,,-0.7955,,먹다남은음식
맘모꾸리,불카모스,50,25,1.000,2.000,0.1056,,-0.0342,,자뭉열매
맘모꾸리,빠르모트,50,26,1.000,2.000,-0.0955,,-0.3288,,기합의띠
맘모꾸리,라우드본,50,27,2.000,2.000,0.1379,,-0.0841,,자뭉열매
맘모꾸리,삼삼드래,50,28,2.000,2.000,-0.3288,,-0.3288,,구애스카프
맘모꾸리,메타그로스,50,29,2.000,2.000,0.1379,,-0.1977,-0.3288,생명의구슬
맘모꾸리,망나뇽,50,30,1.495,3.000,0.1934,,0.1934,-0.1600,없음
맘모꾸리,님피아,50,31,3.000,2.000,-0.0292,,-0.2625,,먹다남은음식
맘모꾸리,히트로토무,50,32,2.000,2.000,-0.3288,,-0.3288,,구애스카프
맘모꾸리,거북왕,50,33,3.000,1.000,-0.4311,,-0.4311,-0.4311,없음
맘모꾸리,대도각참,50,34,2.000,2.000,0.1379,,0.1379,,타입강화
맘모꾸리,팬텀,50,35,1.000,2.000,-0.0955,,-0.3288,-0.0955,기합의띠
맘모꾸리,마폭시,50,36,1.000,2.000,-0.0955,,-0.3288,-0.6644,기합의띠
맘모꾸리,엠페르트,50,37,2.000,2.000,0.1379,,0.1379,,없음
맘모꾸리,번치코,50,38,1.000,1.000,-0.1977,,-0.1977,-0.6644,생명의구슬
맘모꾸리,대짱이,50,39,3.000,2.000,-0.0955,,-0.0955,-0.4311,자뭉열매
맘모꾸리,라이츄,50,40,1.000,2.000,-0.0955,,-0.0955,-0.0955,구애스카프
맘모꾸리,블래키,50,41,4.000,5.000,0.8379,,0.5132,,먹다남은음식
맘모꾸리,다크펫,50,42,2.000,3.000,0.4735,,0.4735,0.1379,기합의띠
맘모꾸리,더시마사리,50,43,2.000,4.000,0.8090,,0.8090,,먹다남은음식
맘모꾸리,핫삼,50,44,3.000,2.000,-0.0381,,-0.2296,-0.2296,울퉁불퉁멧
맘모꾸리,오롱털,50,45,2.000,3.000,0.4735,,0.4735,,없음
맘모꾸리,픽시,50,46,3.000,4.000,0.5380,,0.2961,0.4735,먹다남은음식
맘모꾸리,카디나르마,50,47,2.000,2.000,0.1379,,0.1379,,기합의띠
맘모꾸리,앱솔,50,48,2.000,2.000,0.1379,,0.1379,-0.3288,없음
맘모꾸리,찌리배리,50,49,2.000,9.000,1.0000,,1.0000,,먹다남은음식
맘모꾸리,파라블레이즈,50,51,1.000,2.000,-0.0955,,-0.3288,,기합의띠
맘모꾸리,패리퍼,50,52,2.000,2.000,0.1007,,0.1007,,없음
맘모꾸리,찌르호크,50,53,3.000,3.000,-0.2454,,-0.2454,-0.3902,구애스카프
맘모꾸리,대검귀,50,54,3.000,2.000,-0.5621,,-0.5621,,타입강화
맘모꾸리,마기라스,50,55,2.000,2.000,0.1379,,0.1379,0.1379,먹다남은음식
맘모꾸리,이어롭,50,56,2.000,2.000,-0.3288,,-0.5621,-0.8977,자뭉열매
맘모꾸리,플라엣테,50,57,3.000,2.000,-0.2837,,-0.2837,-0.5621,구애스카프
맘모꾸리,배바닐라,50,58,2.000,3.000,0.4735,,0.4735,,타입강화
맘모꾸리,드래펄트,50,59,2.000,2.000,-0.3288,,-0.3288,,생명의구슬
맘모꾸리,입치트,50,60,2.000,2.000,0.1379,,0.1379,0.1379,기합의띠
맘모꾸리,메가니움,50,61,2.000,2.000,-0.0955,,-0.0955,-0.3596,기합의띠
맘모꾸리,메타몽,50,62,2.000,4.000,0.8090,,0.3424,,구애스카프
맘모꾸리,이상해꽃,50,63,2.000,2.000,0.1228,,-0.0955,-0.4806,생명의구슬
맘모꾸리,밀로틱,50,64,3.000,3.000,-0.2286,,-0.4629,,먹다남은음식
맘모꾸리,스코빌런,50,65,2.000,1.000,-0.1977,,-0.1977,-0.1977,먹다남은음식
맘모꾸리,아쿠스타,50,66,2.000,2.000,-0.3288,,-0.3288,-0.5621,기합의띠
맘모꾸리,몰드류,50,67,1.000,2.000,-0.0955,,-0.0955,-0.3288,구애스카프
맘모꾸리,조로아크(히스이),50,68,2.000,2.000,-0.3288,,-0.3288,,기합의띠
맘모꾸리,미끄래곤(히스이),50,69,2.000,2.000,0.1379,,0.1379,,먹다남은음식
맘모꾸리,잠만보,50,70,3.000,3.000,0.2400,,0.0043,,먹다남은음식
맘모꾸리,무장조,50,71,4.000,3.000,-0.2582,,-0.4287,-0.7312,자뭉열매
맘모꾸리,클레스퍼트라,50,72,2.000,2.000,-0.3288,,-0.3288,,기합의띠
맘모꾸리,창파나이트,50,73,3.000,1.000,-0.4311,,-0.4311,,없음
맘모꾸리,우츠보트,50,74,2.000,2.000,0.1379,,0.1379,0.1379,기합의띠
맘모꾸리,가라르야도킹,50,75,2.000,4.000,0.6964,,0.6964,,먹다남은음식
맘모꾸리,깜까미,50,76,2.000,4.000,0.8514,,0.8514,0.5854,없음
맘모꾸리,엘풍,50,77,2.000,2.000,-0.3288,,-0.3288,,기합의띠
맘모꾸리,저승갓숭,50,78,3.000,2.000,-0.5621,,-0.7707,,먹다남은음식
맘모꾸리,스트린더(하이),50,79,1.000,3.000,0.7068,,0.4735,,풍선
맘모꾸리,샤미드,50,80,3.000,2.000,-0.3000,,-0.3000,,먹다남은음식
맘모꾸리,사마자르,50,81,2.000,2.000,-0.3288,,-0.3288,,기합의띠
맘모꾸리,인텔리레온,50,82,2.000,2.000,-0.3288,,-0.3288,,없음
맘모꾸리,깨비물거미,50,83,2.000,2.000,0.2394,,0.1688,,자뭉열매
맘모꾸리,가디안,50,84,2.000,3.000,0.2401,,0.2401,-0.3288,기합의띠
맘모꾸리,왕구리,50,85,3.000,2.000,-0.0955,,-0.0955,,없음
맘모꾸리,엘레이드,50,86,2.000,2.000,-0.0955,,-0.0955,-0.5621,생명의구슬
맘모꾸리,브리무음,50,87,3.000,3.000,0.1889,,0.1889,,기합의띠
맘모꾸리,눈여아,50,88,2.000,4.000,0.3424,,0.3424,0.0068,기합의띠
맘모꾸리,어흥염,50,89,2.000,2.000,0.1379,,-0.0955,,자뭉열매
맘모꾸리,마릴리,50,90,3.000,3.000,0.0394,,0.0394,,자뭉열매
맘모꾸리,올리르바,50,91,2.000,2.000,0.1379,,0.1379,,기합의띠
맘모꾸리,스트린더(로우),50,92,1.000,3.000,0.7068,,0.4735,,풍선
맘모꾸리,펜드라,50,93,2.000,4.000,0.3424,,0.3424,0.2984,기합의띠
맘모꾸리,화염레오,50,94,1.000,2.000,-0.0955,,-0.3288,-0.3288,기합의띠
맘모꾸리,윈디(히스이),50,95,1.000,2.000,-0.0830,,-0.3163,,기합의띠
맘모꾸리,캥카,50,96,3.000,3.000,-0.2267,,-0.5621,-0.5621,타입강화
맘모꾸리,꿈트렁,50,97,7.000,2.000,-0.7955,,-0.7955,,자뭉열매
맘모꾸리,에써르(암컷),50,98,2.000,3.000,0.0068,,0.0068,,없음
맘모꾸리,후딘,50,99,2.000,2.000,-0.3288,,-0.3288,,기합의띠
맘모꾸리,드래캄,50,100,1.000,2.000,0.3712,,0.3712,0.1379,생명의구슬
파라블레이즈,보만다,51,1,4.000,2.000,-0.5487,,-0.5487,-0.7256,구애스카프
파라블레이즈,한카리아스,51,2,3.000,1.000,-0.8977,,-0.8977,-0.5621,구애스카프
파라블레이즈,누리레느,51,3,2.000,2.000,0.1097,,-0.0955,,자뭉열매
파라블레이즈,갑주무사,51,4,3.000,2.000,-0.0229,,-0.0955,0.3048,생명의구슬
파라블레이즈,하마돈,51,5,4.000,2.000,-0.1812,,-0.4145,,자뭉열매
파라블레이즈,루카리오,51,6,1.000,3.000,0.2401,,0.0068,-0.3288,기합의띠
파라블레이즈,드닐레이브,51,7,2.000,2.000,-0.3288,,-0.3288,-0.3288,기합의띠
파라블레이즈,브리두라스,51,8,2.000,2.000,-0.0955,,-0.3288,,자뭉열매
파라블레이즈,타부자고,51,9,2.000,2.000,0.1379,,0.1379,,풍선
파라블레이즈,따라큐,51,10,1.000,2.000,-0.0955,,-0.0955,,생명의구슬
파라블레이즈,고릴타,51,11,2.000,2.000,-0.0955,,-0.0955,,생명의구슬
파라블레이즈,킬가르도,51,12,2.000,1.000,-0.1977,,-0.1977,,먹다남은음식
파라블레이즈,마스카나,51,13,2.000,2.000,-0.3288,,-0.3288,,구애스카프
파라블레이즈,갸라도스,51,14,3.000,2.000,-0.0955,,-0.0955,0.1379,울퉁불퉁멧
파라블레이즈,아머까오,51,15,3.000,4.000,0.5732,,0.2400,,울퉁불퉁멧
파라블레이즈,킬라플로르,51,16,3.000,2.000,-0.5621,,-0.5621,-0.8977,기합의띠
파라블레이즈,대쓰여너,51,17,2.000,1.000,-0.1977,,-0.6644,,구애스카프
파라블레이즈,리자몽,51,18,3.000,4.000,0.3644,,0.3644,0.0293,구애스카프
파라블레이즈,포푸니크,51,19,2.000,2.000,-0.3288,,-0.3288,,없음
파라블레이즈,개굴닌자,51,20,2.000,2.000,-0.3288,,-0.3288,-0.3288,기합의띠
파라블레이즈,에이스번,51,21,2.000,2.000,-0.3288,,-0.3288,,구애스카프
파라블레이즈,알로라 나인테일,51,22,2.000,3.000,0.0068,,0.0068,,없음
파라블레이즈,에써르(수컷),51,23,2.000,3.000,0.0068,,0.0068,,구애스카프
파라블레이즈,워시로토무,51,24,2.000,2.000,-0.3288,,-0.5621,,먹다남은음식
파라블레이즈,불카모스,51,25,3.000,5.000,0.4030,,0.3085,,자뭉열매
파라블레이즈,빠르모트,51,26,2.000,2.000,-0.3288,,-0.3288,,기합의띠
파라블레이즈,라우드본,51,27,2.000,3.000,0.4571,,0.2350,,자뭉열매
파라블레이즈,삼삼드래,51,28,2.000,2.000,-0.3288,,-0.3288,,구애스카프
파라블레이즈,메타그로스,51,29,2.000,2.000,0.1379,,0.1379,-0.3288,생명의구슬
파라블레이즈,망나뇽,51,30,3.495,2.000,-0.0816,,-0.0816,-0.5495,없음
파라블레이즈,님피아,51,31,3.000,3.000,0.5449,,0.5222,,먹다남은음식
파라블레이즈,히트로토무,51,32,2.000,3.000,0.0068,,0.0068,,구애스카프
파라블레이즈,거북왕,51,33,3.000,1.000,-0.4311,,-0.4311,-0.4311,없음
파라블레이즈,대도각참,51,34,1.000,2.000,0.3712,,0.0356,,타입강화
파라블레이즈,팬텀,51,35,1.000,2.000,-0.0955,,-0.3288,-0.0955,기합의띠
파라블레이즈,마폭시,51,36,1.000,3.000,0.2401,,0.0068,0.2401,기합의띠
파라블레이즈,엠페르트,51,37,2.000,2.000,0.1379,,0.1379,,없음
파라블레이즈,번치코,51,38,2.000,2.000,0.1379,,0.1379,-0.3288,생명의구슬
파라블레이즈,대짱이,51,39,3.000,1.000,-0.4311,,-0.4311,-0.4311,자뭉열매
파라블레이즈,라이츄,51,40,2.000,3.000,0.0068,,0.0068,-0.3288,구애스카프
파라블레이즈,블래키,51,41,3.000,3.000,0.2229,,0.2229,,먹다남은음식
파라블레이즈,다크펫,51,42,1.000,1.000,0.0356,,-0.1977,0.0356,기합의띠
파라블레이즈,더시마사리,51,43,4.000,3.000,0.1594,,0.0789,,먹다남은음식
파라블레이즈,핫삼,51,44,1.000,3.000,0.7656,,0.5641,0.5727,울퉁불퉁멧
파라블레이즈,오롱털,51,45,3.000,2.000,-0.0955,,-0.0955,,없음
파라블레이즈,픽시,51,46,3.000,8.000,0.9939,,0.9594,0.9528,먹다남은음식
파라블레이즈,카디나르마,51,47,2.000,3.000,0.4735,,0.4735,,기합의띠
파라블레이즈,앱솔,51,48,2.000,2.000,0.1379,,0.1379,-0.3288,없음
파라블레이즈,찌리배리,51,49,4.000,5.000,0.7651,,0.7651,,먹다남은음식
파라블레이즈,맘모꾸리,51,50,2.000,1.000,-0.1977,,-0.1977,,기합의띠
파라블레이즈,패리퍼,51,52,3.000,2.000,0.1007,,0.1007,,없음
파라블레이즈,찌르호크,51,53,5.000,3.000,-0.5891,,-0.5891,-0.3539,구애스카프
파라블레이즈,대검귀,51,54,2.000,2.000,-0.0955,,-0.0955,,타입강화
파라블레이즈,마기라스,51,55,1.000,1.000,0.0356,,0.0356,-0.1977,먹다남은음식
파라블레이즈,이어롭,51,56,2.000,6.000,1.0000,,1.0000,0.3424,자뭉열매
파라블레이즈,플라엣테,51,57,2.000,4.000,0.3855,,0.3855,0.0687,구애스카프
파라블레이즈,배바닐라,51,58,2.000,5.000,0.9113,,0.8090,,타입강화
파라블레이즈,드래펄트,51,59,1.000,2.000,-0.0955,,-0.4311,,생명의구슬
파라블레이즈,입치트,51,60,2.000,3.000,0.4735,,0.4735,0.4735,기합의띠
파라블레이즈,메가니움,51,61,2.000,4.000,0.7080,,0.7080,0.2092,기합의띠
파라블레이즈,메타몽,51,62,1.000,2.000,0.3712,,-0.0955,,구애스카프
파라블레이즈,이상해꽃,51,63,2.000,3.000,0.6918,,0.3562,0.0703,생명의구슬
파라블레이즈,밀로틱,51,64,3.000,3.000,0.2381,,0.1580,,먹다남은음식
파라블레이즈,스코빌런,51,65,2.000,5.000,0.8823,,0.8823,0.6401,먹다남은음식
파라블레이즈,아쿠스타,51,66,1.000,2.000,-0.0955,,-0.3288,-0.0955,기합의띠
파라블레이즈,몰드류,51,67,2.000,1.000,-0.6644,,-0.6644,-0.6644,구애스카프
파라블레이즈,조로아크(히스이),51,68,2.000,2.000,-0.3288,,-0.3288,,기합의띠
파라블레이즈,미끄래곤(히스이),51,69,2.000,2.000,0.1379,,0.1379,,먹다남은음식
파라블레이즈,잠만보,51,70,2.000,2.000,0.1379,,0.0312,,먹다남은음식
파라블레이즈,무장조,51,71,2.000,3.000,0.4801,,0.4801,-0.0856,자뭉열매
파라블레이즈,클레스퍼트라,51,72,1.000,3.000,0.2401,,0.0068,,기합의띠
파라블레이즈,창파나이트,51,73,2.000,3.000,0.4735,,0.4735,,없음
파라블레이즈,우츠보트,51,74,2.000,3.000,0.4735,,0.4735,0.4735,기합의띠
파라블레이즈,가라르야도킹,51,75,2.000,4.000,0.6964,,0.6964,,먹다남은음식
파라블레이즈,깜까미,51,76,2.000,2.000,0.1822,,0.1822,-0.0955,없음
파라블레이즈,엘풍,51,77,2.000,7.000,1.0000,,1.0000,,기합의띠
파라블레이즈,저승갓숭,51,78,2.000,3.000,0.0068,,0.0068,,먹다남은음식
파라블레이즈,스트린더(하이),51,79,2.000,3.000,0.4735,,0.4735,,풍선
파라블레이즈,샤미드,51,80,3.000,2.000,-0.0955,,-0.3000,,먹다남은음식
파라블레이즈,사마자르,51,81,2.000,2.000,-0.0955,,-0.0955,,기합의띠
파라블레이즈,인텔리레온,51,82,2.000,2.000,-0.3288,,-0.3288,,없음
파라블레이즈,깨비물거미,51,83,2.000,2.000,0.0672,,-0.0955,,자뭉열매
파라블레이즈,가디안,51,84,1.000,3.000,0.7068,,0.4735,0.2401,기합의띠
파라블레이즈,왕구리,51,85,2.000,2.000,0.1379,,0.1379,,없음
파라블레이즈,엘레이드,51,86,1.000,2.000,0.3712,,0.3712,-0.1033,생명의구슬
파라블레이즈,브리무음,51,87,1.000,3.000,0.5901,,0.4735,,기합의띠
파라블레이즈,눈여아,51,88,1.000,2.000,-0.0955,,-0.3288,-0.0955,기합의띠
파라블레이즈,어흥염,51,89,3.000,2.000,-0.0955,,-0.1192,,자뭉열매
파라블레이즈,마릴리,51,90,3.000,3.000,0.0394,,0.0394,,자뭉열매
파라블레이즈,올리르바,51,91,2.000,3.000,0.3390,,0.3390,,기합의띠
파라블레이즈,스트린더(로우),51,92,2.000,4.000,0.8090,,0.8090,,풍선
파라블레이즈,펜드라,51,93,2.000,2.000,-0.3288,,-0.3288,0.1379,기합의띠
파라블레이즈,화염레오,51,94,2.000,3.000,0.0068,,0.0068,0.0068,기합의띠
파라블레이즈,윈디(히스이),51,95,2.000,1.000,-0.6606,,-0.6606,,기합의띠
파라블레이즈,캥카,51,96,2.000,2.000,-0.3288,,-0.3288,-0.3288,타입강화
파라블레이즈,꿈트렁,51,97,2.000,2.000,0.1554,,0.1432,,자뭉열매
파라블레이즈,에써르(암컷),51,98,2.000,4.000,0.5757,,0.5757,,없음
파라블레이즈,후딘,51,99,1.000,3.000,0.2401,,0.0068,,기합의띠
파라블레이즈,드래캄,51,100,2.000,2.000,0.1379,,0.1379,-0.0955,생명의구슬
패리퍼,보만다,52,1,2.000,2.000,-0.1038,,-0.1038,-0.3174,구애스카프
패리퍼,한카리아스,52,2,2.000,2.000,-0.2753,,-0.2753,-0.5993,구애스카프
패리퍼,누리레느,52,3,4.000,2.000,-0.1070,,-0.3409,,자뭉열매
패리퍼,갑주무사,52,4,2.000,5.000,0.9254,,0.8294,0.5103,생명의구슬
패리퍼,하마돈,52,5,2.000,4.000,0.8617,,0.8538,,자뭉열매
패리퍼,루카리오,52,6,3.000,3.000,-0.0220,,-0.0220,-0.3125,기합의띠
패리퍼,드닐레이브,52,7,3.000,2.000,-0.5993,,-0.5993,-0.8814,기합의띠
패리퍼,브리두라스,52,8,5.000,1.000,-0.8977,,-0.8977,,자뭉열매
패리퍼,타부자고,52,9,4.000,1.000,-0.8865,,-0.8865,,풍선
패리퍼,따라큐,52,10,3.000,4.000,-0.2056,,-0.2209,,생명의구슬
패리퍼,고릴타,52,11,2.000,2.000,-0.2753,,-0.3288,,생명의구슬
패리퍼,킬가르도,52,12,3.000,2.000,-0.1171,,-0.3508,,먹다남은음식
패리퍼,마스카나,52,13,2.000,1.000,-0.6109,,-0.6109,,구애스카프
패리퍼,갸라도스,52,14,3.000,3.000,-0.2598,,-0.2598,-0.4579,울퉁불퉁멧
패리퍼,아머까오,52,15,4.000,4.000,-0.2228,,-0.4737,,울퉁불퉁멧
패리퍼,킬라플로르,52,16,2.000,2.000,-0.3288,,-0.3288,-0.6644,기합의띠
패리퍼,대쓰여너,52,17,3.000,2.000,-0.5993,,-0.5993,,구애스카프
패리퍼,리자몽,52,18,2.000,2.000,-0.3251,,-0.3251,-0.3539,구애스카프
패리퍼,포푸니크,52,19,2.000,3.000,0.0068,,0.0068,,없음
패리퍼,개굴닌자,52,20,3.000,3.000,-0.2267,,-0.2267,-0.5462,기합의띠
패리퍼,에이스번,52,21,2.000,2.000,-0.2753,,-0.2753,,구애스카프
패리퍼,알로라 나인테일,52,22,3.000,3.000,-0.2643,,-0.2643,,없음
패리퍼,에써르(수컷),52,23,3.000,3.000,-0.2643,,-0.2643,,구애스카프
패리퍼,워시로토무,52,24,5.000,1.000,-0.8977,,-0.8977,,먹다남은음식
패리퍼,불카모스,52,25,2.000,4.000,0.2390,,0.0759,,자뭉열매
패리퍼,빠르모트,52,26,2.000,1.000,-0.7016,,-0.7016,,기합의띠
패리퍼,라우드본,52,27,2.000,4.000,0.3434,,0.1067,,자뭉열매
패리퍼,삼삼드래,52,28,3.000,2.000,-0.5993,,-0.5993,,구애스카프
패리퍼,메타그로스,52,29,3.000,2.000,-0.8814,,-0.8814,-0.8814,생명의구슬
패리퍼,망나뇽,52,30,2.495,2.000,-0.6016,,-0.6016,-0.8319,없음
패리퍼,님피아,52,31,5.000,2.000,-0.5222,,-0.7289,,먹다남은음식
패리퍼,히트로토무,52,32,2.000,1.000,-0.6644,,-0.6644,,구애스카프
패리퍼,거북왕,52,33,3.000,4.000,-0.2130,,-0.2130,-0.2986,없음
패리퍼,대도각참,52,34,3.000,3.000,0.2189,,-0.0796,,타입강화
패리퍼,팬텀,52,35,3.000,2.000,-0.3125,,-0.3125,-0.5993,기합의띠
패리퍼,마폭시,52,36,2.000,3.000,0.0068,,0.0068,-0.3125,기합의띠
패리퍼,엠페르트,52,37,6.000,4.000,-0.2975,,-0.2975,,없음
패리퍼,번치코,52,38,2.000,2.000,-0.3288,,-0.4148,-0.6109,생명의구슬
패리퍼,대짱이,52,39,3.000,5.000,0.6239,,0.3430,-0.1650,자뭉열매
패리퍼,라이츄,52,40,3.000,1.000,-0.8977,,-0.8977,-0.8977,구애스카프
패리퍼,블래키,52,41,5.000,5.000,0.0551,,-0.2970,,먹다남은음식
패리퍼,다크펫,52,42,2.000,3.000,0.2029,,0.2029,-0.5462,기합의띠
패리퍼,더시마사리,52,43,5.000,12.000,0.8605,,0.7746,,먹다남은음식
패리퍼,핫삼,52,44,3.000,4.000,-0.0660,,-0.0747,-0.3080,울퉁불퉁멧
패리퍼,오롱털,52,45,3.000,3.000,0.2500,,0.2500,,없음
패리퍼,픽시,52,46,4.000,4.000,0.2365,,-0.0250,-0.5051,먹다남은음식
패리퍼,카디나르마,52,47,2.000,3.000,-0.2753,,-0.2753,,기합의띠
패리퍼,앱솔,52,48,2.000,2.000,-0.3125,,-0.3125,-0.3660,없음
패리퍼,찌리배리,52,49,4.000,1.000,-0.6710,,-0.8696,,먹다남은음식
패리퍼,맘모꾸리,52,50,2.000,2.000,-0.2753,,-0.2753,,기합의띠
패리퍼,파라블레이즈,52,51,2.000,3.000,-0.2753,,-0.2753,,기합의띠
패리퍼,찌르호크,52,53,3.000,3.000,-0.2342,,-0.2342,-0.0319,구애스카프
패리퍼,대검귀,52,54,3.000,4.000,0.0456,,-0.2262,,타입강화
패리퍼,마기라스,52,55,2.000,2.000,0.1007,,0.1007,-0.6481,먹다남은음식
패리퍼,이어롭,52,56,3.000,2.000,-0.5462,,-0.5838,-0.6109,자뭉열매
패리퍼,플라엣테,52,57,4.000,2.000,-0.6793,,-0.6793,-0.7887,구애스카프
패리퍼,배바닐라,52,58,3.000,2.000,-0.5462,,-0.5993,,타입강화
패리퍼,드래펄트,52,59,3.000,1.000,-0.8442,,-0.7016,,생명의구슬
패리퍼,입치트,52,60,2.000,2.000,0.1007,,0.1007,-0.0955,기합의띠
패리퍼,메가니움,52,61,2.000,3.000,-0.0670,,-0.0670,-0.3286,기합의띠
패리퍼,메타몽,52,62,2.000,4.000,0.5425,,0.0758,,구애스카프
패리퍼,이상해꽃,52,63,2.000,3.000,0.0517,,-0.0815,-0.2221,생명의구슬
패리퍼,밀로틱,52,64,5.000,5.000,-0.1807,,-0.5037,,먹다남은음식
패리퍼,스코빌런,52,65,2.000,2.000,-0.2197,,-0.2197,-0.3288,먹다남은음식
패리퍼,아쿠스타,52,66,3.000,4.000,0.1110,,0.1110,-0.2167,기합의띠
패리퍼,몰드류,52,67,2.000,3.000,-0.2753,,-0.2753,-0.2753,구애스카프
패리퍼,조로아크(히스이),52,68,2.000,3.000,-0.3125,,-0.3125,,기합의띠
패리퍼,미끄래곤(히스이),52,69,7.000,1.000,-0.8814,,-0.8814,,먹다남은음식
패리퍼,잠만보,52,70,5.000,4.000,-0.0228,,-0.5039,,먹다남은음식
패리퍼,무장조,52,71,3.000,4.000,0.0181,,-0.2405,-0.4905,자뭉열매
패리퍼,클레스퍼트라,52,72,3.000,3.000,-0.1736,,-0.1736,,기합의띠
패리퍼,창파나이트,52,73,2.000,3.000,0.2936,,0.2936,,없음
패리퍼,우츠보트,52,74,2.000,3.000,0.0603,,0.0603,-0.3125,기합의띠
패리퍼,가라르야도킹,52,75,4.000,3.000,-0.1932,,-0.4525,,먹다남은음식
패리퍼,깜까미,52,76,3.000,4.000,0.8591,,0.8591,0.3992,없음
패리퍼,엘풍,52,77,2.000,3.000,0.2564,,0.0603,,기합의띠
패리퍼,저승갓숭,52,78,2.000,4.000,0.3716,,0.3631,,먹다남은음식
패리퍼,스트린더(하이),52,79,3.000,1.000,-0.8977,,-0.8977,,풍선
패리퍼,샤미드,52,80,5.000,5.000,0.0250,,-0.2657,,먹다남은음식
패리퍼,사마자르,52,81,2.000,2.000,-0.0792,,-0.2753,,기합의띠
패리퍼,인텔리레온,52,82,2.000,4.000,0.0227,,0.0227,,없음
패리퍼,깨비물거미,52,83,2.000,6.000,0.9469,,0.9452,,자뭉열매
패리퍼,가디안,52,84,3.000,1.000,-0.8977,,-0.8977,-0.8977,기합의띠
패리퍼,왕구리,52,85,3.000,4.000,0.1110,,0.1110,,없음
패리퍼,엘레이드,52,86,2.000,3.000,0.0608,,0.0086,0.0590,생명의구슬
패리퍼,브리무음,52,87,3.000,2.000,-0.0796,,-0.0796,,기합의띠
패리퍼,눈여아,52,88,3.000,2.000,-0.6481,,-0.6481,-0.8977,기합의띠
패리퍼,어흥염,52,89,2.000,3.000,0.5285,,0.4948,,자뭉열매
패리퍼,마릴리,52,90,3.000,5.000,0.2046,,-0.0359,,자뭉열매
패리퍼,올리르바,52,91,2.000,3.000,0.3699,,0.3699,,기합의띠
패리퍼,스트린더(로우),52,92,3.000,1.000,-0.8977,,-0.8977,,풍선
패리퍼,펜드라,52,93,2.000,3.000,0.1280,,0.0349,0.1914,기합의띠
패리퍼,화염레오,52,94,2.000,3.000,0.0068,,0.0068,-0.2753,기합의띠
패리퍼,윈디(히스이),52,95,1.000,1.000,-0.3685,,-0.6004,,기합의띠
패리퍼,캥카,52,96,3.000,2.000,-0.5993,,-0.5993,-0.6297,타입강화
패리퍼,꿈트렁,52,97,2.000,5.000,0.6466,,0.4072,,자뭉열매
패리퍼,에써르(암컷),52,98,3.000,3.000,-0.2167,,-0.2167,,없음
패리퍼,후딘,52,99,3.000,2.000,-0.5462,,-0.5462,,기합의띠
패리퍼,드래캄,52,100,3.000,1.000,-0.4148,,-0.4683,-0.5055,생명의구슬
찌르호크,보만다,53,1,5.000,3.000,-0.4281,-0.1372,-0.6615,-0.6038,구애스카프
찌르호크,한카리아스,53,2,4.000,3.000,-0.4806,0.1786,-0.4806,-0.7528,구애스카프
찌르호크,누리레느,53,3,3.000,3.000,0.2213,-0.0528,-0.0139,,자뭉열매
찌르호크,갑주무사,53,4,2.000,5.000,0.9059,0.9884,0.7714,0.7932,생명의구슬
찌르호크,하마돈,53,5,4.000,5.000,0.5576,0.5456,0.2779,,자뭉열매
찌르호크,루카리오,53,6,2.000,2.000,0.1379,0.6453,0.1379,-0.3902,기합의띠
찌르호크,드닐레이브,53,7,3.000,2.000,0.2213,0.1379,0.2213,-0.0955,기합의띠
찌르호크,브리두라스,53,8,3.000,2.000,-0.0528,0.1379,-0.2861,,자뭉열매
찌르호크,타부자고,53,9,4.000,3.000,-0.1341,0.1143,-0.1341,,풍선
찌르호크,따라큐,53,10,3.000,6.000,0.7065,0.3979,0.8185,,생명의구슬
찌르호크,고릴타,53,11,2.000,5.000,0.8926,0.9838,0.7903,,생명의구슬
찌르호크,킬가르도,53,12,4.000,2.000,-0.2861,-0.0139,-0.4767,,먹다남은음식
찌르호크,마스카나,53,13,2.000,2.000,-0.2861,-0.2861,-0.2861,,구애스카프
찌르호크,갸라도스,53,14,4.000,5.000,0.2738,0.2913,0.0703,0.5550,울퉁불퉁멧
찌르호크,아머까오,53,15,5.000,6.000,0.4897,-0.2065,0.0271,,울퉁불퉁멧
찌르호크,킬라플로르,53,16,4.000,2.000,-0.4767,0.2827,-0.4767,-0.8142,기합의띠
찌르호크,대쓰여너,53,17,3.000,2.000,0.2213,0.2213,-0.2454,,구애스카프
찌르호크,리자몽,53,18,3.000,3.000,0.0037,0.2371,-0.2296,-0.2773,구애스카프
찌르호크,포푸니크,53,19,1.000,3.000,0.3237,0.7884,0.3237,,없음
찌르호크,개굴닌자,53,20,2.000,2.000,-0.3288,0.1787,-0.3288,-0.3902,기합의띠
찌르호크,에이스번,53,21,3.000,3.000,0.0883,-0.2454,0.0883,,구애스카프
찌르호크,알로라 나인테일,53,22,3.000,2.000,-0.5194,-0.0528,-0.5194,,없음
찌르호크,에써르(수컷),53,23,2.000,3.000,0.7476,0.4120,0.2809,,구애스카프
찌르호크,워시로토무,53,24,3.000,2.000,-0.0528,-0.0528,-0.2434,,먹다남은음식
찌르호크,불카모스,53,25,2.000,4.000,0.3969,0.6302,0.2643,,자뭉열매
찌르호크,빠르모트,53,26,3.000,2.000,-0.5194,0.1379,-0.5194,,기합의띠
찌르호크,라우드본,53,27,5.000,3.000,0.0251,0.0755,-0.2317,,자뭉열매
찌르호크,삼삼드래,53,28,3.000,2.000,-0.0528,0.4547,-0.5194,,구애스카프
찌르호크,메타그로스,53,29,4.000,4.000,0.2913,-0.2861,-0.0139,-0.3964,생명의구슬
찌르호크,망나뇽,53,30,4.495,3.000,-0.0004,0.1332,-0.0004,-0.6178,없음
찌르호크,님피아,53,31,3.000,2.000,-0.0250,-0.3591,-0.1628,,먹다남은음식
찌르호크,히트로토무,53,32,3.000,2.000,-0.0528,-0.0528,-0.5194,,구애스카프
찌르호크,거북왕,53,33,3.000,3.000,0.1786,0.2213,0.1786,-0.2861,없음
찌르호크,대도각참,53,34,2.000,5.000,0.8926,0.7903,0.7903,,타입강화
찌르호크,팬텀,53,35,2.000,3.000,-0.0547,0.5143,-0.0547,-0.2454,기합의띠
찌르호크,마폭시,53,36,3.000,2.000,-0.2454,-0.0528,-0.2454,-0.5194,기합의띠
찌르호크,엠페르트,53,37,3.000,3.000,0.2550,0.5526,0.2550,,없음
찌르호크,번치코,53,38,2.000,3.000,0.5162,0.5162,0.4547,0.2214,생명의구슬
찌르호크,대짱이,53,39,3.000,4.000,0.2913,0.5550,0.2913,0.0475,자뭉열매
찌르호크,라이츄,53,40,2.000,2.000,-0.3902,-0.0955,-0.3902,-0.6644,구애스카프
찌르호크,블래키,53,41,4.000,8.000,0.9211,0.9954,0.8515,,먹다남은음식
찌르호크,다크펫,53,42,2.000,5.000,0.9595,0.7476,0.9595,0.5550,기합의띠
찌르호크,더시마사리,53,43,5.000,10.000,0.8074,0.8261,0.7350,,먹다남은음식
찌르호크,핫삼,53,44,2.000,6.000,0.9347,0.4655,0.6930,0.9347,울퉁불퉁멧
찌르호크,오롱털,53,45,3.000,4.000,0.8272,-0.0528,0.8272,,없음
찌르호크,픽시,53,46,4.000,5.000,0.5917,0.0368,0.3407,0.0613,먹다남은음식
찌르호크,카디나르마,53,47,3.000,2.000,0.1786,-0.0528,0.1786,,기합의띠
찌르호크,앱솔,53,48,2.000,3.000,0.4120,0.6453,0.4120,-0.0547,없음
찌르호크,찌리배리,53,49,5.000,3.000,-0.2516,0.0408,-0.4312,,먹다남은음식
찌르호크,맘모꾸리,53,50,3.000,3.000,0.2213,0.1806,0.2213,,기합의띠
찌르호크,파라블레이즈,53,51,3.000,5.000,0.7095,0.3758,0.7095,,기합의띠
찌르호크,패리퍼,53,52,3.000,3.000,0.2324,-0.0466,0.2324,,없음
찌르호크,대검귀,53,54,2.000,3.000,0.2213,0.7903,0.2213,,타입강화
찌르호크,마기라스,53,55,2.000,2.000,0.1806,0.7903,0.1806,0.1379,먹다남은음식
찌르호크,이어롭,53,56,2.000,4.000,0.2809,0.5162,-0.0065,-0.0119,자뭉열매
찌르호크,플라엣테,53,57,3.000,2.000,-0.0356,0.0193,-0.5023,-0.5023,구애스카프
찌르호크,배바닐라,53,58,2.000,2.000,0.0764,0.1806,0.0764,,타입강화
찌르호크,드래펄트,53,59,3.000,3.000,-0.2454,-0.1840,-0.5194,,생명의구슬
찌르호크,입치트,53,60,4.000,5.000,0.4276,0.1786,0.4276,0.6614,기합의띠
찌르호크,메가니움,53,61,2.000,5.000,0.9340,0.9125,0.9340,0.7208,기합의띠
찌르호크,메타몽,53,62,2.000,6.000,0.9650,0.6453,0.9650,,구애스카프
찌르호크,이상해꽃,53,63,2.000,4.000,0.8568,0.9040,0.6453,0.5050,생명의구슬
찌르호크,밀로틱,53,64,4.000,4.000,0.2909,0.5958,0.0269,,먹다남은음식
찌르호크,스코빌런,53,65,2.000,3.000,0.4547,0.7492,0.4547,0.3770,먹다남은음식
찌르호크,아쿠스타,53,66,3.000,3.000,-0.2454,-0.1840,-0.2454,-0.2454,기합의띠
찌르호크,몰드류,53,67,2.000,4.000,0.7476,0.7903,0.2809,-0.0091,구애스카프
찌르호크,조로아크(히스이),53,68,2.000,3.000,-0.0547,0.5143,-0.0547,,기합의띠
찌르호크,미끄래곤(히스이),53,69,3.000,3.000,0.2213,0.4547,0.2213,,먹다남은음식
찌르호크,잠만보,53,70,3.000,5.000,0.8553,0.7858,0.7216,,먹다남은음식
찌르호크,무장조,53,71,5.000,6.000,0.6020,-0.2284,0.1543,-0.2039,자뭉열매
찌르호크,클레스퍼트라,53,72,3.000,4.000,0.0883,0.2213,0.0883,,기합의띠
찌르호크,창파나이트,53,73,2.000,3.000,0.4547,0.4547,0.4547,,없음
찌르호크,우츠보트,53,74,2.000,4.000,0.7903,0.8926,0.7476,0.4735,기합의띠
찌르호크,가라르야도킹,53,75,4.000,3.000,0.2678,-0.0270,0.0133,,먹다남은음식
찌르호크,깜까미,53,76,3.000,7.000,0.9741,0.9976,0.9741,0.9379,없음
찌르호크,엘풍,53,77,2.000,4.000,0.3237,-0.0119,0.2809,,기합의띠
찌르호크,저승갓숭,53,78,2.000,4.000,0.7476,0.7522,0.7476,,먹다남은음식
찌르호크,스트린더(하이),53,79,3.000,2.000,-0.0528,-0.0139,-0.0528,,풍선
찌르호크,샤미드,53,80,4.000,3.000,0.2826,0.4768,0.0221,,먹다남은음식
찌르호크,사마자르,53,81,3.000,3.000,0.2213,0.8887,0.2213,,기합의띠
찌르호크,인텔리레온,53,82,2.000,2.000,-0.2454,-0.0547,-0.2454,,없음
찌르호크,깨비물거미,53,83,2.000,4.000,0.7774,0.9145,0.7476,,자뭉열매
찌르호크,가디안,53,84,2.000,2.000,0.2213,0.1379,0.2213,-0.2861,기합의띠
찌르호크,왕구리,53,85,3.000,3.000,0.2213,0.5550,0.2213,,없음
찌르호크,엘레이드,53,86,1.000,3.000,0.4547,0.6389,0.3740,-0.2783,생명의구슬
찌르호크,브리무음,53,87,3.000,3.000,0.2520,-0.0528,0.2520,,기합의띠
찌르호크,눈여아,53,88,3.000,2.000,-0.5194,-0.0955,-0.5194,-0.5809,기합의띠
찌르호크,어흥염,53,89,4.000,4.000,0.2913,0.4817,0.0659,,자뭉열매
찌르호크,마릴리,53,90,3.000,7.000,0.9244,0.2291,0.6109,,자뭉열매
찌르호크,올리르바,53,91,2.000,3.000,0.6303,0.6549,0.6131,,기합의띠
찌르호크,스트린더(로우),53,92,3.000,2.000,-0.0528,-0.0139,-0.0528,,풍선
찌르호크,펜드라,53,93,2.000,4.000,0.4678,0.3237,0.4250,0.6176,기합의띠
찌르호크,화염레오,53,94,2.000,3.000,-0.0547,0.4547,-0.0547,-0.5194,기합의띠
찌르호크,윈디(히스이),53,95,2.000,2.000,-0.1135,0.4656,-0.1135,,기합의띠
찌르호크,캥카,53,96,3.000,4.000,0.5550,0.5520,0.2729,0.0395,타입강화
찌르호크,꿈트렁,53,97,3.000,5.000,0.8890,0.8926,0.6116,,자뭉열매
찌르호크,에써르(암컷),53,98,2.000,4.000,0.5550,0.4120,0.5550,,없음
찌르호크,후딘,53,99,2.000,3.000,-0.0547,-0.3288,-0.0547,,기합의띠
찌르호크,드래캄,53,100,3.000,2.000,-0.0528,0.2213,-0.0528,-0.0528,생명의구슬
대검귀,보만다,54,1,2.000,3.000,-0.0937,,-0.0937,-0.3288,구애스카프
대검귀,한카리아스,54,2,2.000,2.000,-0.3288,,-0.3288,-0.5621,구애스카프
대검귀,누리레느,54,3,6.000,2.000,-0.7955,,-0.7955,,자뭉열매
대검귀,갑주무사,54,4,5.000,2.000,-0.6286,,-0.7308,-0.8686,생명의구슬
대검귀,하마돈,54,5,3.000,3.000,0.2829,,0.2829,,자뭉열매
대검귀,루카리오,54,6,2.000,1.000,-0.6644,,-0.6644,-0.6644,기합의띠
대검귀,드닐레이브,54,7,3.000,2.000,-0.5621,,-0.5621,-0.5621,기합의띠
대검귀,브리두라스,54,8,3.000,2.000,-0.3288,,-0.5621,,자뭉열매
대검귀,타부자고,54,9,3.000,2.000,-0.0230,,-0.0230,,풍선
대검귀,따라큐,54,10,3.000,2.000,-0.5621,,-0.5621,,생명의구슬
대검귀,고릴타,54,11,3.000,1.000,-0.6644,,-0.4311,,생명의구슬
대검귀,킬가르도,54,12,3.000,2.000,-0.0955,,-0.0955,,먹다남은음식
대검귀,마스카나,54,13,2.000,2.000,-0.3288,,-0.3288,,구애스카프
대검귀,갸라도스,54,14,5.000,2.000,-0.5621,,-0.5621,-0.0955,울퉁불퉁멧
대검귀,아머까오,54,15,6.000,4.000,-0.1302,,-0.3728,,울퉁불퉁멧
대검귀,킬라플로르,54,16,2.000,2.000,-0.3288,,-0.3288,-0.3288,기합의띠
대검귀,대쓰여너,54,17,2.000,3.000,0.4735,,0.0068,,구애스카프
대검귀,리자몽,54,18,2.000,2.000,-0.3815,,-0.3815,-0.3815,구애스카프
대검귀,포푸니크,54,19,3.000,1.000,-0.8977,,-0.8977,,없음
대검귀,개굴닌자,54,20,2.000,2.000,-0.3288,,-0.3288,-0.3288,기합의띠
대검귀,에이스번,54,21,2.000,1.000,-0.6644,,-0.6644,,구애스카프
대검귀,알로라 나인테일,54,22,3.000,2.000,-0.5621,,-0.5621,,없음
대검귀,에써르(수컷),54,23,2.000,2.000,-0.3288,,-0.3288,,구애스카프
대검귀,워시로토무,54,24,4.000,2.000,-0.7955,,-0.7955,,먹다남은음식
대검귀,불카모스,54,25,2.000,2.000,-0.3288,,-0.4686,,자뭉열매
대검귀,빠르모트,54,26,3.000,1.000,-0.8977,,-0.8977,,기합의띠
대검귀,라우드본,54,27,3.000,3.000,0.2350,,0.0442,,자뭉열매
대검귀,삼삼드래,54,28,3.000,2.000,-0.5621,,-0.5621,,구애스카프
대검귀,메타그로스,54,29,3.000,2.000,-0.0955,,0.1379,-0.5621,생명의구슬
대검귀,망나뇽,54,30,2.495,3.000,0.1934,,0.1934,-0.4455,없음
대검귀,님피아,54,31,4.000,1.000,-0.7652,,-0.8314,,먹다남은음식
대검귀,히트로토무,54,32,2.000,2.000,-0.3288,,-0.3288,,구애스카프
대검귀,거북왕,54,33,4.000,3.000,0.0514,,0.0514,-0.5621,없음
대검귀,대도각참,54,34,2.000,3.000,0.4735,,0.4735,,타입강화
대검귀,팬텀,54,35,2.000,2.000,-0.3288,,-0.3288,-0.6644,기합의띠
대검귀,마폭시,54,36,2.000,2.000,-0.3288,,-0.3288,-0.3288,기합의띠
대검귀,엠페르트,54,37,3.000,3.000,0.2785,,0.2785,,없음
대검귀,번치코,54,38,2.000,1.000,-0.1977,,-0.1977,-0.6644,생명의구슬
대검귀,대짱이,54,39,4.000,3.000,0.0514,,-0.1843,-0.5621,자뭉열매
대검귀,라이츄,54,40,3.000,1.000,-0.8977,,-0.8977,-0.8977,구애스카프
대검귀,블래키,54,41,4.000,9.000,0.9250,,0.8569,,먹다남은음식
대검귀,다크펫,54,42,2.000,3.000,0.4735,,0.4735,0.4735,기합의띠
대검귀,더시마사리,54,43,6.000,12.000,0.7273,,0.7000,,먹다남은음식
대검귀,핫삼,54,44,5.000,2.000,-0.4629,,-0.4629,-0.6962,울퉁불퉁멧
대검귀,오롱털,54,45,3.000,2.000,-0.0955,,-0.0955,,없음
대검귀,픽시,54,46,5.000,2.000,-0.5374,,-0.7461,-0.3396,먹다남은음식
대검귀,카디나르마,54,47,2.000,2.000,0.1379,,0.1379,,기합의띠
대검귀,앱솔,54,48,2.000,2.000,0.1379,,0.1379,-0.5621,없음
대검귀,찌리배리,54,49,6.000,2.000,-0.7647,,-0.7801,,먹다남은음식
대검귀,맘모꾸리,54,50,2.000,3.000,0.4735,,0.4735,,기합의띠
대검귀,파라블레이즈,54,51,2.000,2.000,-0.0955,,-0.0955,,기합의띠
대검귀,패리퍼,54,52,4.000,3.000,0.0569,,0.0569,,없음
대검귀,찌르호크,54,53,3.000,2.000,-0.2454,,-0.2454,-0.8142,구애스카프
대검귀,마기라스,54,55,2.000,2.000,0.1379,,0.1379,0.1379,먹다남은음식
대검귀,이어롭,54,56,2.000,2.000,-0.3288,,-0.5621,-0.6644,자뭉열매
대검귀,플라엣테,54,57,4.000,1.000,-0.8977,,-0.8977,-0.8977,구애스카프
대검귀,배바닐라,54,58,2.000,4.000,0.8090,,0.8090,,타입강화
대검귀,드래펄트,54,59,2.000,2.000,-0.3288,,-0.3288,,생명의구슬
대검귀,입치트,54,60,4.000,2.000,-0.3288,,-0.3288,-0.3288,기합의띠
대검귀,메가니움,54,61,3.000,2.000,-0.2586,,-0.2586,-0.3596,기합의띠
대검귀,메타몽,54,62,2.000,3.000,0.4735,,0.0068,,구애스카프
대검귀,이상해꽃,54,63,3.000,2.000,0.0001,,-0.0955,-0.7139,생명의구슬
대검귀,밀로틱,54,64,5.000,3.000,-0.1829,,-0.5578,,먹다남은음식
대검귀,스코빌런,54,65,3.000,1.000,-0.4311,,-0.5982,-0.5982,먹다남은음식
대검귀,아쿠스타,54,66,2.000,8.000,1.0000,,1.0000,1.0000,기합의띠
대검귀,몰드류,54,67,2.000,3.000,0.0068,,0.0068,-0.5621,구애스카프
대검귀,조로아크(히스이),54,68,2.000,2.000,-0.3288,,-0.3288,,기합의띠
대검귀,미끄래곤(히스이),54,69,3.000,2.000,-0.0955,,-0.0955,,먹다남은음식
대검귀,잠만보,54,70,3.000,3.000,0.3922,,0.2933,,먹다남은음식
대검귀,무장조,54,71,5.000,3.000,-0.2241,,-0.4250,-0.6907,자뭉열매
대검귀,클레스퍼트라,54,72,2.000,2.000,-0.3288,,-0.3288,,기합의띠
대검귀,창파나이트,54,73,4.000,1.000,-0.6644,,-0.6644,,없음
대검귀,우츠보트,54,74,3.000,2.000,-0.0955,,-0.0955,-0.0955,기합의띠
대검귀,가라르야도킹,54,75,3.000,3.000,0.5398,,0.5398,,먹다남은음식
대검귀,깜까미,54,76,3.000,8.000,0.9577,,0.9577,0.8670,없음
대검귀,엘풍,54,77,2.000,2.000,-0.3288,,-0.3288,,기합의띠
대검귀,저승갓숭,54,78,4.000,2.000,-0.8064,,-0.8064,,먹다남은음식
대검귀,스트린더(하이),54,79,3.000,2.000,-0.0955,,-0.0955,,풍선
대검귀,샤미드,54,80,5.000,7.000,0.7910,,0.3527,,먹다남은음식
대검귀,사마자르,54,81,2.000,2.000,-0.0955,,-0.0955,,기합의띠
대검귀,인텔리레온,54,82,3.000,4.000,0.1066,,0.1066,,없음
대검귀,깨비물거미,54,83,4.000,2.000,-0.2137,,-0.4478,,자뭉열매
대검귀,가디안,54,84,3.000,2.000,-0.0955,,-0.0955,-0.8977,기합의띠
대검귀,왕구리,54,85,4.000,4.000,0.3568,,0.3568,,없음
대검귀,엘레이드,54,86,3.000,2.000,-0.0955,,-0.4198,-0.8943,생명의구슬
대검귀,브리무음,54,87,4.000,2.000,-0.2122,,-0.2122,,기합의띠
대검귀,눈여아,54,88,2.000,3.000,0.0068,,0.0068,-0.3288,기합의띠
대검귀,어흥염,54,89,3.000,2.000,-0.0955,,-0.3288,,자뭉열매
대검귀,마릴리,54,90,7.000,3.000,-0.7544,,-0.7544,,자뭉열매
대검귀,올리르바,54,91,3.000,2.000,-0.0955,,-0.0955,,기합의띠
대검귀,스트린더(로우),54,92,3.000,2.000,-0.0955,,-0.0955,,풍선
대검귀,펜드라,54,93,4.000,2.000,-0.6848,,-0.6848,-0.4514,기합의띠
대검귀,화염레오,54,94,2.000,3.000,0.0068,,0.0068,0.0068,기합의띠
대검귀,윈디(히스이),54,95,1.000,2.000,-0.0917,,-0.3163,,기합의띠
대검귀,캥카,54,96,3.000,2.000,-0.5103,,-0.5621,-0.5621,타입강화
대검귀,꿈트렁,54,97,3.000,2.000,-0.0878,,-0.3089,,자뭉열매
대검귀,에써르(암컷),54,98,2.000,3.000,0.2401,,0.2401,,없음
대검귀,후딘,54,99,2.000,2.000,-0.3288,,-0.3288,,기합의띠
대검귀,드래캄,54,100,3.000,2.000,-0.0955,,-0.0955,-0.0955,생명의구슬
마기라스,보만다,55,1,2.000,3.000,-0.2573,0.2419,-0.2573,-0.2573,구애스카프
마기라스,한카리아스,55,2,2.000,2.000,-0.3288,-0.3288,-0.3288,-0.5621,구애스카프
마기라스,누리레느,55,3,2.000,2.000,0.1097,0.1379,-0.0955,,자뭉열매
마기라스,갑주무사,55,4,2.000,1.000,-0.1977,0.1379,-0.1977,-0.6644,생명의구슬
마기라스,하마돈,55,5,4.000,2.000,-0.0588,-0.0588,-0.2930,,자뭉열매
마기라스,루카리오,55,6,2.000,1.000,-0.6644,-0.4311,-0.6644,-0.6644,기합의띠
마기라스,드닐레이브,55,7,2.000,2.000,-0.3288,0.0068,-0.3288,-0.3288,기합의띠
마기라스,브리두라스,55,8,2.000,2.000,-0.3288,-0.3288,-0.5621,,자뭉열매
마기라스,타부자고,55,9,3.000,1.000,-0.5939,-0.5939,-0.5939,,풍선
마기라스,따라큐,55,10,2.000,2.000,-0.3288,0.0068,-0.3288,,생명의구슬
마기라스,고릴타,55,11,3.000,1.000,-0.8977,-0.3288,-0.8977,,생명의구슬
마기라스,킬가르도,55,12,2.000,1.000,-0.1977,-0.1977,-0.4311,,먹다남은음식
마기라스,마스카나,55,13,2.000,2.000,-0.3288,0.2401,-0.3288,,구애스카프
마기라스,갸라도스,55,14,2.000,2.000,-0.3288,0.0068,-0.3288,-0.3288,울퉁불퉁멧
마기라스,아머까오,55,15,4.000,3.000,-0.4623,0.0043,-0.7955,,울퉁불퉁멧
마기라스,킬라플로르,55,16,1.000,3.000,0.2401,0.2401,0.0068,-0.0955,기합의띠
마기라스,대쓰여너,55,17,2.000,1.000,-0.6644,-0.3288,-0.6644,,구애스카프
마기라스,리자몽,55,18,1.000,2.000,-0.0197,0.2401,-0.0197,-0.0955,구애스카프
마기라스,포푸니크,55,19,2.000,1.000,-0.6644,-0.6644,-0.6644,,없음
마기라스,개굴닌자,55,20,2.000,2.000,-0.3288,-0.0955,-0.3288,-0.3288,기합의띠
마기라스,에이스번,55,21,1.000,1.000,-0.4311,-0.4311,-0.4311,,구애스카프
마기라스,알로라 나인테일,55,22,1.000,2.000,-0.0955,0.2401,-0.0955,,없음
마기라스,에써르(수컷),55,23,2.000,3.000,0.0068,0.2401,0.0068,,구애스카프
마기라스,워시로토무,55,24,2.000,2.000,-0.3288,-0.3288,-0.5621,,먹다남은음식
마기라스,불카모스,55,25,1.000,2.000,-0.0955,0.1056,-0.0955,,자뭉열매
마기라스,빠르모트,55,26,2.000,1.000,-0.6644,-0.6644,-0.6644,,기합의띠
마기라스,라우드본,55,27,2.000,4.000,0.3261,0.7927,0.1017,,자뭉열매
마기라스,삼삼드래,55,28,2.000,3.000,0.0068,0.0068,0.0068,,구애스카프
마기라스,메타그로스,55,29,3.000,1.000,-0.8977,0.1379,-0.6644,-0.8977,생명의구슬
마기라스,망나뇽,55,30,2.495,3.000,-0.2732,0.1767,-0.2732,-0.2744,없음
마기라스,님피아,55,31,3.000,2.000,-0.1245,-0.1245,-0.3579,,먹다남은음식
마기라스,히트로토무,55,32,1.000,4.000,0.5757,0.5757,0.5757,,구애스카프
마기라스,거북왕,55,33,3.000,2.000,-0.5621,-0.3288,-0.5621,-0.8977,없음
마기라스,대도각참,55,34,1.000,2.000,0.3712,0.3712,0.3712,,타입강화
마기라스,팬텀,55,35,2.000,1.000,-0.6644,-0.4311,-0.6644,-0.6644,기합의띠
마기라스,마폭시,55,36,1.000,3.000,0.2401,0.2401,0.0068,0.2401,기합의띠
마기라스,엠페르트,55,37,2.000,2.000,0.1379,0.1767,0.1379,,없음
마기라스,번치코,55,38,2.000,1.000,-0.6644,-0.6644,-0.6644,-0.6644,생명의구슬
마기라스,대짱이,55,39,3.000,2.000,-0.0955,-0.0955,-0.3288,-0.7955,자뭉열매
마기라스,라이츄,55,40,2.000,2.000,-0.3288,-0.0955,-0.3288,-0.6644,구애스카프
마기라스,블래키,55,41,3.000,12.000,0.9943,1.0000,0.9943,,먹다남은음식
마기라스,다크펫,55,42,2.000,6.000,1.0000,1.0000,1.0000,0.6780,기합의띠
마기라스,더시마사리,55,43,3.000,4.000,0.5732,0.9065,0.5732,,먹다남은음식
마기라스,핫삼,55,44,3.000,2.000,-0.8390,0.0038,-0.8390,-0.8390,울퉁불퉁멧
마기라스,오롱털,55,45,2.000,2.000,0.1379,0.1379,0.1379,,없음
마기라스,픽시,55,46,3.000,3.000,0.2044,0.2292,-0.0062,-0.3288,먹다남은음식
마기라스,카디나르마,55,47,2.000,1.000,-0.6644,-0.4311,-0.6644,,기합의띠
마기라스,앱솔,55,48,1.000,1.000,-0.4311,-0.0955,-0.4311,-0.6644,없음
마기라스,찌리배리,55,49,3.000,5.000,0.9001,0.9811,0.8845,,먹다남은음식
마기라스,맘모꾸리,55,50,2.000,2.000,-0.3288,-0.3288,-0.3288,,기합의띠
마기라스,파라블레이즈,55,51,1.000,1.000,-0.4311,-0.0955,-0.6644,,기합의띠
마기라스,패리퍼,55,52,2.000,2.000,-0.2753,0.3875,-0.2753,,없음
마기라스,찌르호크,55,53,2.000,2.000,-0.3902,-0.3288,-0.3902,-0.8977,구애스카프
마기라스,대검귀,55,54,2.000,2.000,-0.3288,-0.3288,-0.3288,,타입강화
마기라스,이어롭,55,56,2.000,2.000,-0.3288,-0.3288,-0.3288,-0.6644,자뭉열매
마기라스,플라엣테,55,57,3.000,2.000,-0.6192,-0.4319,-0.6192,-0.7494,구애스카프
마기라스,배바닐라,55,58,1.000,3.000,0.2401,0.2401,0.2401,,타입강화
마기라스,드래펄트,55,59,2.000,3.000,0.0068,0.0068,-0.3288,,생명의구슬
마기라스,입치트,55,60,2.000,2.000,0.1379,0.4735,0.1379,0.1379,기합의띠
마기라스,메가니움,55,61,3.000,2.000,-0.4924,-0.2574,-0.4924,-0.8263,기합의띠
마기라스,메타몽,55,62,1.000,2.000,0.3712,0.3712,-0.0955,,구애스카프
마기라스,이상해꽃,55,63,3.000,3.000,-0.2624,0.0717,-0.2624,-0.4972,생명의구슬
마기라스,밀로틱,55,64,3.000,3.000,-0.2286,-0.2254,-0.4629,,먹다남은음식
마기라스,스코빌런,55,65,1.000,2.000,-0.0955,-0.0955,-0.0955,-0.3578,먹다남은음식
마기라스,아쿠스타,55,66,2.000,3.000,0.0068,0.0068,0.0068,-0.3288,기합의띠
마기라스,몰드류,55,67,2.000,2.000,-0.3288,-0.3288,-0.3288,-0.3288,구애스카프
마기라스,조로아크(히스이),55,68,2.000,1.000,-0.6644,-0.4311,-0.6644,,기합의띠
마기라스,미끄래곤(히스이),55,69,2.000,2.000,0.1379,0.1379,0.1379,,먹다남은음식
마기라스,잠만보,55,70,2.000,3.000,0.4735,0.6268,0.3668,,먹다남은음식
마기라스,무장조,55,71,4.000,2.000,-0.7312,-0.0232,-0.7955,-0.7312,자뭉열매
마기라스,클레스퍼트라,55,72,2.000,3.000,0.0068,0.0068,0.0068,,기합의띠
마기라스,창파나이트,55,73,3.000,1.000,-0.8977,-0.4311,-0.8977,,없음
마기라스,우츠보트,55,74,3.000,3.000,-0.2267,0.4735,-0.2267,-0.5621,기합의띠
마기라스,가라르야도킹,55,75,2.000,6.000,0.9657,1.0000,0.9657,,먹다남은음식
마기라스,깜까미,55,76,2.000,10.000,0.9971,1.0000,0.9971,0.9488,없음
마기라스,엘풍,55,77,2.000,2.000,-0.3288,0.0068,-0.3288,,기합의띠
마기라스,저승갓숭,55,78,4.000,1.000,-0.8977,-0.8977,-0.8977,,먹다남은음식
마기라스,스트린더(하이),55,79,1.000,4.000,0.5757,0.5757,0.3424,,풍선
마기라스,샤미드,55,80,3.000,3.000,-0.2681,0.2274,-0.4747,,먹다남은음식
마기라스,사마자르,55,81,2.000,1.000,-0.6644,-0.0955,-0.6644,,기합의띠
마기라스,인텔리레온,55,82,2.000,2.000,-0.3288,-0.3288,-0.3288,,없음
마기라스,깨비물거미,55,83,2.000,3.000,0.4735,0.7377,0.4735,,자뭉열매
마기라스,가디안,55,84,2.000,2.000,-0.3288,-0.3288,-0.3288,-0.6644,기합의띠
마기라스,왕구리,55,85,2.000,2.000,-0.3288,0.4735,-0.3288,,없음
마기라스,엘레이드,55,86,3.000,1.000,-0.8977,-0.8864,-0.8977,-0.8977,생명의구슬
마기라스,브리무음,55,87,3.000,2.000,0.0212,0.1379,0.0212,,기합의띠
마기라스,눈여아,55,88,1.000,4.000,0.5757,0.5757,0.3424,0.2401,기합의띠
마기라스,어흥염,55,89,2.000,1.000,-0.1636,0.1379,-0.3970,,자뭉열매
마기라스,마릴리,55,90,3.000,2.000,-0.0955,0.1379,-0.0955,,자뭉열매
마기라스,올리르바,55,91,2.000,2.000,0.3390,0.3390,0.3390,,기합의띠
마기라스,스트린더(로우),55,92,1.000,4.000,0.5757,0.5757,0.3424,,풍선
마기라스,펜드라,55,93,1.000,3.000,-0.0417,0.2401,-0.1524,-0.3288,기합의띠
마기라스,화염레오,55,94,1.000,4.000,0.5757,0.5757,0.3424,0.0068,기합의띠
마기라스,윈디(히스이),55,95,1.000,1.000,-0.4273,-0.0955,-0.6519,,기합의띠
마기라스,캥카,55,96,2.000,2.000,-0.3288,-0.2769,-0.3288,-0.3288,타입강화
마기라스,꿈트렁,55,97,2.000,2.000,-0.3410,0.1379,-0.5621,,자뭉열매
마기라스,에써르(암컷),55,98,2.000,3.000,0.0068,0.3424,0.0068,,없음
마기라스,후딘,55,99,1.000,1.000,-0.4311,-0.4311,-0.6644,,기합의띠
마기라스,드래캄,55,100,2.000,1.000,-0.1977,0.1379,-0.1977,-0.1977,생명의구슬
이어롭,보만다,56,1,2.000,2.000,0.3730,0.4428,-0.0937,-0.3288,구애스카프
이어롭,한카리아스,56,2,2.000,2.000,0.1379,0.3712,-0.3288,-0.5621,구애스카프
이어롭,누리레느,56,3,2.000,3.000,0.4453,0.1379,0.2400,,자뭉열매
이어롭,갑주무사,56,4,3.000,2.000,-0.1619,0.0714,-0.3355,-0.7955,생명의구슬
이어롭,하마돈,56,5,4.000,3.000,0.1836,0.5101,-0.0001,,자뭉열매
이어롭,루카리오,56,6,2.000,1.000,-0.1977,0.0356,-0.1977,-0.6644,기합의띠
이어롭,드닐레이브,56,7,3.000,2.000,-0.0955,0.3712,-0.0955,-0.0955,기합의띠
이어롭,브리두라스,56,8,3.000,2.000,-0.0955,0.1379,-0.0955,,자뭉열매
이어롭,타부자고,56,9,9.000,2.000,-0.7955,-0.7230,-0.7955,,풍선
이어롭,따라큐,56,10,4.000,3.000,0.0864,-0.0955,-0.0820,,생명의구슬
이어롭,고릴타,56,11,3.000,2.000,-0.0955,0.1379,-0.1977,,생명의구슬
이어롭,킬가르도,56,12,7.000,2.000,-0.7955,-0.5621,-0.7955,,먹다남은음식
이어롭,마스카나,56,13,2.000,2.000,-0.3288,0.3712,-0.3288,,구애스카프
이어롭,갸라도스,56,14,3.000,3.000,0.2400,0.4735,-0.0955,0.2400,울퉁불퉁멧
이어롭,아머까오,56,15,6.000,3.000,-0.3028,-0.0955,-0.3028,,울퉁불퉁멧
이어롭,킬라플로르,56,16,4.000,3.000,0.0864,0.1379,0.0864,-0.3288,기합의띠
이어롭,대쓰여너,56,17,3.000,2.000,-0.0955,-0.0955,-0.5621,,구애스카프
이어롭,리자몽,56,18,3.000,2.000,0.1609,0.2136,-0.3057,0.0852,구애스카프
이어롭,포푸니크,56,19,2.000,1.000,-0.6644,-0.1977,-0.6644,,없음
이어롭,개굴닌자,56,20,2.000,3.000,0.0068,0.7068,0.0068,-0.3288,기합의띠
이어롭,에이스번,56,21,2.000,1.000,-0.6644,-0.1977,-0.6644,,구애스카프
이어롭,알로라 나인테일,56,22,2.000,3.000,0.0068,0.1379,0.0068,,없음
이어롭,에써르(수컷),56,23,2.000,3.000,0.4735,0.3712,0.0068,,구애스카프
이어롭,워시로토무,56,24,2.000,3.000,0.4735,0.4735,0.2400,,먹다남은음식
이어롭,불카모스,56,25,3.000,3.000,0.5332,0.3389,0.3341,,자뭉열매
이어롭,빠르모트,56,26,2.000,1.000,-0.4311,-0.1977,-0.4311,,기합의띠
이어롭,라우드본,56,27,11.000,3.000,-0.7046,-0.6946,-0.7046,,자뭉열매
이어롭,삼삼드래,56,28,2.000,2.000,0.1379,0.3712,-0.3288,,구애스카프
이어롭,메타그로스,56,29,5.000,2.000,-0.5621,-0.0955,-0.3288,-0.7955,생명의구슬
이어롭,망나뇽,56,30,2.495,3.000,0.1934,0.3078,0.1934,0.1923,없음
이어롭,님피아,56,31,3.000,2.000,-0.0292,-0.1977,-0.0955,,먹다남은음식
이어롭,히트로토무,56,32,2.000,2.000,0.1379,0.1379,-0.3288,,구애스카프
이어롭,거북왕,56,33,3.000,2.000,-0.0955,0.1379,-0.0955,-0.0955,없음
이어롭,대도각참,56,34,2.000,2.000,0.1379,0.3712,0.1379,,타입강화
이어롭,팬텀,56,35,3.000,2.000,-0.5621,0.1379,-0.5621,-0.7955,기합의띠
이어롭,마폭시,56,36,2.000,2.000,0.1379,0.1379,0.1379,-0.3288,기합의띠
이어롭,엠페르트,56,37,2.000,3.000,0.4464,0.6798,0.4464,,없음
이어롭,번치코,56,38,2.000,1.000,-0.1977,-0.1977,-0.1977,-0.1977,생명의구슬
이어롭,대짱이,56,39,3.000,2.000,-0.0955,0.1379,-0.0955,-0.0955,자뭉열매
이어롭,라이츄,56,40,2.000,2.000,-0.3288,0.3712,-0.3288,-0.3288,구애스카프
이어롭,블래키,56,41,3.000,5.000,0.6851,1.0000,0.6851,,먹다남은음식
이어롭,다크펫,56,42,3.000,3.000,0.2400,0.4735,0.2400,-0.3288,기합의띠
이어롭,더시마사리,56,43,4.000,5.000,0.7076,0.9932,0.5086,,먹다남은음식
이어롭,핫삼,56,44,5.000,2.000,-0.4629,0.0038,-0.4629,-0.6962,울퉁불퉁멧
이어롭,오롱털,56,45,2.000,3.000,0.4735,0.1379,0.4735,,없음
이어롭,픽시,56,46,3.000,4.000,0.5627,0.1379,0.3804,0.5380,먹다남은음식
이어롭,카디나르마,56,47,3.000,2.000,-0.0955,0.1379,-0.0955,,기합의띠
이어롭,앱솔,56,48,2.000,2.000,0.1379,0.3712,0.1379,-0.5621,없음
이어롭,찌리배리,56,49,4.000,4.000,0.3866,0.5667,0.3866,,먹다남은음식
이어롭,맘모꾸리,56,50,2.000,2.000,0.1379,0.7068,0.1379,,기합의띠
이어롭,파라블레이즈,56,51,6.000,2.000,-0.7955,-0.3288,-0.7955,,기합의띠
이어롭,패리퍼,56,52,2.000,3.000,0.4894,0.3340,0.4894,,없음
이어롭,찌르호크,56,53,4.000,2.000,-0.2861,-0.1142,-0.7528,-0.6236,구애스카프
이어롭,대검귀,56,54,2.000,2.000,0.1379,0.3712,0.1379,,타입강화
이어롭,마기라스,56,55,2.000,2.000,0.1379,0.3712,0.1379,0.1379,먹다남은음식
이어롭,플라엣테,56,57,2.000,2.000,0.1830,-0.0494,-0.2837,0.0347,구애스카프
이어롭,배바닐라,56,58,2.000,3.000,0.4735,0.7068,0.1379,,타입강화
이어롭,드래펄트,56,59,2.000,2.000,-0.3288,-0.3288,-0.3288,,생명의구슬
이어롭,입치트,56,60,5.000,3.000,-0.1492,0.1379,-0.1492,0.0864,기합의띠
이어롭,메가니움,56,61,3.000,3.000,0.4729,0.7080,0.4729,0.0317,기합의띠
이어롭,메타몽,56,62,2.000,3.000,0.4735,0.3712,0.4735,,구애스카프
이어롭,이상해꽃,56,63,3.000,4.000,0.5384,0.6918,0.3216,0.3421,생명의구슬
이어롭,밀로틱,56,64,3.000,5.000,0.9047,0.8072,0.7068,,먹다남은음식
이어롭,스코빌런,56,65,2.000,2.000,0.3783,0.3783,0.3783,-0.0293,먹다남은음식
이어롭,아쿠스타,56,66,2.000,4.000,0.3424,0.1379,0.3424,-0.2267,기합의띠
이어롭,몰드류,56,67,2.000,2.000,0.1379,0.3712,-0.3288,-0.0955,구애스카프
이어롭,조로아크(히스이),56,68,3.000,2.000,-0.5621,0.1379,-0.5621,,기합의띠
이어롭,미끄래곤(히스이),56,69,2.000,2.000,0.1379,0.3712,-0.0955,,먹다남은음식
이어롭,잠만보,56,70,3.000,3.000,0.2400,0.7535,0.2400,,먹다남은음식
이어롭,무장조,56,71,5.000,3.000,-0.3099,-0.0312,-0.5442,-0.6653,자뭉열매
이어롭,클레스퍼트라,56,72,2.000,4.000,0.5757,0.1379,0.5757,,기합의띠
이어롭,창파나이트,56,73,2.000,1.000,-0.1977,-0.1977,-0.1977,,없음
이어롭,우츠보트,56,74,2.000,4.000,0.8090,0.8090,0.8090,0.2400,기합의띠
이어롭,가라르야도킹,56,75,3.000,4.000,0.4614,0.1379,0.3443,,먹다남은음식
이어롭,깜까미,56,76,4.000,4.000,0.3081,0.9971,0.3081,0.0273,없음
이어롭,엘풍,56,77,2.000,4.000,0.3424,0.1379,0.3424,,기합의띠
이어롭,저승갓숭,56,78,5.000,1.000,-0.8977,-0.3397,-0.8977,,먹다남은음식
이어롭,스트린더(하이),56,79,2.000,3.000,0.4735,0.4735,0.4735,,풍선
이어롭,샤미드,56,80,3.000,4.000,0.5321,0.7677,0.3776,,먹다남은음식
이어롭,사마자르,56,81,4.000,2.000,-0.3288,0.1379,-0.3288,,기합의띠
이어롭,인텔리레온,56,82,2.000,3.000,0.0068,0.4735,0.0068,,없음
이어롭,깨비물거미,56,83,3.000,4.000,0.7377,0.8090,0.5732,,자뭉열매
이어롭,가디안,56,84,2.000,3.000,0.4735,0.1379,0.4735,0.1379,기합의띠
이어롭,왕구리,56,85,2.000,3.000,0.4735,0.4735,0.4735,,없음
이어롭,엘레이드,56,86,2.000,2.000,0.1379,0.1379,-0.1977,-0.6723,생명의구슬
이어롭,브리무음,56,87,2.000,3.000,0.3567,0.1379,0.3567,,기합의띠
이어롭,눈여아,56,88,5.000,3.000,-0.6159,0.0864,-0.6159,-0.7955,기합의띠
이어롭,어흥염,56,89,3.000,2.000,-0.1192,0.1379,-0.3288,,자뭉열매
이어롭,마릴리,56,90,3.000,3.000,0.0394,0.1379,0.0394,,자뭉열매
이어롭,올리르바,56,91,2.000,3.000,0.3335,0.5723,0.3335,,기합의띠
이어롭,스트린더(로우),56,92,2.000,3.000,0.4735,0.4735,0.4735,,풍선
이어롭,펜드라,56,93,2.000,2.000,-0.2751,0.4735,-0.2751,-0.0955,기합의띠
이어롭,화염레오,56,94,2.000,2.000,-0.3288,0.3712,-0.3288,-0.3288,기합의띠
이어롭,윈디(히스이),56,95,2.000,2.000,0.1292,0.3625,0.1292,,기합의띠
이어롭,캥카,56,96,2.000,2.000,0.1018,0.4231,0.1018,-0.0955,타입강화
이어롭,꿈트렁,56,97,3.000,2.000,-0.0955,0.1379,-0.1034,,자뭉열매
이어롭,에써르(암컷),56,98,2.000,3.000,0.4735,0.1379,0.4735,,없음
이어롭,후딘,56,99,2.000,2.000,-0.3288,0.3712,-0.3288,,기합의띠
이어롭,드래캄,56,100,2.000,2.000,0.1379,0.1379,0.1379,0.1379,생명의구슬
플라엣테,보만다,57,1,2.000,4.000,0.4292,0.8236,0.4292,-0.1859,구애스카프
플라엣테,한카리아스,57,2,2.000,3.000,-0.0503,0.3703,-0.0503,0.2853,구애스카프
플라엣테,누리레느,57,3,3.000,4.000,0.5201,0.8059,0.3004,,자뭉열매
플라엣테,갑주무사,57,4,2.000,3.000,0.1830,0.3441,0.1507,-0.7061,생명의구슬
플라엣테,하마돈,57,5,3.000,3.000,0.2141,0.7064,0.1264,,자뭉열매
플라엣테,루카리오,57,6,2.000,2.000,0.1379,0.1379,0.1379,-0.6644,기합의띠
플라엣테,드닐레이브,57,7,2.000,2.000,0.4164,0.4164,0.2862,0.1379,기합의띠
플라엣테,브리두라스,57,8,2.000,2.000,0.2862,0.2862,0.1830,,자뭉열매
플라엣테,타부자고,57,9,5.000,2.000,-0.5012,-0.2994,-0.5012,,풍선
플라엣테,따라큐,57,10,2.000,3.000,-0.0724,0.6716,-0.1743,,생명의구슬
플라엣테,고릴타,57,11,2.000,2.000,0.1830,0.2862,0.1379,,생명의구슬
플라엣테,킬가르도,57,12,5.000,2.000,-0.7223,-0.6192,-0.8525,,먹다남은음식
플라엣테,마스카나,57,13,1.000,3.000,0.0528,0.2401,0.0528,,구애스카프
플라엣테,갸라도스,57,14,3.000,3.000,0.5176,0.5176,0.3703,0.2862,울퉁불퉁멧
플라엣테,아머까오,57,15,6.000,3.000,-0.3478,-0.0138,-0.5324,,울퉁불퉁멧
플라엣테,킬라플로르,57,16,3.000,2.000,0.0347,0.1830,0.0347,-0.6192,기합의띠
플라엣테,대쓰여너,57,17,3.000,2.000,0.0347,0.0347,-0.4319,,구애스카프
플라엣테,리자몽,57,18,4.000,3.000,-0.6434,0.2712,-0.6434,-0.7404,구애스카프
플라엣테,포푸니크,57,19,1.000,2.000,-0.1986,-0.1986,-0.1986,,없음
플라엣테,개굴닌자,57,20,1.000,3.000,0.0528,0.0528,-0.1805,-0.1986,기합의띠
플라엣테,에이스번,57,21,4.000,1.000,-0.8525,-0.8525,-0.8525,,구애스카프
플라엣테,알로라 나인테일,57,22,2.000,4.000,0.3855,0.3855,0.3855,,없음
플라엣테,에써르(수컷),57,23,2.000,4.000,0.3855,0.8934,0.3855,,구애스카프
플라엣테,워시로토무,57,24,2.000,4.000,0.5176,0.8542,0.5176,,먹다남은음식
플라엣테,불카모스,57,25,6.000,5.000,-0.4793,0.2625,-0.6996,,자뭉열매
플라엣테,빠르모트,57,26,1.000,2.000,0.0528,0.0528,-0.1805,,기합의띠
플라엣테,라우드본,57,27,6.000,4.000,0.0060,0.3902,-0.1228,,자뭉열매
플라엣테,삼삼드래,57,28,1.000,3.000,0.3884,0.7520,0.3884,,구애스카프
플라엣테,메타그로스,57,29,4.000,2.000,-0.6192,-0.1986,-0.4890,-0.8525,생명의구슬
플라엣테,망나뇽,57,30,2.495,4.000,0.7346,0.9033,0.7346,0.2068,없음
플라엣테,님피아,57,31,4.000,3.000,0.0725,0.2436,-0.0130,,먹다남은음식
플라엣테,히트로토무,57,32,4.000,3.000,0.2379,0.2522,-0.2288,,구애스카프
플라엣테,거북왕,57,33,3.000,3.000,0.3817,0.3817,0.3817,0.1830,없음
플라엣테,대도각참,57,34,2.000,2.000,0.0347,0.0347,0.0347,,타입강화
플라엣테,팬텀,57,35,2.000,2.000,-0.4319,-0.1805,-0.4319,-0.4319,기합의띠
플라엣테,마폭시,57,36,4.000,3.000,-0.5179,-0.2892,-0.5179,-0.7525,기합의띠
플라엣테,엠페르트,57,37,5.000,3.000,-0.2810,0.1206,-0.2810,,없음
플라엣테,번치코,57,38,2.000,2.000,0.2862,0.2862,0.1379,-0.4319,생명의구슬
플라엣테,대짱이,57,39,3.000,2.000,0.1830,0.1830,-0.0514,0.0347,자뭉열매
플라엣테,라이츄,57,40,2.000,4.000,0.1551,0.4907,0.1551,-0.1805,구애스카프
플라엣테,블래키,57,41,2.000,9.000,0.9975,1.0000,0.9975,,먹다남은음식
플라엣테,다크펫,57,42,2.000,2.000,0.1379,0.1379,0.1379,-0.0494,기합의띠
플라엣테,더시마사리,57,43,4.000,6.000,0.8942,0.9480,0.6661,,먹다남은음식
플라엣테,핫삼,57,44,4.000,3.000,-0.0918,-0.0552,-0.2998,-0.4897,울퉁불퉁멧
플라엣테,오롱털,57,45,1.000,3.000,0.6037,0.7520,0.6037,,없음
플라엣테,픽시,57,46,3.000,6.000,0.8946,0.9692,0.8897,0.6522,먹다남은음식
플라엣테,카디나르마,57,47,4.000,3.000,0.1217,0.2677,0.1217,,기합의띠
플라엣테,앱솔,57,48,1.000,4.000,0.7520,0.8542,0.7520,0.3884,없음
플라엣테,찌리배리,57,49,3.000,6.000,0.8965,0.9864,0.8914,,먹다남은음식
플라엣테,맘모꾸리,57,50,2.000,3.000,0.1830,0.4735,0.1830,,기합의띠
플라엣테,파라블레이즈,57,51,4.000,2.000,-0.2857,-0.0640,-0.2857,,기합의띠
플라엣테,패리퍼,57,52,2.000,4.000,0.7117,0.8691,0.7117,,없음
플라엣테,찌르호크,57,53,2.000,3.000,0.0085,0.4752,0.0085,-0.1838,구애스카프
플라엣테,대검귀,57,54,1.000,4.000,0.7520,0.8542,0.7520,,타입강화
플라엣테,마기라스,57,55,2.000,3.000,0.4164,0.6037,0.2862,0.2862,먹다남은음식
플라엣테,이어롭,57,56,2.000,2.000,-0.2837,-0.1805,-0.2837,-0.1986,자뭉열매
플라엣테,배바닐라,57,58,2.000,4.000,0.5176,0.6670,0.5176,,타입강화
플라엣테,드래펄트,57,59,1.000,3.000,0.1370,0.3884,0.0528,,생명의구슬
플라엣테,입치트,57,60,3.000,2.000,0.0528,0.1830,0.0528,-0.1986,기합의띠
플라엣테,메가니움,57,61,3.000,5.000,0.8290,0.9169,0.8290,0.3908,기합의띠
플라엣테,메타몽,57,62,2.000,4.000,0.7972,0.7972,0.4336,,구애스카프
플라엣테,이상해꽃,57,63,3.000,3.000,0.2381,0.2381,-0.0213,-0.0234,생명의구슬
플라엣테,밀로틱,57,64,4.000,7.000,0.9413,0.9480,0.8396,,먹다남은음식
플라엣테,스코빌런,57,65,4.000,3.000,0.2677,0.3961,0.0734,-0.0062,먹다남은음식
플라엣테,아쿠스타,57,66,2.000,4.000,0.3034,0.4907,0.3034,0.0509,기합의띠
플라엣테,몰드류,57,67,4.000,2.000,-0.4319,-0.1986,-0.7955,-0.8525,구애스카프
플라엣테,조로아크(히스이),57,68,2.000,3.000,0.1551,0.2853,0.1551,,기합의띠
플라엣테,미끄래곤(히스이),57,69,3.000,2.000,-0.1986,0.0347,-0.3017,,먹다남은음식
플라엣테,잠만보,57,70,4.000,3.000,0.2611,0.4130,0.1299,,먹다남은음식
플라엣테,무장조,57,71,4.000,3.000,-0.0956,0.0484,-0.2470,-0.7649,자뭉열매
플라엣테,클레스퍼트라,57,72,2.000,5.000,0.6330,0.8203,0.6330,,기합의띠
플라엣테,창파나이트,57,73,1.000,3.000,0.7068,0.7520,0.7068,,없음
플라엣테,우츠보트,57,74,3.000,2.000,0.1830,0.1830,0.1830,-0.1986,기합의띠
플라엣테,가라르야도킹,57,75,6.000,3.000,-0.3418,-0.2585,-0.6303,,먹다남은음식
플라엣테,깜까미,57,76,1.000,8.000,1.0000,1.0000,1.0000,0.9720,없음
플라엣테,엘풍,57,77,2.000,5.000,0.6330,0.8203,0.6330,,기합의띠
플라엣테,저승갓숭,57,78,2.000,5.000,0.8542,0.9444,0.8542,,먹다남은음식
플라엣테,스트린더(하이),57,79,2.000,2.000,0.1830,0.2862,0.1830,,풍선
플라엣테,샤미드,57,80,4.000,6.000,0.8728,0.9362,0.6447,,먹다남은음식
플라엣테,사마자르,57,81,2.000,4.000,0.6218,0.8542,0.6218,,기합의띠
플라엣테,인텔리레온,57,82,2.000,4.000,0.4907,0.4907,0.4907,,없음
플라엣테,깨비물거미,57,83,3.000,4.000,0.7715,0.8637,0.5856,,자뭉열매
플라엣테,가디안,57,84,3.000,4.000,0.5176,0.8521,0.5176,-0.0964,기합의띠
플라엣테,왕구리,57,85,3.000,5.000,0.8904,0.9475,0.8904,,없음
플라엣테,엘레이드,57,86,2.000,3.000,0.7520,0.7535,0.4164,-0.0440,생명의구슬
플라엣테,브리무음,57,87,2.000,4.000,0.6577,0.8532,0.6577,,기합의띠
플라엣테,눈여아,57,88,2.000,4.000,0.4907,0.6330,0.4907,0.0329,기합의띠
플라엣테,어흥염,57,89,3.000,2.000,0.1830,0.2020,-0.0514,,자뭉열매
플라엣테,마릴리,57,90,2.000,5.000,0.6759,0.7351,0.3217,,자뭉열매
플라엣테,올리르바,57,91,3.000,4.000,0.6924,0.8751,0.6924,,기합의띠
플라엣테,스트린더(로우),57,92,2.000,2.000,0.1830,0.2862,0.1830,,풍선
플라엣테,펜드라,57,93,2.000,2.000,-0.6192,-0.3288,-0.6192,-0.2229,기합의띠
플라엣테,화염레오,57,94,4.000,3.000,-0.1990,-0.1990,-0.1990,-0.5665,기합의띠
플라엣테,윈디(히스이),57,95,4.000,2.000,-0.4357,-0.0536,-0.4357,,기합의띠
플라엣테,캥카,57,96,2.000,2.000,0.1830,0.2119,0.0577,-0.4452,타입강화
플라엣테,꿈트렁,57,97,3.000,2.000,-0.1986,0.0302,-0.3085,,자뭉열매
플라엣테,에써르(암컷),57,98,2.000,5.000,0.8521,0.8904,0.8521,,없음
플라엣테,후딘,57,99,2.000,4.000,-0.0092,0.4907,-0.0092,,기합의띠
플라엣테,드래캄,57,100,3.000,2.000,0.0347,0.1830,0.0347,-0.1986,생명의구슬
배바닐라,보만다,58,1,1.000,3.000,0.1396,,0.1396,-0.0955,구애스카프
배바닐라,한카리아스,58,2,1.000,2.000,-0.0955,,-0.0955,-0.3288,구애스카프
배바닐라,누리레느,58,3,6.000,3.000,-0.4948,,-0.7000,,자뭉열매
배바닐라,갑주무사,58,4,5.000,2.000,-0.5621,,-0.6353,-0.7955,생명의구슬
배바닐라,하마돈,58,5,2.000,3.000,0.5967,,0.5967,,자뭉열매
배바닐라,루카리오,58,6,4.000,1.000,-0.8977,,-0.8977,-0.8977,기합의띠
배바닐라,드닐레이브,58,7,3.000,2.000,-0.5621,,-0.5621,-0.5621,기합의띠
배바닐라,브리두라스,58,8,2.000,2.000,-0.3288,,-0.5621,,자뭉열매
배바닐라,타부자고,58,9,6.000,2.000,-0.8272,,-0.8272,,풍선
배바닐라,따라큐,58,10,3.000,3.000,-0.2267,,-0.3212,,생명의구슬
배바닐라,고릴타,58,11,2.000,2.000,-0.3288,,-0.4311,,생명의구슬
배바닐라,킬가르도,58,12,6.000,1.000,-0.8977,,-0.8977,,먹다남은음식
배바닐라,마스카나,58,13,1.000,3.000,0.2401,,0.2401,,구애스카프
배바닐라,갸라도스,58,14,3.000,3.000,-0.2267,,-0.2267,-0.7000,울퉁불퉁멧
배바닐라,아머까오,58,15,4.000,3.000,0.0043,,0.0043,,울퉁불퉁멧
배바닐라,킬라플로르,58,16,3.000,2.000,-0.5621,,-0.5621,-0.8977,기합의띠
배바닐라,대쓰여너,58,17,5.000,2.000,-0.5621,,-0.7955,,구애스카프
배바닐라,리자몽,58,18,3.000,1.000,-0.8219,,-0.8219,-0.8746,구애스카프
배바닐라,포푸니크,58,19,3.000,1.000,-0.8977,,-0.8977,,없음
배바닐라,개굴닌자,58,20,4.000,3.000,-0.4623,,-0.4623,-0.7955,기합의띠
배바닐라,에이스번,58,21,4.000,1.000,-0.8977,,-0.8977,,구애스카프
배바닐라,알로라 나인테일,58,22,2.000,4.000,0.3424,,0.3424,,없음
배바닐라,에써르(수컷),58,23,3.000,3.000,-0.2267,,-0.2267,,구애스카프
배바닐라,워시로토무,58,24,5.000,3.000,-0.6980,,-0.7000,,먹다남은음식
배바닐라,불카모스,58,25,7.000,2.000,-0.7955,,-0.7955,,자뭉열매
배바닐라,빠르모트,58,26,2.000,1.000,-0.6644,,-0.6644,,기합의띠
배바닐라,라우드본,58,27,7.000,2.000,-0.8005,,-0.8005,,자뭉열매
배바닐라,삼삼드래,58,28,2.000,2.000,-0.3288,,-0.3288,,구애스카프
배바닐라,메타그로스,58,29,5.000,2.000,-0.5621,,-0.6644,-0.7955,생명의구슬
배바닐라,망나뇽,58,30,1.495,3.000,-0.0399,,-0.0399,-0.1600,없음
배바닐라,님피아,58,31,4.000,2.000,-0.4296,,-0.6629,,먹다남은음식
배바닐라,히트로토무,58,32,5.000,1.000,-0.8977,,-0.8977,,구애스카프
배바닐라,거북왕,58,33,5.000,2.000,-0.5621,,-0.5621,-0.7955,없음
배바닐라,대도각참,58,34,5.000,2.000,-0.5621,,-0.5621,,타입강화
배바닐라,팬텀,58,35,2.000,2.000,-0.3288,,-0.3288,-0.5621,기합의띠
배바닐라,마폭시,58,36,5.000,1.000,-0.8977,,-0.8977,-0.8977,기합의띠
배바닐라,엠페르트,58,37,11.000,2.000,-0.7844,,-0.7844,,없음
배바닐라,번치코,58,38,4.000,1.000,-0.8977,,-0.8977,-0.8977,생명의구슬
배바닐라,대짱이,58,39,3.000,2.000,-0.0955,,-0.3288,-0.0955,자뭉열매
배바닐라,라이츄,58,40,2.000,2.000,-0.3288,,-0.3288,-0.3288,구애스카프
배바닐라,블래키,58,41,4.000,5.000,0.3421,,0.0505,,먹다남은음식
배바닐라,다크펫,58,42,2.000,2.000,0.1379,,0.1379,0.1379,기합의띠
배바닐라,더시마사리,58,43,7.000,6.000,0.0000,,-0.7000,,먹다남은음식
배바닐라,핫삼,58,44,5.000,2.000,-0.5970,,-0.5970,-0.6962,울퉁불퉁멧
배바닐라,오롱털,58,45,3.000,3.000,0.2400,,0.2400,,없음
배바닐라,픽시,58,46,4.000,3.000,0.2961,,0.2961,0.4379,먹다남은음식
배바닐라,카디나르마,58,47,5.000,1.000,-0.8977,,-0.8977,,기합의띠
배바닐라,앱솔,58,48,2.000,2.000,0.1379,,0.1379,-0.3288,없음
배바닐라,찌리배리,58,49,4.000,4.000,0.2986,,0.2986,,먹다남은음식
배바닐라,맘모꾸리,58,50,3.000,2.000,-0.5621,,-0.5621,,기합의띠
배바닐라,파라블레이즈,58,51,5.000,2.000,-0.7955,,-0.7955,,기합의띠
배바닐라,패리퍼,58,52,2.000,3.000,0.4894,,0.4894,,없음
배바닐라,찌르호크,58,53,2.000,2.000,-0.2861,,-0.2861,-0.3902,구애스카프
배바닐라,대검귀,58,54,4.000,2.000,-0.7955,,-0.7955,,타입강화
배바닐라,마기라스,58,55,3.000,1.000,-0.4311,,-0.6644,-0.4311,먹다남은음식
배바닐라,이어롭,58,56,3.000,2.000,-0.5621,,-0.5621,-0.8977,자뭉열매
배바닐라,플라엣테,58,57,4.000,2.000,-0.5180,,-0.5180,-0.6653,구애스카프
배바닐라,드래펄트,58,59,2.000,2.000,-0.3288,,-0.0955,,생명의구슬
배바닐라,입치트,58,60,3.000,2.000,-0.0955,,-0.0955,-0.3288,기합의띠
배바닐라,메가니움,58,61,2.000,4.000,0.2414,,0.2414,-0.0942,기합의띠
배바닐라,메타몽,58,62,2.000,4.000,0.8090,,0.3424,,구애스카프
배바닐라,이상해꽃,58,63,2.000,4.000,0.2251,,0.0068,-0.1859,생명의구슬
배바닐라,밀로틱,58,64,9.000,5.000,-0.7000,,-0.7000,,먹다남은음식
배바닐라,스코빌런,58,65,2.000,2.000,0.0427,,-0.1245,-0.3649,먹다남은음식
배바닐라,아쿠스타,58,66,4.000,4.000,-0.1639,,-0.1639,-0.6980,기합의띠
배바닐라,몰드류,58,67,3.000,2.000,-0.5621,,-0.5621,-0.5621,구애스카프
배바닐라,조로아크(히스이),58,68,2.000,2.000,-0.3288,,-0.3288,,기합의띠
배바닐라,미끄래곤(히스이),58,69,4.000,2.000,-0.3288,,-0.3288,,먹다남은음식
배바닐라,잠만보,58,70,7.000,2.000,-0.7955,,-0.7955,,먹다남은음식
배바닐라,무장조,58,71,3.000,3.000,0.2118,,-0.0232,-0.7312,자뭉열매
배바닐라,클레스퍼트라,58,72,2.000,4.000,0.3424,,0.3424,,기합의띠
배바닐라,창파나이트,58,73,2.000,1.000,-0.1977,,-0.1977,,없음
배바닐라,우츠보트,58,74,2.000,4.000,0.8090,,0.8090,0.4735,기합의띠
배바닐라,가라르야도킹,58,75,4.000,3.000,-0.0292,,-0.2640,,먹다남은음식
배바닐라,깜까미,58,76,2.000,4.000,0.6614,,0.6614,0.2672,없음
배바닐라,엘풍,58,77,1.000,4.000,0.5757,,0.3424,,기합의띠
배바닐라,저승갓숭,58,78,3.000,1.000,-0.5978,,-0.8064,,먹다남은음식
배바닐라,스트린더(하이),58,79,2.000,3.000,0.4735,,0.4735,,풍선
배바닐라,샤미드,58,80,8.000,4.000,-0.6712,,-0.7000,,먹다남은음식
배바닐라,사마자르,58,81,2.000,2.000,-0.3288,,-0.3288,,기합의띠
배바닐라,인텔리레온,58,82,4.000,3.000,-0.4623,,-0.4623,,없음
배바닐라,깨비물거미,58,83,6.000,4.000,-0.3040,,-0.5373,,자뭉열매
배바닐라,가디안,58,84,3.000,3.000,-0.2267,,-0.2267,-0.5621,기합의띠
배바닐라,왕구리,58,85,5.000,3.000,-0.2313,,-0.2313,,없음
배바닐라,엘레이드,58,86,3.000,2.000,-0.5621,,-0.8977,-0.8864,생명의구슬
배바닐라,브리무음,58,87,3.000,3.000,0.2400,,0.2400,,기합의띠
배바닐라,눈여아,58,88,2.000,4.000,0.3424,,0.3424,-0.2267,기합의띠
배바닐라,어흥염,58,89,5.000,1.000,-0.8873,,-0.8873,,자뭉열매
배바닐라,마릴리,58,90,5.000,3.000,-0.4273,,-0.6606,,자뭉열매
배바닐라,올리르바,58,91,2.000,3.000,0.4735,,0.4735,,기합의띠
배바닐라,스트린더(로우),58,92,2.000,3.000,0.4735,,0.4735,,풍선
배바닐라,펜드라,58,93,2.000,3.000,-0.1524,,-0.1524,-0.0955,기합의띠
배바닐라,화염레오,58,94,4.000,1.000,-0.8977,,-0.8977,-0.8977,기합의띠
배바닐라,윈디(히스이),58,95,5.000,1.000,-0.8939,,-0.8939,,기합의띠
배바닐라,캥카,58,96,3.000,2.000,-0.5621,,-0.5621,-0.5982,타입강화
배바닐라,꿈트렁,58,97,4.000,2.000,-0.3288,,-0.3410,,자뭉열매
배바닐라,에써르(암컷),58,98,3.000,3.000,-0.2267,,-0.2267,,없음
배바닐라,후딘,58,99,2.000,2.000,-0.3288,,-0.3288,,기합의띠
배바닐라,드래캄,58,100,2.000,2.000,0.1379,,0.1379,0.1379,생명의구슬
드래펄트,보만다,59,1,2.000,2.000,0.0374,,-0.4293,0.0374,구애스카프
드래펄트,한카리아스,59,2,2.000,1.000,-0.1977,,-0.6644,-0.6644,구애스카프
드래펄트,누리레느,59,3,3.000,2.000,-0.0955,,-0.1236,,자뭉열매
드래펄트,갑주무사,59,4,3.000,3.000,0.4070,,0.1379,0.2334,생명의구슬
드래펄트,하마돈,59,5,3.000,3.000,0.5101,,0.2630,,자뭉열매
드래펄트,루카리오,59,6,2.000,2.000,0.1379,,0.1379,0.1379,기합의띠
드래펄트,드닐레이브,59,7,2.000,1.000,-0.1977,,-0.1977,-0.1977,기합의띠
드래펄트,브리두라스,59,8,2.000,1.000,-0.1977,,-0.4311,,자뭉열매
드래펄트,타부자고,59,9,2.000,2.000,0.1379,,0.1379,,풍선
드래펄트,따라큐,59,10,2.000,2.000,0.1379,,0.3539,,생명의구슬
드래펄트,고릴타,59,11,2.000,3.000,0.4735,,0.1379,,생명의구슬
드래펄트,킬가르도,59,12,2.000,1.000,-0.1977,,-0.1977,,먹다남은음식
드래펄트,마스카나,59,13,2.000,1.000,-0.1977,,-0.6644,,구애스카프
드래펄트,갸라도스,59,14,2.000,2.000,0.1379,,0.1379,-0.0955,울퉁불퉁멧
드래펄트,아머까오,59,15,3.000,4.000,0.5732,,0.2400,,울퉁불퉁멧
드래펄트,킬라플로르,59,16,2.000,2.000,0.1379,,0.1379,-0.0955,기합의띠
드래펄트,대쓰여너,59,17,2.000,2.000,0.1379,,-0.3288,,구애스카프
드래펄트,리자몽,59,18,3.000,2.000,0.1609,,-0.3057,-0.0197,구애스카프
드래펄트,포푸니크,59,19,2.000,2.000,0.1379,,0.1379,,없음
드래펄트,개굴닌자,59,20,2.000,2.000,0.1379,,0.1379,-0.0955,기합의띠
드래펄트,에이스번,59,21,2.000,2.000,0.1379,,-0.3288,,구애스카프
드래펄트,알로라 나인테일,59,22,2.000,2.000,0.1379,,0.1379,,없음
드래펄트,에써르(수컷),59,23,2.000,3.000,0.4735,,0.0068,,구애스카프
드래펄트,워시로토무,59,24,2.000,3.000,0.4735,,0.2400,,먹다남은음식
드래펄트,불카모스,59,25,3.000,4.000,0.8675,,0.5900,,자뭉열매
드래펄트,빠르모트,59,26,2.000,3.000,0.4735,,0.4735,,기합의띠
드래펄트,라우드본,59,27,3.000,2.000,0.2350,,0.2350,,자뭉열매
드래펄트,삼삼드래,59,28,2.000,1.000,-0.1977,,-0.6644,,구애스카프
드래펄트,메타그로스,59,29,2.000,2.000,0.1379,,0.1379,0.1379,생명의구슬
드래펄트,망나뇽,59,30,2.495,2.000,-0.1422,,-0.1422,-0.1433,없음
드래펄트,님피아,59,31,3.000,1.000,-0.5981,,-0.5981,,먹다남은음식
드래펄트,히트로토무,59,32,2.000,4.000,0.8090,,0.3424,,구애스카프
드래펄트,거북왕,59,33,3.000,3.000,0.2400,,0.2400,-0.0955,없음
드래펄트,대도각참,59,34,2.000,2.000,0.1379,,-0.1977,,타입강화
드래펄트,팬텀,59,35,1.000,2.000,0.3712,,0.1379,0.1379,기합의띠
드래펄트,마폭시,59,36,2.000,3.000,0.4735,,0.4735,0.1379,기합의띠
드래펄트,엠페르트,59,37,3.000,2.000,-0.0839,,-0.0839,,없음
드래펄트,번치코,59,38,2.000,4.000,0.8090,,0.4735,0.4735,생명의구슬
드래펄트,대짱이,59,39,3.000,3.000,0.2400,,0.2400,-0.0955,자뭉열매
드래펄트,라이츄,59,40,2.000,3.000,0.4735,,0.0068,0.1379,구애스카프
드래펄트,블래키,59,41,4.000,3.000,-0.0123,,-0.2476,,먹다남은음식
드래펄트,다크펫,59,42,1.000,1.000,0.0356,,-0.1977,-0.1977,기합의띠
드래펄트,더시마사리,59,43,4.000,7.000,0.8910,,0.8910,,먹다남은음식
드래펄트,핫삼,59,44,1.000,3.000,0.7656,,0.7656,0.5727,울퉁불퉁멧
드래펄트,오롱털,59,45,4.000,2.000,-0.3288,,-0.3288,,없음
드래펄트,픽시,59,46,4.000,2.000,-0.3041,,-0.3041,-0.3041,먹다남은음식
드래펄트,카디나르마,59,47,2.000,3.000,0.4735,,0.4735,,기합의띠
드래펄트,앱솔,59,48,2.000,2.000,0.1379,,0.1379,-0.3288,없음
드래펄트,찌리배리,59,49,3.000,5.000,0.5993,,0.5993,,먹다남은음식
드래펄트,맘모꾸리,59,50,2.000,2.000,0.1379,,0.1379,,기합의띠
드래펄트,파라블레이즈,59,51,2.000,1.000,-0.1977,,-0.1977,,기합의띠
드래펄트,패리퍼,59,52,1.000,3.000,0.6696,,0.6696,,없음
드래펄트,찌르호크,59,53,3.000,3.000,0.2213,,-0.2454,0.1786,구애스카프
드래펄트,대검귀,59,54,2.000,2.000,0.1379,,0.1379,,타입강화
드래펄트,마기라스,59,55,3.000,2.000,-0.0955,,-0.0955,-0.0955,먹다남은음식
드래펄트,이어롭,59,56,2.000,2.000,0.1379,,-0.0955,0.1379,자뭉열매
드래펄트,플라엣테,59,57,3.000,1.000,-0.2828,,-0.7494,-0.5342,구애스카프
드래펄트,배바닐라,59,58,2.000,2.000,0.1379,,-0.1977,,타입강화
드래펄트,입치트,59,60,2.000,2.000,0.1379,,0.1379,0.1379,기합의띠
드래펄트,메가니움,59,61,3.000,4.000,0.5432,,0.5432,-0.0955,기합의띠
드래펄트,메타몽,59,62,2.000,2.000,0.1379,,0.1379,,구애스카프
드래펄트,이상해꽃,59,63,3.000,5.000,0.9288,,0.8725,0.5914,생명의구슬
드래펄트,밀로틱,59,64,4.000,3.000,0.0038,,0.0038,,먹다남은음식
드래펄트,스코빌런,59,65,2.000,4.000,0.8090,,0.8090,0.5450,먹다남은음식
드래펄트,아쿠스타,59,66,2.000,2.000,0.1379,,0.1379,0.1379,기합의띠
드래펄트,몰드류,59,67,2.000,2.000,0.1379,,-0.3288,0.1379,구애스카프
드래펄트,조로아크(히스이),59,68,2.000,2.000,0.1379,,0.1379,,기합의띠
드래펄트,미끄래곤(히스이),59,69,3.000,1.000,-0.4311,,-0.4311,,먹다남은음식
드래펄트,잠만보,59,70,3.000,3.000,0.1323,,0.0043,,먹다남은음식
드래펄트,무장조,59,71,2.000,3.000,0.7166,,0.4801,0.2118,자뭉열매
드래펄트,클레스퍼트라,59,72,2.000,3.000,0.4735,,0.4735,,기합의띠
드래펄트,창파나이트,59,73,2.000,3.000,0.4735,,0.4735,,없음
드래펄트,우츠보트,59,74,2.000,3.000,0.4735,,0.4735,0.2400,기합의띠
드래펄트,가라르야도킹,59,75,2.000,3.000,0.3608,,0.3608,,먹다남은음식
드래펄트,깜까미,59,76,2.000,2.000,0.2835,,0.2835,0.0366,없음
드래펄트,엘풍,59,77,2.000,2.000,0.1379,,0.1379,,기합의띠
드래펄트,저승갓숭,59,78,2.000,3.000,0.4735,,0.4735,,먹다남은음식
드래펄트,스트린더(하이),59,79,2.000,3.000,0.4735,,0.4735,,풍선
드래펄트,샤미드,59,80,4.000,3.000,-0.0080,,-0.0080,,먹다남은음식
드래펄트,사마자르,59,81,2.000,3.000,0.4735,,0.4735,,기합의띠
드래펄트,인텔리레온,59,82,2.000,2.000,0.1379,,0.1379,,없음
드래펄트,깨비물거미,59,83,3.000,4.000,0.3408,,0.2590,,자뭉열매
드래펄트,가디안,59,84,1.000,2.000,0.3712,,0.1379,0.0356,기합의띠
드래펄트,왕구리,59,85,3.000,3.000,0.2400,,0.2400,,없음
드래펄트,엘레이드,59,86,1.000,2.000,0.3633,,0.0469,0.1379,생명의구슬
드래펄트,브리무음,59,87,2.000,2.000,0.1379,,0.1379,,기합의띠
드래펄트,눈여아,59,88,2.000,2.000,0.1379,,0.1379,-0.1977,기합의띠
드래펄트,어흥염,59,89,3.000,2.000,-0.0955,,-0.1192,,자뭉열매
드래펄트,마릴리,59,90,3.000,2.000,-0.0955,,-0.0955,,자뭉열매
드래펄트,올리르바,59,91,3.000,3.000,0.1990,,0.1990,,기합의띠
드래펄트,스트린더(로우),59,92,2.000,5.000,0.9113,,0.9113,,풍선
드래펄트,펜드라,59,93,2.000,4.000,0.8628,,0.8628,0.6498,기합의띠
드래펄트,화염레오,59,94,2.000,3.000,0.4735,,0.4735,0.1379,기합의띠
드래펄트,윈디(히스이),59,95,3.000,2.000,-0.0955,,-0.0955,,기합의띠
드래펄트,캥카,59,96,3.000,3.000,0.2400,,0.2400,0.2400,타입강화
드래펄트,꿈트렁,59,97,2.000,3.000,0.4910,,0.4910,,자뭉열매
드래펄트,에써르(암컷),59,98,2.000,3.000,0.4735,,0.4735,,없음
드래펄트,후딘,59,99,1.000,2.000,0.3712,,0.1379,,기합의띠
드래펄트,드래캄,59,100,2.000,1.000,-0.1977,,0.0356,-0.1977,생명의구슬
입치트,보만다,60,1,3.000,2.000,-0.5621,-0.2573,-0.5621,-0.5928,구애스카프
입치트,한카리아스,60,2,2.000,2.000,-0.3288,-0.3288,-0.3288,-0.3288,구애스카프
입치트,누리레느,60,3,3.000,2.000,-0.5621,-0.2267,-0.7799,,자뭉열매
입치트,갑주무사,60,4,4.000,3.000,0.0674,0.1345,-0.1969,0.2400,생명의구슬
입치트,하마돈,60,5,5.000,2.000,-0.2839,-0.4145,-0.5181,,자뭉열매
입치트,루카리오,60,6,3.000,2.000,-0.5621,-0.5621,-0.5621,-0.8977,기합의띠
입치트,드닐레이브,60,7,2.000,2.000,-0.3288,-0.3288,-0.3288,-0.5621,기합의띠
입치트,브리두라스,60,8,4.000,2.000,-0.7955,-0.3321,-0.7955,,자뭉열매
입치트,타부자고,60,9,5.000,2.000,-0.7955,-0.4035,-0.7955,,풍선
입치트,따라큐,60,10,2.000,5.000,0.7018,0.6780,0.3424,,생명의구슬
입치트,고릴타,60,11,4.000,3.000,-0.3321,-0.5621,-0.5621,,생명의구슬
입치트,킬가르도,60,12,4.000,1.000,-0.8977,-0.7955,-0.8977,,먹다남은음식
입치트,마스카나,60,13,2.000,4.000,0.3424,0.3424,0.3424,,구애스카프
입치트,갸라도스,60,14,3.000,2.000,-0.5621,-0.3288,-0.5621,-0.3288,울퉁불퉁멧
입치트,아머까오,60,15,5.000,6.000,0.1997,0.1997,-0.2850,,울퉁불퉁멧
입치트,킬라플로르,60,16,2.000,2.000,-0.3288,-0.3288,-0.3288,-0.3288,기합의띠
입치트,대쓰여너,60,17,3.000,2.000,-0.5621,-0.5621,-0.5621,,구애스카프
입치트,리자몽,60,18,3.000,1.000,-0.8977,-0.8746,-0.8977,-0.8977,구애스카프
입치트,포푸니크,60,19,1.000,3.000,0.2401,-0.0955,0.2401,,없음
입치트,개굴닌자,60,20,2.000,2.000,-0.3288,-0.3288,-0.3288,-0.3288,기합의띠
입치트,에이스번,60,21,5.000,2.000,-0.7955,-0.7955,-0.7955,,구애스카프
입치트,알로라 나인테일,60,22,1.000,4.000,0.5757,0.9113,0.5757,,없음
입치트,에써르(수컷),60,23,3.000,2.000,-0.5621,0.0068,-0.5621,,구애스카프
입치트,워시로토무,60,24,3.000,2.000,-0.5621,-0.5621,-0.7955,,먹다남은음식
입치트,불카모스,60,25,6.000,1.000,-0.8365,-0.7955,-0.8365,,자뭉열매
입치트,빠르모트,60,26,2.000,3.000,0.0068,0.0068,0.0068,,기합의띠
입치트,라우드본,60,27,6.000,1.000,-0.8977,-0.8005,-0.8977,,자뭉열매
입치트,삼삼드래,60,28,1.000,1.000,-0.4311,-0.0955,-0.4311,,구애스카프
입치트,메타그로스,60,29,4.000,2.000,-0.7955,-0.7955,-0.7955,-0.7955,생명의구슬
입치트,망나뇽,60,30,2.495,2.000,-0.5632,-0.2732,-0.5632,-0.5644,없음
입치트,님피아,60,31,3.000,2.000,-0.2557,0.0068,-0.2557,,먹다남은음식
입치트,히트로토무,60,32,5.000,1.000,-0.8977,-0.8977,-0.8977,,구애스카프
입치트,거북왕,60,33,3.000,2.000,-0.5621,-0.5621,-0.5621,-0.8977,없음
입치트,대도각참,60,34,2.000,4.000,0.5757,0.2401,0.5757,,타입강화
입치트,팬텀,60,35,2.000,2.000,-0.3288,0.0068,-0.3288,-0.5621,기합의띠
입치트,마폭시,60,36,3.000,1.000,-0.8977,-0.8977,-0.8977,-0.8977,기합의띠
입치트,엠페르트,60,37,3.000,2.000,-0.5892,-0.5355,-0.5892,,없음
입치트,번치코,60,38,3.000,2.000,-0.5621,-0.6644,-0.6644,-0.8977,생명의구슬
입치트,대짱이,60,39,4.000,2.000,-0.7955,-0.7955,-0.7955,-0.7955,자뭉열매
입치트,라이츄,60,40,3.000,2.000,-0.5621,-0.3288,-0.5621,-0.8977,구애스카프
입치트,블래키,60,41,3.000,11.000,0.9943,0.9943,0.9551,,먹다남은음식
입치트,다크펫,60,42,3.000,3.000,-0.2267,0.0068,-0.2267,-0.5621,기합의띠
입치트,더시마사리,60,43,5.000,7.000,0.8452,0.9475,0.8452,,먹다남은음식
입치트,핫삼,60,44,3.000,4.000,0.2755,0.3925,-0.1274,0.0335,울퉁불퉁멧
입치트,오롱털,60,45,2.000,6.000,1.0000,0.6780,1.0000,,없음
입치트,픽시,60,46,3.000,2.000,-0.2375,-0.2375,-0.2375,-0.5374,먹다남은음식
입치트,카디나르마,60,47,4.000,1.000,-0.8977,-0.8977,-0.8977,,기합의띠
입치트,앱솔,60,48,2.000,4.000,0.3424,0.0068,0.3424,0.0068,없음
입치트,찌리배리,60,49,6.000,3.000,-0.2146,0.1786,-0.3285,,먹다남은음식
입치트,맘모꾸리,60,50,2.000,2.000,-0.3288,-0.3288,-0.3288,,기합의띠
입치트,파라블레이즈,60,51,3.000,2.000,-0.5621,-0.5621,-0.5621,,기합의띠
입치트,패리퍼,60,52,2.000,2.000,-0.2753,0.0068,-0.2753,,없음
입치트,찌르호크,60,53,5.000,4.000,-0.2936,-0.5247,-0.2936,-0.1840,구애스카프
입치트,대검귀,60,54,2.000,4.000,0.3424,0.3424,0.3424,,타입강화
입치트,마기라스,60,55,2.000,2.000,-0.3288,-0.3288,-0.5621,-0.5621,먹다남은음식
입치트,이어롭,60,56,3.000,5.000,0.3237,-0.0095,0.1925,-0.3288,자뭉열매
입치트,플라엣테,60,57,2.000,3.000,-0.0964,0.1551,-0.0964,-0.2837,구애스카프
입치트,배바닐라,60,58,2.000,3.000,0.0068,0.3424,0.0068,,타입강화
입치트,드래펄트,60,59,2.000,2.000,-0.3288,-0.3288,-0.6644,,생명의구슬
입치트,메가니움,60,61,4.000,2.000,-0.6363,-0.3004,-0.6363,-0.5621,기합의띠
입치트,메타몽,60,62,2.000,5.000,0.9113,0.8090,0.6780,,구애스카프
입치트,이상해꽃,60,63,4.000,2.000,-0.7139,-0.3439,-0.5621,-0.7955,생명의구슬
입치트,밀로틱,60,64,4.000,3.000,-0.3316,-0.0156,-0.5665,,먹다남은음식
입치트,스코빌런,60,65,5.000,1.000,-0.8977,-0.8977,-0.8977,-0.8977,먹다남은음식
입치트,아쿠스타,60,66,3.000,5.000,0.4399,0.1066,0.4399,0.1066,기합의띠
입치트,몰드류,60,67,3.000,2.000,-0.5621,-0.5621,-0.5621,-0.7955,구애스카프
입치트,조로아크(히스이),60,68,3.000,2.000,-0.5621,-0.3288,-0.5621,,기합의띠
입치트,미끄래곤(히스이),60,69,4.000,2.000,-0.7955,-0.5621,-0.7955,,먹다남은음식
입치트,잠만보,60,70,4.000,3.000,0.1345,0.0096,-0.0304,,먹다남은음식
입치트,무장조,60,71,5.000,5.000,-0.0851,-0.1488,-0.4660,-0.3247,자뭉열매
입치트,클레스퍼트라,60,72,3.000,4.000,0.1066,0.2752,0.1066,,기합의띠
입치트,창파나이트,60,73,2.000,2.000,-0.3288,-0.3288,-0.3288,,없음
입치트,우츠보트,60,74,3.000,6.000,0.7599,0.9932,0.7599,0.4399,기합의띠
입치트,가라르야도킹,60,75,4.000,2.000,-0.4838,0.0573,-0.6389,,먹다남은음식
입치트,깜까미,60,76,2.000,9.000,1.0000,1.0000,1.0000,0.9971,없음
입치트,엘풍,60,77,2.000,5.000,0.6780,1.0000,0.6780,,기합의띠
입치트,저승갓숭,60,78,2.000,3.000,0.0068,0.0068,-0.2019,,먹다남은음식
입치트,스트린더(하이),60,79,3.000,2.000,-0.5621,0.0068,-0.5621,,풍선
입치트,샤미드,60,80,4.000,3.000,-0.3605,-0.0406,-0.5959,,먹다남은음식
입치트,사마자르,60,81,2.000,4.000,0.3424,0.0068,0.3424,,기합의띠
입치트,인텔리레온,60,82,3.000,2.000,-0.5621,0.0068,-0.5621,,없음
입치트,깨비물거미,60,83,3.000,3.000,0.2081,0.6741,0.1345,,자뭉열매
입치트,가디안,60,84,2.000,2.000,-0.3288,-0.3288,-0.3288,-0.3288,기합의띠
입치트,왕구리,60,85,3.000,2.000,-0.5621,-0.5621,-0.5621,,없음
입치트,엘레이드,60,86,2.000,2.000,-0.3175,-0.3288,-0.3288,-0.3288,생명의구슬
입치트,브리무음,60,87,2.000,2.000,0.1379,0.1379,0.1379,,기합의띠
입치트,눈여아,60,88,2.000,3.000,0.0068,0.3424,0.0068,-0.3288,기합의띠
입치트,어흥염,60,89,5.000,2.000,-0.7955,-0.7955,-0.7955,,자뭉열매
입치트,마릴리,60,90,3.000,6.000,0.4085,0.2745,0.2842,,자뭉열매
입치트,올리르바,60,91,4.000,2.000,-0.2353,-0.0955,-0.2353,,기합의띠
입치트,스트린더(로우),60,92,3.000,2.000,-0.5621,0.0068,-0.5621,,풍선
입치트,펜드라,60,93,3.000,3.000,-0.2267,-0.1159,-0.2267,-0.5519,기합의띠
입치트,화염레오,60,94,3.000,1.000,-0.8977,-0.8977,-0.8977,-0.8977,기합의띠
입치트,윈디(히스이),60,95,3.000,2.000,-0.5708,-0.5708,-0.5708,,기합의띠
입치트,캥카,60,96,4.000,3.000,-0.2430,-0.2267,-0.2430,-0.7238,타입강화
입치트,꿈트렁,60,97,4.000,3.000,-0.3445,-0.3321,-0.5733,,자뭉열매
입치트,에써르(암컷),60,98,3.000,2.000,-0.5621,-0.2267,-0.5621,,없음
입치트,후딘,60,99,2.000,2.000,-0.3288,0.0068,-0.3288,,기합의띠
입치트,드래캄,60,100,3.000,3.000,0.2400,0.4735,0.1379,-0.0955,생명의구슬
메가니움,보만다,61,1,5.000,3.000,-0.5877,0.0254,-0.5877,-0.8047,구애스카프
메가니움,한카리아스,61,2,4.000,3.000,-0.4924,0.2414,-0.4924,-0.6571,구애스카프
메가니움,누리레느,61,3,2.000,3.000,0.2495,0.5635,0.2410,,자뭉열매
메가니움,갑주무사,61,4,4.000,2.000,-0.2586,0.4991,-0.2142,-0.7955,생명의구슬
메가니움,하마돈,61,5,2.000,5.000,0.8489,0.9146,0.8200,,자뭉열매
메가니움,루카리오,61,6,3.000,3.000,-0.2574,-0.4298,-0.2574,-0.4919,기합의띠
메가니움,드닐레이브,61,7,4.000,2.000,-0.7955,-0.4919,-0.7955,-0.7955,기합의띠
메가니움,브리두라스,61,8,3.000,3.000,-0.3277,-0.2574,-0.4924,,자뭉열매
메가니움,타부자고,61,9,5.000,4.000,-0.5755,-0.4922,-0.7081,,풍선
메가니움,따라큐,61,10,3.000,5.000,-0.1300,0.2183,-0.2012,,생명의구슬
메가니움,고릴타,61,11,6.000,4.000,-0.6994,0.5478,-0.7287,,생명의구슬
메가니움,킬가르도,61,12,4.000,3.000,-0.1904,-0.1263,-0.4252,,먹다남은음식
메가니움,마스카나,61,13,3.000,2.000,-0.7252,-0.3288,-0.7252,,구애스카프
메가니움,갸라도스,61,14,4.000,4.000,-0.3719,0.2308,-0.3719,0.0765,울퉁불퉁멧
메가니움,아머까오,61,15,13.000,3.000,-0.7287,-0.7287,-0.7287,,울퉁불퉁멧
메가니움,킬라플로르,61,16,2.000,2.000,-0.3288,-0.5942,-0.3288,-0.4298,기합의띠
메가니움,대쓰여너,61,17,2.000,4.000,0.7080,0.7783,0.2414,,구애스카프
메가니움,리자몽,61,18,3.000,2.000,-0.4920,-0.3127,-0.4920,-0.6772,구애스카프
메가니움,포푸니크,61,19,3.000,2.000,-0.7252,-0.5929,-0.7252,,없음
메가니움,개굴닌자,61,20,2.000,2.000,-0.0942,-0.3596,-0.0942,-0.3288,기합의띠
메가니움,에이스번,61,21,3.000,2.000,-0.7252,-0.8275,-0.7252,,구애스카프
메가니움,알로라 나인테일,61,22,4.000,2.000,-0.7252,-0.2574,-0.7252,,없음
메가니움,에써르(수컷),61,23,3.000,4.000,-0.1828,0.0765,-0.1828,,구애스카프
메가니움,워시로토무,61,24,2.000,7.000,0.9031,1.0000,0.9031,,먹다남은음식
메가니움,불카모스,61,25,4.000,2.000,-0.4922,-0.3514,-0.7265,,자뭉열매
메가니움,빠르모트,61,26,3.000,3.000,-0.1564,0.3116,-0.1564,,기합의띠
메가니움,라우드본,61,27,5.000,2.000,-0.2606,-0.0257,-0.4918,,자뭉열매
메가니움,삼삼드래,61,28,2.000,3.000,-0.2574,0.1391,-0.2574,,구애스카프
메가니움,메타그로스,61,29,4.000,3.000,0.2838,-0.0252,-0.0257,-0.3914,생명의구슬
메가니움,망나뇽,61,30,5.495,3.000,-0.5614,0.0237,-0.5614,-0.7467,없음
메가니움,님피아,61,31,6.000,3.000,-0.4742,0.0098,-0.6379,,먹다남은음식
메가니움,히트로토무,61,32,5.000,2.000,-0.7955,-0.7252,-0.7955,,구애스카프
메가니움,거북왕,61,33,2.000,4.000,0.7080,0.7783,0.7080,0.2092,없음
메가니움,대도각참,61,34,4.000,3.000,0.0753,-0.0252,0.0753,,타입강화
메가니움,팬텀,61,35,3.000,2.000,-0.4919,-0.6644,-0.4919,-0.8263,기합의띠
메가니움,마폭시,61,36,4.000,2.000,-0.8263,-0.4919,-0.8263,-0.8263,기합의띠
메가니움,엠페르트,61,37,4.000,3.000,0.0771,0.2179,0.0771,,없음
메가니움,번치코,61,38,3.000,2.000,-0.3288,-0.2586,-0.3596,-0.8263,생명의구슬
메가니움,대짱이,61,39,1.000,4.000,0.7783,0.3712,0.7783,0.4427,자뭉열매
메가니움,라이츄,61,40,3.000,5.000,0.5383,1.0000,0.5383,0.0240,구애스카프
메가니움,블래키,61,41,6.000,7.000,0.4910,0.9340,-0.0757,,먹다남은음식
메가니움,다크펫,61,42,3.000,2.000,0.2092,0.0368,0.2092,-0.2586,기합의띠
메가니움,더시마사리,61,43,5.000,16.000,0.7575,0.9217,0.7267,,먹다남은음식
메가니움,핫삼,61,44,7.000,2.000,-0.7273,-0.2749,-0.7273,-0.7273,울퉁불퉁멧
메가니움,오롱털,61,45,3.000,4.000,0.2838,0.7795,0.2838,,없음
메가니움,픽시,61,46,5.000,5.000,0.1115,0.7042,-0.1346,-0.6328,먹다남은음식
메가니움,카디나르마,61,47,3.000,2.000,-0.3596,-0.0252,-0.3596,,기합의띠
메가니움,앱솔,61,48,3.000,4.000,0.4240,0.8497,0.4240,-0.0426,없음
메가니움,찌리배리,61,49,5.000,9.000,0.7666,0.7787,0.7271,,먹다남은음식
메가니움,맘모꾸리,61,50,2.000,2.000,-0.0955,0.2093,-0.0955,,기합의띠
메가니움,파라블레이즈,61,51,4.000,2.000,-0.7252,-0.2574,-0.7252,,기합의띠
메가니움,패리퍼,61,52,3.000,2.000,-0.0253,0.1653,-0.0253,,없음
메가니움,찌르호크,61,53,5.000,2.000,-0.7281,-0.6397,-0.7281,-0.8011,구애스카프
메가니움,대검귀,61,54,2.000,3.000,0.2414,0.3116,0.2414,,타입강화
메가니움,마기라스,61,55,2.000,3.000,0.5432,0.7783,0.5432,0.2092,먹다남은음식
메가니움,이어롭,61,56,3.000,3.000,-0.3914,-0.0046,-0.5561,-0.7252,자뭉열매
메가니움,플라엣테,61,57,5.000,3.000,-0.6758,-0.3472,-0.6758,-0.7150,구애스카프
메가니움,배바닐라,61,58,4.000,2.000,-0.2586,-0.0252,-0.3596,,타입강화
메가니움,드래펄트,61,59,4.000,3.000,-0.4924,0.0068,-0.4924,,생명의구슬
메가니움,입치트,61,60,2.000,4.000,0.7485,0.4735,0.7485,0.3442,기합의띠
메가니움,메타몽,61,62,2.000,10.000,0.9953,0.9425,0.9953,,구애스카프
메가니움,이상해꽃,61,63,9.000,3.000,-0.7100,-0.8062,-0.7521,-0.7521,생명의구슬
메가니움,밀로틱,61,64,3.000,5.000,0.1258,0.4096,0.1258,,먹다남은음식
메가니움,스코빌런,61,65,4.000,2.000,-0.4257,-0.1924,-0.6550,-0.7098,먹다남은음식
메가니움,아쿠스타,61,66,2.000,3.000,0.2414,0.3116,0.2414,-0.0942,기합의띠
메가니움,몰드류,61,67,3.000,4.000,-0.2575,-0.2574,-0.2575,-0.2575,구애스카프
메가니움,조로아크(히스이),61,68,3.000,3.000,-0.2574,-0.3288,-0.2574,,기합의띠
메가니움,미끄래곤(히스이),61,69,5.000,3.000,-0.1604,-0.0257,-0.5589,,먹다남은음식
메가니움,잠만보,61,70,6.000,3.000,-0.4118,0.0518,-0.6835,,먹다남은음식
메가니움,무장조,61,71,10.000,3.000,-0.7471,-0.5734,-0.7471,-0.8040,자뭉열매
메가니움,클레스퍼트라,61,72,3.000,5.000,0.3395,0.5284,0.3395,,기합의띠
메가니움,창파나이트,61,73,3.000,2.000,-0.0955,0.3724,-0.0955,,없음
메가니움,우츠보트,61,74,7.000,3.000,-0.6585,-0.5929,-0.6585,-0.7955,기합의띠
메가니움,가라르야도킹,61,75,5.000,3.000,-0.4707,-0.3461,-0.6573,,먹다남은음식
메가니움,깜까미,61,76,3.000,6.000,0.8852,1.0000,0.8852,0.6533,없음
메가니움,엘풍,61,77,5.000,5.000,-0.3755,0.6342,-0.3755,,기합의띠
메가니움,저승갓숭,61,78,4.000,3.000,-0.4374,0.1190,-0.6285,,먹다남은음식
메가니움,스트린더(하이),61,79,2.000,2.000,0.1379,0.2702,-0.0955,,풍선
메가니움,샤미드,61,80,3.000,4.000,0.5347,0.8563,0.5347,,먹다남은음식
메가니움,사마자르,61,81,3.000,2.000,-0.4919,0.5770,-0.4919,,기합의띠
메가니움,인텔리레온,61,82,2.000,3.000,-0.0240,0.4747,-0.0240,,없음
메가니움,깨비물거미,61,83,4.000,3.000,-0.0552,0.8755,-0.2970,,자뭉열매
메가니움,가디안,61,84,4.000,3.000,0.0505,0.3099,0.0505,-0.6571,기합의띠
메가니움,왕구리,61,85,2.000,4.000,0.7080,0.7783,0.7080,,없음
메가니움,엘레이드,61,86,4.000,2.000,-0.2670,0.1336,-0.4919,-0.7276,생명의구슬
메가니움,브리무음,61,87,4.000,4.000,0.2838,0.5432,0.2838,,기합의띠
메가니움,눈여아,61,88,3.000,2.000,-0.4919,-0.0942,-0.4919,-0.8263,기합의띠
메가니움,어흥염,61,89,4.000,2.000,-0.2752,-0.0324,-0.5085,,자뭉열매
메가니움,마릴리,61,90,2.000,6.000,0.8166,0.9733,0.8166,,자뭉열매
메가니움,올리르바,61,91,8.000,4.000,-0.6298,0.2903,-0.6298,,기합의띠
메가니움,스트린더(로우),61,92,2.000,2.000,0.1379,0.2702,-0.0955,,풍선
메가니움,펜드라,61,93,4.000,2.000,-0.7622,-0.8644,-0.7622,-0.6256,기합의띠
메가니움,화염레오,61,94,3.000,2.000,-0.5621,-0.4919,-0.5621,-0.8263,기합의띠
메가니움,윈디(히스이),61,95,2.000,2.000,-0.3262,-0.2525,-0.3262,,기합의띠
메가니움,캥카,61,96,4.000,3.000,-0.3884,0.0657,-0.5179,-0.6680,타입강화
메가니움,꿈트렁,61,97,5.000,4.000,0.2828,-0.0257,-0.1661,,자뭉열매
메가니움,에써르(암컷),61,98,4.000,4.000,-0.1828,0.4105,-0.1828,,없음
메가니움,후딘,61,99,3.000,4.000,-0.2679,-0.0185,-0.2679,,기합의띠
메가니움,드래캄,61,100,4.000,2.000,-0.2586,-0.3608,-0.3596,-0.5929,생명의구슬
메타몽,보만다,62,1,3.000,2.000,-0.4923,,-0.4923,-0.5928,구애스카프
메타몽,한카리아스,62,2,3.000,2.000,-0.5621,,-0.5621,-0.6644,구애스카프
메타몽,누리레느,62,3,4.000,2.000,-0.7955,,-0.7955,,자뭉열매
메타몽,갑주무사,62,4,5.000,1.000,-0.7308,,-0.7308,-0.8977,생명의구슬
메타몽,하마돈,62,5,6.000,2.000,-0.6478,,-0.7955,,자뭉열매
메타몽,루카리오,62,6,2.000,1.000,-0.6644,,-0.8977,-0.6644,기합의띠
메타몽,드닐레이브,62,7,2.000,1.000,-0.6644,,-0.8977,-0.8977,기합의띠
메타몽,브리두라스,62,8,3.000,2.000,-0.5621,,-0.5621,,자뭉열매
메타몽,타부자고,62,9,4.000,1.000,-0.8272,,-0.8272,,풍선
메타몽,따라큐,62,10,3.000,2.000,-0.5621,,-0.5621,,생명의구슬
메타몽,고릴타,62,11,4.000,1.000,-0.8977,,-0.8977,,생명의구슬
메타몽,킬가르도,62,12,3.000,1.000,-0.8977,,-0.8977,,먹다남은음식
메타몽,마스카나,62,13,2.000,2.000,-0.3288,,-0.3288,,구애스카프
메타몽,갸라도스,62,14,6.000,2.000,-0.7955,,-0.7955,-0.5621,울퉁불퉁멧
메타몽,아머까오,62,15,13.000,2.000,-0.7955,,-0.7955,,울퉁불퉁멧
메타몽,킬라플로르,62,16,2.000,2.000,-0.3288,,-0.5621,-0.6644,기합의띠
메타몽,대쓰여너,62,17,3.000,1.000,-0.8977,,-0.8977,,구애스카프
메타몽,리자몽,62,18,5.000,2.000,-0.7955,,-0.7955,-0.8746,구애스카프
메타몽,포푸니크,62,19,4.000,1.000,-0.8977,,-0.8977,,없음
메타몽,개굴닌자,62,20,3.000,2.000,-0.5621,,-0.5621,-0.5621,기합의띠
메타몽,에이스번,62,21,3.000,1.000,-0.8977,,-0.8977,,구애스카프
메타몽,알로라 나인테일,62,22,5.000,2.000,-0.7955,,-0.7955,,없음
메타몽,에써르(수컷),62,23,4.000,2.000,-0.7955,,-0.7955,,구애스카프
메타몽,워시로토무,62,24,4.000,2.000,-0.7955,,-0.7955,,먹다남은음식
메타몽,불카모스,62,25,5.000,2.000,-0.7955,,-0.7955,,자뭉열매
메타몽,빠르모트,62,26,3.000,1.000,-0.8977,,-0.8977,,기합의띠
메타몽,라우드본,62,27,4.000,2.000,-0.7841,,-0.7841,,자뭉열매
메타몽,삼삼드래,62,28,2.000,2.000,-0.3288,,-0.3288,,구애스카프
메타몽,메타그로스,62,29,3.000,1.000,-0.8977,,-0.8977,-0.8977,생명의구슬
메타몽,망나뇽,62,30,3.495,2.000,-0.7377,,-0.7377,-0.8456,없음
메타몽,님피아,62,31,5.000,2.000,-0.8245,,-0.8245,,먹다남은음식
메타몽,히트로토무,62,32,5.000,2.000,-0.7955,,-0.7955,,구애스카프
메타몽,거북왕,62,33,6.000,2.000,-0.7955,,-0.7955,-0.8977,없음
메타몽,대도각참,62,34,3.000,2.000,-0.5621,,-0.5621,,타입강화
메타몽,팬텀,62,35,3.000,1.000,-0.8977,,-0.8977,-0.8977,기합의띠
메타몽,마폭시,62,36,5.000,2.000,-0.7955,,-0.7955,-0.8977,기합의띠
메타몽,엠페르트,62,37,7.000,2.000,-0.7955,,-0.7955,,없음
메타몽,번치코,62,38,3.000,1.000,-0.8977,,-0.8977,-0.8977,생명의구슬
메타몽,대짱이,62,39,4.000,2.000,-0.7955,,-0.7955,-0.8977,자뭉열매
메타몽,라이츄,62,40,4.000,2.000,-0.7955,,-0.7955,-0.8977,구애스카프
메타몽,블래키,62,41,16.000,3.000,-0.7000,,-0.7000,,먹다남은음식
메타몽,다크펫,62,42,2.000,2.000,-0.3288,,-0.5621,-0.3288,기합의띠
메타몽,더시마사리,62,43,20.000,4.000,-0.7000,,-0.7000,,먹다남은음식
메타몽,핫삼,62,44,6.000,1.000,-0.8390,,-0.8390,-0.8390,울퉁불퉁멧
메타몽,오롱털,62,45,3.000,2.000,-0.5621,,-0.5621,,없음
메타몽,픽시,62,46,7.000,3.000,-0.7101,,-0.7101,-0.7955,먹다남은음식
메타몽,카디나르마,62,47,5.000,1.000,-0.8977,,-0.8977,,기합의띠
메타몽,앱솔,62,48,2.000,1.000,-0.6644,,-0.6644,-0.8977,없음
메타몽,찌리배리,62,49,9.000,3.000,-0.6909,,-0.7063,,먹다남은음식
메타몽,맘모꾸리,62,50,4.000,2.000,-0.7955,,-0.7955,,기합의띠
메타몽,파라블레이즈,62,51,2.000,1.000,-0.6644,,-0.8977,,기합의띠
메타몽,패리퍼,62,52,4.000,2.000,-0.5838,,-0.5838,,없음
메타몽,찌르호크,62,53,6.000,2.000,-0.8142,,-0.8142,-0.8550,구애스카프
메타몽,대검귀,62,54,3.000,2.000,-0.5621,,-0.5621,,타입강화
메타몽,마기라스,62,55,2.000,1.000,-0.6644,,-0.6644,-0.6644,먹다남은음식
메타몽,이어롭,62,56,3.000,2.000,-0.5621,,-0.5621,-0.6644,자뭉열매
메타몽,플라엣테,62,57,4.000,2.000,-0.8525,,-0.8525,-0.8525,구애스카프
메타몽,배바닐라,62,58,4.000,2.000,-0.7955,,-0.7955,,타입강화
메타몽,드래펄트,62,59,2.000,2.000,-0.3288,,-0.6644,,생명의구슬
메타몽,입치트,62,60,5.000,2.000,-0.7955,,-0.7955,-0.7955,기합의띠
메타몽,메가니움,62,61,10.000,2.000,-0.7287,,-0.7287,-0.8263,기합의띠
메타몽,이상해꽃,62,63,6.000,2.000,-0.7334,,-0.7955,-0.7955,생명의구슬
메타몽,밀로틱,62,64,14.000,3.000,-0.7005,,-0.7005,,먹다남은음식
메타몽,스코빌런,62,65,3.000,2.000,-0.5621,,-0.7293,-0.6573,먹다남은음식
메타몽,아쿠스타,62,66,8.000,3.000,-0.7000,,-0.7000,-0.7955,기합의띠
메타몽,몰드류,62,67,2.000,2.000,-0.3288,,-0.3288,-0.5621,구애스카프
메타몽,조로아크(히스이),62,68,4.000,1.000,-0.8977,,-0.8977,,기합의띠
메타몽,미끄래곤(히스이),62,69,4.000,2.000,-0.7955,,-0.7955,,먹다남은음식
메타몽,잠만보,62,70,5.000,2.000,-0.6688,,-0.7955,,먹다남은음식
메타몽,무장조,62,71,9.000,2.000,-0.7955,,-0.7955,-0.7955,자뭉열매
메타몽,클레스퍼트라,62,72,4.000,2.000,-0.7955,,-0.7955,,기합의띠
메타몽,창파나이트,62,73,3.000,1.000,-0.8977,,-0.8977,,없음
메타몽,우츠보트,62,74,5.000,2.000,-0.7955,,-0.7955,-0.7955,기합의띠
메타몽,가라르야도킹,62,75,7.000,2.000,-0.6537,,-0.7320,,먹다남은음식
메타몽,깜까미,62,76,5.000,3.000,-0.7540,,-0.7540,-0.6220,없음
메타몽,엘풍,62,77,4.000,2.000,-0.7955,,-0.7955,,기합의띠
메타몽,저승갓숭,62,78,5.000,1.000,-0.8977,,-0.8977,,먹다남은음식
메타몽,스트린더(하이),62,79,3.000,2.000,-0.5621,,-0.5621,,풍선
메타몽,샤미드,62,80,21.000,3.000,-0.7118,,-0.7118,,먹다남은음식
메타몽,사마자르,62,81,3.000,1.000,-0.8977,,-0.8977,,기합의띠
메타몽,인텔리레온,62,82,5.000,2.000,-0.7955,,-0.7955,,없음
메타몽,깨비물거미,62,83,6.000,3.000,-0.3026,,-0.5373,,자뭉열매
메타몽,가디안,62,84,4.000,2.000,-0.7955,,-0.7955,-0.8977,기합의띠
메타몽,왕구리,62,85,7.000,2.000,-0.7955,,-0.7955,,없음
메타몽,엘레이드,62,86,3.000,1.000,-0.8977,,-0.8977,-0.8977,생명의구슬
메타몽,브리무음,62,87,4.000,2.000,-0.4455,,-0.4455,,기합의띠
메타몽,눈여아,62,88,3.000,2.000,-0.5621,,-0.5621,-0.5621,기합의띠
메타몽,어흥염,62,89,4.000,1.000,-0.8977,,-0.8977,,자뭉열매
메타몽,마릴리,62,90,6.000,2.000,-0.7955,,-0.7955,,자뭉열매
메타몽,올리르바,62,91,5.000,2.000,-0.4686,,-0.4686,,기합의띠
메타몽,스트린더(로우),62,92,3.000,2.000,-0.5621,,-0.5621,,풍선
메타몽,펜드라,62,93,4.000,2.000,-0.7955,,-0.7955,-0.7955,기합의띠
메타몽,화염레오,62,94,4.000,2.000,-0.7955,,-0.7955,-0.8977,기합의띠
메타몽,윈디(히스이),62,95,2.000,1.000,-0.6606,,-0.8852,,기합의띠
메타몽,캥카,62,96,4.000,2.000,-0.7955,,-0.8819,-0.8819,타입강화
메타몽,꿈트렁,62,97,4.000,2.000,-0.7955,,-0.7955,,자뭉열매
메타몽,에써르(암컷),62,98,7.000,2.000,-0.7955,,-0.7955,,없음
메타몽,후딘,62,99,3.000,1.000,-0.8977,,-0.8977,,기합의띠
메타몽,드래캄,62,100,2.000,1.000,-0.1977,,-0.1977,-0.1977,생명의구슬
이상해꽃,보만다,63,1,5.000,3.000,-0.5811,-0.2676,-0.5811,-0.8511,구애스카프
이상해꽃,한카리아스,63,2,5.000,3.000,-0.7334,-0.4442,-0.7334,-0.6505,구애스카프
이상해꽃,누리레느,63,3,3.000,3.000,0.2446,0.9722,0.2135,,자뭉열매
이상해꽃,갑주무사,63,4,4.000,3.000,0.0592,0.3262,-0.0306,-0.7007,생명의구슬
이상해꽃,하마돈,63,5,3.000,4.000,0.5578,0.8315,0.3219,,자뭉열매
이상해꽃,루카리오,63,6,3.000,3.000,-0.2624,-0.1451,-0.2624,-0.4806,기합의띠
이상해꽃,드닐레이브,63,7,4.000,2.000,-0.7955,-0.3800,-0.7955,-0.8312,기합의띠
이상해꽃,브리두라스,63,8,3.000,3.000,-0.2624,-0.1451,-0.4972,,자뭉열매
이상해꽃,타부자고,63,9,4.000,4.000,-0.5698,-0.1516,-0.7095,,풍선
이상해꽃,따라큐,63,10,4.000,5.000,-0.1086,0.2107,-0.3326,,생명의구슬
이상해꽃,고릴타,63,11,2.000,5.000,0.5607,0.8875,0.2251,,생명의구슬
이상해꽃,킬가르도,63,12,4.000,2.000,-0.0306,-0.0306,-0.2654,,먹다남은음식
이상해꽃,마스카나,63,13,2.000,2.000,-0.3288,0.3066,-0.3288,,구애스카프
이상해꽃,갸라도스,63,14,4.000,4.000,-0.4442,0.3304,-0.4442,-0.3800,울퉁불퉁멧
이상해꽃,아머까오,63,15,26.000,3.000,-0.7334,-0.7000,-0.7334,,울퉁불퉁멧
이상해꽃,킬라플로르,63,16,2.000,4.000,0.2251,0.3066,0.2251,-0.1105,기합의띠
이상해꽃,대쓰여너,63,17,3.000,3.000,0.2043,0.5384,-0.2624,,구애스카프
이상해꽃,리자몽,63,18,4.000,2.000,-0.7183,-0.4852,-0.7183,-0.8231,구애스카프
이상해꽃,포푸니크,63,19,3.000,3.000,-0.1451,0.2804,-0.1451,,없음
이상해꽃,개굴닌자,63,20,2.000,2.000,-0.2624,0.5607,-0.2624,-0.4806,기합의띠
이상해꽃,에이스번,63,21,3.000,2.000,-0.5979,-0.2624,-0.5979,,구애스카프
이상해꽃,알로라 나인테일,63,22,2.000,2.000,-0.3288,0.5607,-0.3288,,없음
이상해꽃,에써르(수컷),63,23,4.000,3.000,-0.4972,-0.4972,-0.4972,,구애스카프
이상해꽃,워시로토무,63,24,2.000,7.000,0.8830,1.0000,0.8830,,먹다남은음식
이상해꽃,불카모스,63,25,5.000,2.000,-0.7583,-0.5209,-0.7583,,자뭉열매
이상해꽃,빠르모트,63,26,2.000,3.000,0.0717,0.8830,0.0717,,기합의띠
이상해꽃,라우드본,63,27,4.000,2.000,-0.2645,0.5888,-0.4102,,자뭉열매
이상해꽃,삼삼드래,63,28,4.000,3.000,-0.6505,-0.3800,-0.6505,,구애스카프
이상해꽃,메타그로스,63,29,3.000,2.000,-0.2473,0.2043,-0.1312,-0.7139,생명의구슬
이상해꽃,망나뇽,63,30,5.495,3.000,-0.6372,-0.3195,-0.6372,-0.7467,없음
이상해꽃,님피아,63,31,3.000,5.000,0.7113,0.8896,0.4818,,먹다남은음식
이상해꽃,히트로토무,63,32,4.000,2.000,-0.7139,-0.2088,-0.7139,,구애스카프
이상해꽃,거북왕,63,33,3.000,4.000,0.3385,0.9183,0.3385,0.2043,없음
이상해꽃,대도각참,63,34,3.000,3.000,0.1541,0.7310,-0.0306,,타입강화
이상해꽃,팬텀,63,35,3.000,4.000,0.0717,0.0717,0.0717,-0.2624,기합의띠
이상해꽃,마폭시,63,36,3.000,2.000,-0.8312,-0.2624,-0.8312,-0.8312,기합의띠
이상해꽃,엠페르트,63,37,4.000,3.000,0.1112,0.7982,0.1112,,없음
이상해꽃,번치코,63,38,3.000,2.000,-0.3645,0.2034,-0.5829,-0.5979,생명의구슬
이상해꽃,대짱이,63,39,2.000,3.000,0.7733,0.8398,0.6918,0.3562,자뭉열매
이상해꽃,라이츄,63,40,3.000,7.000,0.8145,0.9956,0.8145,0.3569,구애스카프
이상해꽃,블래키,63,41,7.000,6.000,0.0177,0.7297,-0.5214,,먹다남은음식
이상해꽃,다크펫,63,42,4.000,3.000,0.0867,0.2808,0.0867,-0.1838,기합의띠
이상해꽃,더시마사리,63,43,5.000,14.000,0.8244,0.8602,0.7667,,먹다남은음식
이상해꽃,핫삼,63,44,6.000,2.000,-0.6904,-0.3898,-0.6904,-0.7251,울퉁불퉁멧
이상해꽃,오롱털,63,45,2.000,3.000,0.6918,0.7583,0.6918,,없음
이상해꽃,픽시,63,46,3.000,5.000,0.7634,0.9961,0.5858,0.2727,먹다남은음식
이상해꽃,카디나르마,63,47,3.000,2.000,-0.2128,0.2043,-0.2128,,기합의띠
이상해꽃,앱솔,63,48,3.000,3.000,0.4275,0.4275,0.4275,-0.4972,없음
이상해꽃,찌리배리,63,49,5.000,11.000,0.8312,0.8689,0.7729,,먹다남은음식
이상해꽃,맘모꾸리,63,50,2.000,2.000,-0.2473,0.4584,-0.2473,,기합의띠
이상해꽃,파라블레이즈,63,51,3.000,2.000,-0.7139,-0.0710,-0.7139,,기합의띠
이상해꽃,패리퍼,63,52,3.000,2.000,-0.1096,0.1855,-0.1096,,없음
이상해꽃,찌르호크,63,53,4.000,2.000,-0.8020,-0.4942,-0.8020,-0.8020,구애스카프
이상해꽃,대검귀,63,54,2.000,3.000,0.0284,0.8875,0.0284,,타입강화
이상해꽃,마기라스,63,55,3.000,3.000,0.2043,0.5384,-0.0306,-0.0306,먹다남은음식
이상해꽃,이어롭,63,56,4.000,3.000,-0.4972,-0.2535,-0.7321,-0.7139,자뭉열매
이상해꽃,플라엣테,63,57,3.000,3.000,-0.2286,0.0987,-0.2286,-0.2286,구애스카프
이상해꽃,배바닐라,63,58,4.000,2.000,-0.2473,0.2808,-0.3645,,타입강화
이상해꽃,드래펄트,63,59,5.000,3.000,-0.7334,-0.4442,-0.7334,,생명의구슬
이상해꽃,입치트,63,60,2.000,4.000,0.6918,0.8756,0.6918,0.3216,기합의띠
이상해꽃,메가니움,63,61,3.000,9.000,0.9939,0.9969,0.9939,0.9799,기합의띠
이상해꽃,메타몽,63,62,2.000,6.000,0.9288,0.9333,0.7657,,구애스카프
이상해꽃,밀로틱,63,64,4.000,5.000,-0.1685,0.9271,-0.3609,,먹다남은음식
이상해꽃,스코빌런,63,65,2.000,2.000,0.1379,0.7149,0.1379,0.0206,먹다남은음식
이상해꽃,아쿠스타,63,66,2.000,3.000,-0.2624,0.2251,-0.2624,-0.2624,기합의띠
이상해꽃,몰드류,63,67,3.000,3.000,-0.2267,-0.0059,-0.2267,-0.3439,구애스카프
이상해꽃,조로아크(히스이),63,68,3.000,3.000,-0.4972,0.2069,-0.4972,,기합의띠
이상해꽃,미끄래곤(히스이),63,69,4.000,3.000,-0.1490,0.2808,-0.3021,,먹다남은음식
이상해꽃,잠만보,63,70,6.000,3.000,-0.6891,0.0626,-0.7334,,먹다남은음식
이상해꽃,무장조,63,71,18.000,2.000,-0.7505,-0.7092,-0.7505,-0.8053,자뭉열매
이상해꽃,클레스퍼트라,63,72,3.000,3.000,-0.4972,-0.3439,-0.4972,,기합의띠
이상해꽃,창파나이트,63,73,3.000,2.000,-0.2473,0.1227,-0.2473,,없음
이상해꽃,우츠보트,63,74,4.000,5.000,0.5914,0.7799,0.5914,0.0225,기합의띠
이상해꽃,가라르야도킹,63,75,5.000,3.000,-0.2837,0.0047,-0.5175,,먹다남은음식
이상해꽃,깜까미,63,76,4.000,5.000,0.6486,0.8524,0.6486,0.0576,없음
이상해꽃,엘풍,63,77,1.000,9.000,1.0000,1.0000,1.0000,,기합의띠
이상해꽃,저승갓숭,63,78,6.000,4.000,-0.6905,0.1031,-0.7000,,먹다남은음식
이상해꽃,스트린더(하이),63,79,2.000,4.000,0.7733,0.7733,0.5384,,풍선
이상해꽃,샤미드,63,80,4.000,4.000,0.2531,0.9314,0.0866,,먹다남은음식
이상해꽃,사마자르,63,81,4.000,4.000,-0.1859,0.1247,-0.1859,,기합의띠
이상해꽃,인텔리레온,63,82,2.000,3.000,-0.1105,0.2251,-0.1105,,없음
이상해꽃,깨비물거미,63,83,5.000,5.000,0.2859,0.8282,0.0113,,자뭉열매
이상해꽃,가디안,63,84,2.000,2.000,-0.2473,0.1228,-0.2473,-0.4806,기합의띠
이상해꽃,왕구리,63,85,3.000,4.000,0.5384,0.5384,0.5384,,없음
이상해꽃,엘레이드,63,86,4.000,2.000,-0.6279,-0.2651,-0.4857,-0.7167,생명의구슬
이상해꽃,브리무음,63,87,2.000,2.000,0.0619,0.2470,0.0619,,기합의띠
이상해꽃,눈여아,63,88,4.000,2.000,-0.7139,0.0868,-0.7139,-0.8312,기합의띠
이상해꽃,어흥염,63,89,3.000,2.000,-0.3526,0.4389,-0.5127,,자뭉열매
이상해꽃,마릴리,63,90,2.000,11.000,1.0000,1.0000,0.9956,,자뭉열매
이상해꽃,올리르바,63,91,3.000,4.000,0.7386,0.8267,0.7386,,기합의띠
이상해꽃,스트린더(로우),63,92,2.000,4.000,0.7733,0.7733,0.5384,,풍선
이상해꽃,펜드라,63,93,5.000,3.000,-0.6163,-0.4293,-0.6163,-0.5798,기합의띠
이상해꽃,화염레오,63,94,3.000,2.000,-0.4806,0.0717,-0.4806,-0.8312,기합의띠
이상해꽃,윈디(히스이),63,95,2.000,2.000,-0.4474,-0.0195,-0.4474,,기합의띠
이상해꽃,캥카,63,96,4.000,3.000,-0.6451,-0.2131,-0.6631,-0.7323,타입강화
이상해꽃,꿈트렁,63,97,7.000,4.000,-0.5362,-0.1405,-0.7000,,자뭉열매
이상해꽃,에써르(암컷),63,98,4.000,2.000,-0.6505,-0.4972,-0.6505,,없음
이상해꽃,후딘,63,99,3.000,2.000,-0.7139,-0.7139,-0.7139,,기합의띠
이상해꽃,드래캄,63,100,3.000,3.000,-0.0306,0.2400,-0.2473,-0.3990,생명의구슬
밀로틱,보만다,64,1,2.000,4.000,0.0757,,0.0757,-0.2577,구애스카프
밀로틱,한카리아스,64,2,2.000,3.000,0.0049,,0.0049,-0.4629,구애스카프
밀로틱,누리레느,64,3,9.000,5.000,-0.6976,,-0.7000,,자뭉열매
밀로틱,갑주무사,64,4,7.000,4.000,-0.5632,,-0.5333,-0.4122,생명의구슬
밀로틱,하마돈,64,5,3.000,4.000,0.5831,,0.5831,,자뭉열매
밀로틱,루카리오,64,6,4.000,3.000,-0.4610,,-0.4610,-0.7942,기합의띠
밀로틱,드닐레이브,64,7,4.000,3.000,-0.4629,,-0.4629,-0.6985,기합의띠
밀로틱,브리두라스,64,8,6.000,3.000,-0.7005,,-0.7005,,자뭉열매
밀로틱,타부자고,64,9,7.000,5.000,-0.6927,,-0.6927,,풍선
밀로틱,따라큐,64,10,5.000,3.000,-0.6973,,-0.7871,,생명의구슬
밀로틱,고릴타,64,11,3.000,2.000,-0.5640,,-0.8964,,생명의구슬
밀로틱,킬가르도,64,12,6.000,3.000,-0.4659,,-0.7005,,먹다남은음식
밀로틱,마스카나,64,13,3.000,3.000,-0.2273,,-0.2273,,구애스카프
밀로틱,갸라도스,64,14,8.000,2.000,-0.7955,,-0.7955,-0.7942,울퉁불퉁멧
밀로틱,아머까오,64,15,7.000,5.000,-0.2319,,-0.2983,,울퉁불퉁멧
밀로틱,킬라플로르,64,16,3.000,4.000,0.1060,,0.1060,-0.2254,기합의띠
밀로틱,대쓰여너,64,17,8.000,4.000,-0.6987,,-0.7000,,구애스카프
밀로틱,리자몽,64,18,3.000,4.000,-0.1631,,-0.1631,-0.2130,구애스카프
밀로틱,포푸니크,64,19,5.000,3.000,-0.6972,,-0.6972,,없음
밀로틱,개굴닌자,64,20,3.000,4.000,0.1060,,0.1060,-0.1643,기합의띠
밀로틱,에이스번,64,21,3.000,3.000,-0.2273,,-0.2273,,구애스카프
밀로틱,알로라 나인테일,64,22,5.000,6.000,0.0889,,0.0889,,없음
밀로틱,에써르(수컷),64,23,5.000,4.000,-0.4333,,-0.4333,,구애스카프
밀로틱,워시로토무,64,24,7.000,3.000,-0.7005,,-0.7005,,먹다남은음식
밀로틱,불카모스,64,25,4.000,5.000,0.1250,,-0.1664,,자뭉열매
밀로틱,빠르모트,64,26,3.000,2.000,-0.5627,,-0.5627,,기합의띠
밀로틱,라우드본,64,27,4.000,8.000,0.8964,,0.8964,,자뭉열매
밀로틱,삼삼드래,64,28,2.000,4.000,0.3405,,0.3405,,구애스카프
밀로틱,메타그로스,64,29,5.000,3.000,-0.2300,,-0.2306,-0.7005,생명의구슬
밀로틱,망나뇽,64,30,3.495,5.000,0.8173,,0.8173,0.0641,없음
밀로틱,님피아,64,31,8.000,4.000,-0.6998,,-0.7002,,먹다남은음식
밀로틱,히트로토무,64,32,3.000,3.000,-0.2273,,-0.2273,,구애스카프
밀로틱,거북왕,64,33,8.000,8.000,-0.4109,,-0.4109,-0.6624,없음
밀로틱,대도각참,64,34,5.000,4.000,-0.1390,,-0.2300,,타입강화
밀로틱,팬텀,64,35,4.000,5.000,0.1343,,0.1343,-0.4333,기합의띠
밀로틱,마폭시,64,36,3.000,5.000,0.2463,,0.2463,-0.0870,기합의띠
밀로틱,엠페르트,64,37,11.000,6.000,-0.7000,,-0.7000,,없음
밀로틱,번치코,64,38,2.000,3.000,0.4716,,0.1379,-0.2273,생명의구슬
밀로틱,대짱이,64,39,6.000,4.000,-0.2320,,-0.4654,-0.4659,자뭉열매
밀로틱,라이츄,64,40,4.000,3.000,-0.4629,,-0.4629,-0.7942,구애스카프
밀로틱,블래키,64,41,7.000,7.000,0.2441,,-0.4253,,먹다남은음식
밀로틱,다크펫,64,42,4.000,3.000,0.0056,,0.0056,0.0038,기합의띠
밀로틱,더시마사리,64,43,15.000,16.000,0.4667,,-0.7000,,먹다남은음식
밀로틱,핫삼,64,44,5.000,5.000,-0.1425,,-0.1425,-0.3172,울퉁불퉁멧
밀로틱,오롱털,64,45,4.000,4.000,0.3024,,0.3024,,없음
밀로틱,픽시,64,46,7.000,8.000,0.3106,,-0.3969,0.1839,먹다남은음식
밀로틱,카디나르마,64,47,3.000,4.000,0.5727,,0.5727,,기합의띠
밀로틱,앱솔,64,48,3.000,4.000,0.4031,,0.4031,-0.0635,없음
밀로틱,찌리배리,64,49,7.000,4.000,-0.6821,,-0.6999,,먹다남은음식
밀로틱,맘모꾸리,64,50,3.000,3.000,0.2413,,0.2413,,기합의띠
밀로틱,파라블레이즈,64,51,3.000,3.000,-0.2254,,-0.2254,,기합의띠
밀로틱,패리퍼,64,52,5.000,5.000,0.2859,,0.2859,,없음
밀로틱,찌르호크,64,53,4.000,4.000,-0.1758,,-0.1758,-0.4398,구애스카프
밀로틱,대검귀,64,54,3.000,5.000,0.3714,,0.3699,,타입강화
밀로틱,마기라스,64,55,3.000,3.000,0.2413,,0.0056,0.2381,먹다남은음식
밀로틱,이어롭,64,56,5.000,3.000,-0.6967,,-0.6987,-0.7942,자뭉열매
밀로틱,플라엣테,64,57,7.000,4.000,-0.6993,,-0.6993,-0.7003,구애스카프
밀로틱,배바닐라,64,58,5.000,9.000,0.7893,,0.7876,,타입강화
밀로틱,드래펄트,64,59,3.000,4.000,0.1060,,-0.2273,,생명의구슬
밀로틱,입치트,64,60,3.000,4.000,0.3883,,0.3883,0.1384,기합의띠
밀로틱,메가니움,64,61,5.000,3.000,0.0236,,0.0236,-0.2607,기합의띠
밀로틱,메타몽,64,62,3.000,14.000,0.9933,,0.9933,,구애스카프
밀로틱,이상해꽃,64,63,5.000,4.000,0.2981,,0.1049,-0.7002,생명의구슬
밀로틱,스코빌런,64,65,4.000,2.000,-0.3275,,-0.7267,-0.4947,먹다남은음식
밀로틱,아쿠스타,64,66,6.000,6.000,-0.2345,,-0.2345,-0.6985,기합의띠
밀로틱,몰드류,64,67,3.000,3.000,-0.2254,,-0.2254,-0.2273,구애스카프
밀로틱,조로아크(히스이),64,68,4.000,5.000,0.1343,,0.1343,,기합의띠
밀로틱,미끄래곤(히스이),64,69,9.000,4.000,-0.7000,,-0.7000,,먹다남은음식
밀로틱,잠만보,64,70,8.000,5.000,-0.6981,,-0.7000,,먹다남은음식
밀로틱,무장조,64,71,5.000,5.000,0.0162,,-0.2248,-0.6996,자뭉열매
밀로틱,클레스퍼트라,64,72,4.000,4.000,-0.1643,,-0.1643,,기합의띠
밀로틱,창파나이트,64,73,3.000,2.000,-0.0955,,-0.0955,,없음
밀로틱,우츠보트,64,74,4.000,4.000,0.3024,,0.3024,0.3024,기합의띠
밀로틱,가라르야도킹,64,75,7.000,6.000,-0.0354,,-0.6983,,먹다남은음식
밀로틱,깜까미,64,76,3.000,6.000,0.8995,,0.8995,0.5803,없음
밀로틱,엘풍,64,77,3.000,4.000,0.1060,,0.1060,,기합의띠
밀로틱,저승갓숭,64,78,5.000,4.000,-0.4376,,-0.6989,,먹다남은음식
밀로틱,스트린더(하이),64,79,4.000,3.000,0.0038,,0.0038,,풍선
밀로틱,샤미드,64,80,13.000,14.000,0.5604,,-0.6999,,먹다남은음식
밀로틱,사마자르,64,81,2.000,4.000,0.3405,,0.3405,,기합의띠
밀로틱,인텔리레온,64,82,6.000,8.000,0.2344,,0.2344,,없음
밀로틱,깨비물거미,64,83,9.000,6.000,-0.4654,,-0.7000,,자뭉열매
밀로틱,가디안,64,84,5.000,4.000,0.0321,,0.0321,-0.6987,기합의띠
밀로틱,왕구리,64,85,8.000,9.000,0.4667,,0.4667,,없음
밀로틱,엘레이드,64,86,4.000,3.000,-0.0041,,-0.3163,-0.4708,생명의구슬
밀로틱,브리무음,64,87,5.000,5.000,0.1156,,0.1156,,기합의띠
밀로틱,눈여아,64,88,4.000,5.000,0.0979,,0.0979,-0.4666,기합의띠
밀로틱,어흥염,64,89,3.000,4.000,0.6066,,0.3327,,자뭉열매
밀로틱,마릴리,64,90,8.000,6.000,-0.6485,,-0.6990,,자뭉열매
밀로틱,올리르바,64,91,4.000,3.000,0.0215,,0.0215,,기합의띠
밀로틱,스트린더(로우),64,92,4.000,3.000,0.0038,,0.0038,,풍선
밀로틱,펜드라,64,93,4.000,4.000,-0.4090,,-0.4090,-0.2319,기합의띠
밀로틱,화염레오,64,94,2.000,5.000,0.6761,,0.6761,0.4393,기합의띠
밀로틱,윈디(히스이),64,95,2.000,3.000,0.0187,,0.0174,,기합의띠
밀로틱,캥카,64,96,5.000,3.000,-0.6986,,-0.6988,-0.7005,타입강화
밀로틱,꿈트렁,64,97,4.000,6.000,0.8893,,0.5555,,자뭉열매
밀로틱,에써르(암컷),64,98,5.000,6.000,0.0873,,0.0873,,없음
밀로틱,후딘,64,99,5.000,4.000,-0.5402,,-0.5402,,기합의띠
밀로틱,드래캄,64,100,4.000,4.000,0.3024,,0.0038,-0.2306,생명의구슬
스코빌런,보만다,65,1,6.000,2.000,-0.7476,-0.7282,-0.7476,-0.8977,구애스카프
스코빌런,한카리아스,65,2,3.000,2.000,-0.5621,-0.3288,-0.5621,-0.7955,구애스카프
스코빌런,누리레느,65,3,2.000,3.000,0.3898,0.5316,0.3898,,자뭉열매
스코빌런,갑주무사,65,4,3.000,2.000,0.0203,0.4054,0.0903,0.3712,생명의구슬
스코빌런,하마돈,65,5,2.000,3.000,0.4551,0.7443,0.4132,,자뭉열매
스코빌런,루카리오,65,6,1.000,2.000,-0.0955,-0.0955,-0.3288,-0.1906,기합의띠
스코빌런,드닐레이브,65,7,3.000,2.000,-0.5621,-0.4960,-0.5621,-0.5621,기합의띠
스코빌런,브리두라스,65,8,2.000,2.000,-0.3288,-0.3288,-0.5621,,자뭉열매
스코빌런,타부자고,65,9,2.000,3.000,-0.0769,0.0497,-0.0769,,풍선
스코빌런,따라큐,65,10,2.000,4.000,-0.1254,0.3602,-0.0056,,생명의구슬
스코빌런,고릴타,65,11,1.000,3.000,0.0729,0.2401,-0.0955,,생명의구슬
스코빌런,킬가르도,65,12,2.000,2.000,0.1379,0.2040,0.1379,,먹다남은음식
스코빌런,마스카나,65,13,1.000,2.000,-0.0955,0.1450,-0.0955,,구애스카프
스코빌런,갸라도스,65,14,3.000,3.000,-0.2267,-0.1605,-0.3218,-0.0884,울퉁불퉁멧
스코빌런,아머까오,65,15,2.000,2.000,0.1379,0.1379,0.1379,,울퉁불퉁멧
스코빌런,킬라플로르,65,16,2.000,1.000,-0.8316,-0.3288,-0.8316,-0.8977,기합의띠
스코빌런,대쓰여너,65,17,2.000,2.000,-0.4240,-0.0955,-0.4240,,구애스카프
스코빌런,리자몽,65,18,5.000,2.000,-0.7955,-0.7735,-0.7955,-0.8179,구애스카프
스코빌런,포푸니크,65,19,2.000,2.000,-0.3288,-0.3288,-0.3288,,없음
스코빌런,개굴닌자,65,20,1.000,2.000,-0.0955,-0.0955,-0.3288,-0.4311,기합의띠
스코빌런,에이스번,65,21,4.000,1.000,-0.8977,-0.8977,-0.8977,,구애스카프
스코빌런,알로라 나인테일,65,22,2.000,3.000,0.0729,0.2401,0.0729,,없음
스코빌런,에써르(수컷),65,23,2.000,3.000,0.0068,0.0068,0.0068,,구애스카프
스코빌런,워시로토무,65,24,1.000,2.000,-0.0955,0.2401,-0.2627,,먹다남은음식
스코빌런,불카모스,65,25,3.000,3.000,-0.3660,-0.0571,-0.5072,,자뭉열매
스코빌런,빠르모트,65,26,2.000,2.000,-0.3288,-0.3288,-0.3288,,기합의띠
스코빌런,라우드본,65,27,6.000,3.000,-0.4681,-0.3965,-0.7014,,자뭉열매
스코빌런,삼삼드래,65,28,5.000,2.000,-0.7955,-0.7955,-0.7955,,구애스카프
스코빌런,메타그로스,65,29,2.000,3.000,0.4445,0.7068,0.3712,-0.0884,생명의구슬
스코빌런,망나뇽,65,30,6.495,2.000,-0.7606,-0.7468,-0.7606,-0.7955,없음
스코빌런,님피아,65,31,4.000,3.000,0.0856,0.2849,-0.0292,,먹다남은음식
스코빌런,히트로토무,65,32,4.000,2.000,-0.7955,-0.7293,-0.7955,,구애스카프
스코빌런,거북왕,65,33,2.000,2.000,-0.3288,-0.0955,-0.3288,-0.3288,없음
스코빌런,대도각참,65,34,2.000,2.000,0.1379,0.3712,0.1379,,타입강화
스코빌런,팬텀,65,35,2.000,1.000,-0.6644,-0.3288,-0.6644,-0.6644,기합의띠
스코빌런,마폭시,65,36,5.000,2.000,-0.7955,-0.7955,-0.7955,-0.7955,기합의띠
스코빌런,엠페르트,65,37,3.000,2.000,-0.0762,0.3899,-0.0762,,없음
스코빌런,번치코,65,38,4.000,2.000,-0.7955,-0.7293,-0.7293,-0.7955,생명의구슬
스코빌런,대짱이,65,39,1.000,2.000,0.3712,0.6116,0.3712,0.3712,자뭉열매
스코빌런,라이츄,65,40,2.000,3.000,0.0068,0.3424,0.0068,-0.0884,구애스카프
스코빌런,블래키,65,41,4.000,4.000,0.3280,0.7695,0.2206,,먹다남은음식
스코빌런,다크펫,65,42,2.000,2.000,0.1379,0.1379,0.1379,-0.4311,기합의띠
스코빌런,더시마사리,65,43,4.000,5.000,0.6877,0.9686,0.6012,,먹다남은음식
스코빌런,핫삼,65,44,1.000,2.000,0.3712,0.3712,0.3712,0.0974,울퉁불퉁멧
스코빌런,오롱털,65,45,2.000,3.000,0.2110,0.4735,0.2110,,없음
스코빌런,픽시,65,46,3.000,6.000,0.7953,0.9754,0.7178,0.4410,먹다남은음식
스코빌런,카디나르마,65,47,4.000,2.000,-0.7293,-0.5621,-0.7293,,기합의띠
스코빌런,앱솔,65,48,2.000,2.000,-0.0955,-0.0955,-0.0955,-0.3288,없음
스코빌런,찌리배리,65,49,4.000,6.000,0.8741,0.9878,0.7932,,먹다남은음식
스코빌런,맘모꾸리,65,50,1.000,2.000,-0.0955,-0.0955,-0.3288,,기합의띠
스코빌런,파라블레이즈,65,51,5.000,2.000,-0.7955,-0.5568,-0.7955,,기합의띠
스코빌런,패리퍼,65,52,2.000,2.000,0.0207,0.1379,0.0207,,없음
스코빌런,찌르호크,65,53,3.000,2.000,-0.5809,-0.5268,-0.5809,-0.8258,구애스카프
스코빌런,대검귀,65,54,1.000,3.000,0.2401,0.4806,0.2401,,타입강화
스코빌런,마기라스,65,55,2.000,1.000,-0.1977,0.1089,-0.1977,-0.1977,먹다남은음식
스코빌런,이어롭,65,56,2.000,2.000,-0.4960,-0.0884,-0.5621,-0.4960,자뭉열매
스코빌런,플라엣테,65,57,3.000,4.000,-0.1990,0.1047,-0.1990,-0.3220,구애스카프
스코빌런,배바닐라,65,58,2.000,2.000,-0.2627,0.1450,-0.2627,,타입강화
스코빌런,드래펄트,65,59,4.000,2.000,-0.7955,-0.4906,-0.7955,,생명의구슬
스코빌런,입치트,65,60,1.000,5.000,0.8823,0.9749,0.8823,0.8090,기합의띠
스코빌런,메가니움,65,61,2.000,4.000,0.4818,0.8085,0.4818,0.1462,기합의띠
스코빌런,메타몽,65,62,2.000,3.000,0.4735,0.5396,0.0068,,구애스카프
스코빌런,이상해꽃,65,63,2.000,2.000,-0.3288,-0.2473,-0.3645,-0.7472,생명의구슬
스코빌런,밀로틱,65,64,2.000,4.000,0.3405,0.5810,0.1725,,먹다남은음식
스코빌런,아쿠스타,65,66,1.000,4.000,0.4806,0.5757,0.2472,0.0729,기합의띠
스코빌런,몰드류,65,67,1.000,2.000,-0.2627,0.1450,-0.2627,-0.2627,구애스카프
스코빌런,조로아크(히스이),65,68,2.000,2.000,-0.3288,-0.3288,-0.3288,,기합의띠
스코빌런,미끄래곤(히스이),65,69,3.000,2.000,-0.0955,-0.0955,-0.3288,,먹다남은음식
스코빌런,잠만보,65,70,4.000,3.000,0.0043,0.2605,-0.2721,,먹다남은음식
스코빌런,무장조,65,71,2.000,2.000,0.1117,0.1379,0.1117,-0.4720,자뭉열매
스코빌런,클레스퍼트라,65,72,2.000,3.000,0.0068,0.2472,0.0068,,기합의띠
스코빌런,창파나이트,65,73,2.000,2.000,0.0427,0.1379,0.0427,,없음
스코빌런,우츠보트,65,74,2.000,2.000,0.2040,0.3712,0.1379,0.0427,기합의띠
스코빌런,가라르야도킹,65,75,4.000,2.000,-0.2824,-0.1843,-0.4496,,먹다남은음식
스코빌런,깜까미,65,76,2.000,4.000,0.5458,0.7996,0.5458,0.4221,없음
스코빌런,엘풍,65,77,1.000,6.000,0.9749,1.0000,0.9087,,기합의띠
스코빌런,저승갓숭,65,78,3.000,2.000,-0.5621,-0.3403,-0.7115,,먹다남은음식
스코빌런,스트린더(하이),65,79,2.000,2.000,-0.1906,-0.0955,-0.1906,,풍선
스코빌런,샤미드,65,80,2.000,4.000,0.6842,0.7677,0.5361,,먹다남은음식
스코빌런,사마자르,65,81,2.000,2.000,-0.3288,-0.3288,-0.3288,,기합의띠
스코빌런,인텔리레온,65,82,1.000,2.000,-0.0955,0.1450,-0.0955,,없음
스코빌런,깨비물거미,65,83,3.000,4.000,0.5074,0.6921,0.2903,,자뭉열매
스코빌런,가디안,65,84,3.000,3.000,-0.3218,0.0068,-0.3218,-0.5621,기합의띠
스코빌런,왕구리,65,85,2.000,3.000,0.4735,0.7801,0.4735,,없음
스코빌런,엘레이드,65,86,3.000,3.000,-0.3186,0.0011,-0.4982,-0.5621,생명의구슬
스코빌런,브리무음,65,87,3.000,3.000,0.1779,0.4735,0.1779,,기합의띠
스코빌런,눈여아,65,88,1.000,3.000,0.2401,0.2401,0.0068,-0.2627,기합의띠
스코빌런,어흥염,65,89,5.000,2.000,-0.5791,-0.3217,-0.7955,,자뭉열매
스코빌런,마릴리,65,90,2.000,4.000,0.8090,0.8823,0.8090,,자뭉열매
스코빌런,올리르바,65,91,2.000,3.000,0.4353,0.5670,0.4353,,기합의띠
스코빌런,스트린더(로우),65,92,2.000,2.000,-0.1906,-0.0955,-0.1906,,풍선
스코빌런,펜드라,65,93,1.000,1.000,-0.3047,-0.1406,-0.5380,-0.1664,기합의띠
스코빌런,화염레오,65,94,4.000,2.000,-0.7955,-0.7293,-0.7955,-0.7955,기합의띠
스코빌런,윈디(히스이),65,95,3.000,1.000,-0.8340,-0.6641,-0.8340,,기합의띠
스코빌런,캥카,65,96,3.000,2.000,-0.5062,-0.3175,-0.5062,-0.5621,타입강화
스코빌런,꿈트렁,65,97,1.000,4.000,0.7816,0.8129,0.7816,,자뭉열매
스코빌런,에써르(암컷),65,98,3.000,3.000,-0.1605,0.0068,-0.1605,,없음
스코빌런,후딘,65,99,2.000,2.000,-0.0884,0.0068,-0.0884,,기합의띠
스코빌런,드래캄,65,100,5.000,1.000,-0.8977,-0.5911,-0.8316,-0.8977,생명의구슬
아쿠스타,보만다,66,1,2.000,2.000,0.3730,0.4428,-0.0937,-0.3288,구애스카프
아쿠스타,한카리아스,66,2,2.000,2.000,0.1379,0.3712,-0.3288,-0.5621,구애스카프
아쿠스타,누리레느,66,3,4.000,3.000,-0.2886,0.2116,-0.5223,,자뭉열매
아쿠스타,갑주무사,66,4,6.000,1.000,-0.8686,-0.5621,-0.8977,-0.8977,생명의구슬
아쿠스타,하마돈,66,5,3.000,3.000,0.1534,0.5101,0.1534,,자뭉열매
아쿠스타,루카리오,66,6,3.000,2.000,-0.0955,0.2400,-0.0955,-0.3288,기합의띠
아쿠스타,드닐레이브,66,7,5.000,2.000,-0.5621,-0.3288,-0.5621,-0.7955,기합의띠
아쿠스타,브리두라스,66,8,4.000,2.000,-0.3288,-0.3288,-0.5621,,자뭉열매
아쿠스타,타부자고,66,9,5.000,2.000,-0.6506,-0.4897,-0.6506,,풍선
아쿠스타,따라큐,66,10,3.000,2.000,-0.1128,-0.0955,-0.0955,,생명의구슬
아쿠스타,고릴타,66,11,3.000,1.000,-0.4311,-0.1977,-0.1977,,생명의구슬
아쿠스타,킬가르도,66,12,5.000,1.000,-0.8977,-0.6644,-0.8977,,먹다남은음식
아쿠스타,마스카나,66,13,2.000,2.000,-0.3288,-0.3288,-0.3288,,구애스카프
아쿠스타,갸라도스,66,14,5.000,2.000,-0.5621,-0.5621,-0.5621,-0.7955,울퉁불퉁멧
아쿠스타,아머까오,66,15,6.000,3.000,-0.4667,-0.2333,-0.4667,,울퉁불퉁멧
아쿠스타,킬라플로르,66,16,2.000,2.000,0.1379,0.1379,0.1379,0.1379,기합의띠
아쿠스타,대쓰여너,66,17,4.000,2.000,-0.3288,-0.3288,-0.7955,,구애스카프
아쿠스타,리자몽,66,18,2.000,2.000,0.0852,0.2136,-0.3815,0.0852,구애스카프
아쿠스타,포푸니크,66,19,1.000,2.000,-0.0955,0.1379,-0.0955,,없음
아쿠스타,개굴닌자,66,20,6.000,2.000,-0.7955,-0.7955,-0.7955,-0.7955,기합의띠
아쿠스타,에이스번,66,21,2.000,2.000,-0.3288,0.1379,-0.3288,,구애스카프
아쿠스타,알로라 나인테일,66,22,4.000,3.000,0.0043,0.2400,0.0043,,없음
아쿠스타,에써르(수컷),66,23,3.000,2.000,-0.0955,0.2400,-0.5621,,구애스카프
아쿠스타,워시로토무,66,24,4.000,2.000,-0.3288,-0.0955,-0.5621,,먹다남은음식
아쿠스타,불카모스,66,25,2.000,2.000,-0.1365,0.1379,-0.1365,,자뭉열매
아쿠스타,빠르모트,66,26,2.000,1.000,-0.1977,-0.1977,-0.1977,,기합의띠
아쿠스타,라우드본,66,27,3.000,2.000,-0.0955,0.2350,-0.3175,,자뭉열매
아쿠스타,삼삼드래,66,28,3.000,2.000,-0.0955,0.1379,-0.5621,,구애스카프
아쿠스타,메타그로스,66,29,5.000,2.000,-0.5621,0.0043,-0.3288,-0.5621,생명의구슬
아쿠스타,망나뇽,66,30,2.495,3.000,0.1934,0.1934,0.1934,0.0212,없음
아쿠스타,님피아,66,31,5.000,2.000,-0.4959,-0.2625,-0.7292,,먹다남은음식
아쿠스타,히트로토무,66,32,2.000,2.000,0.1379,0.1379,-0.3288,,구애스카프
아쿠스타,거북왕,66,33,4.000,3.000,0.0043,0.0043,0.0043,-0.5621,없음
아쿠스타,대도각참,66,34,5.000,2.000,-0.5621,-0.3288,-0.8977,,타입강화
아쿠스타,팬텀,66,35,2.000,2.000,0.1379,0.1379,0.1379,-0.6644,기합의띠
아쿠스타,마폭시,66,36,2.000,4.000,0.8090,0.8090,0.8090,0.0068,기합의띠
아쿠스타,엠페르트,66,37,8.000,3.000,-0.7000,-0.7000,-0.7000,,없음
아쿠스타,번치코,66,38,2.000,2.000,0.1379,0.4735,0.1379,0.1379,생명의구슬
아쿠스타,대짱이,66,39,4.000,3.000,0.0043,0.0043,-0.2313,-0.5621,자뭉열매
아쿠스타,라이츄,66,40,3.000,1.000,-0.4311,-0.0955,-0.8977,-0.8977,구애스카프
아쿠스타,블래키,66,41,6.000,3.000,-0.6770,-0.4436,-0.7159,,먹다남은음식
아쿠스타,다크펫,66,42,3.000,1.000,-0.4311,-0.0955,-0.4311,-0.4311,기합의띠
아쿠스타,더시마사리,66,43,4.000,6.000,0.8910,0.9932,0.8910,,먹다남은음식
아쿠스타,핫삼,66,44,5.000,2.000,-0.5970,-0.4629,-0.7397,-0.8390,울퉁불퉁멧
아쿠스타,오롱털,66,45,4.000,2.000,-0.3288,-0.0955,-0.3288,,없음
아쿠스타,픽시,66,46,5.000,4.000,0.0293,0.0542,-0.4417,-0.0062,먹다남은음식
아쿠스타,카디나르마,66,47,2.000,2.000,0.1379,0.1379,0.1379,,기합의띠
아쿠스타,앱솔,66,48,3.000,2.000,-0.0955,-0.0955,-0.0955,-0.5621,없음
아쿠스타,찌리배리,66,49,6.000,2.000,-0.7801,-0.5468,-0.7955,,먹다남은음식
아쿠스타,맘모꾸리,66,50,2.000,2.000,0.1379,0.4735,0.1379,,기합의띠
아쿠스타,파라블레이즈,66,51,2.000,1.000,-0.1977,-0.1977,-0.1977,,기합의띠
아쿠스타,패리퍼,66,52,4.000,3.000,0.0088,0.2500,0.0088,,없음
아쿠스타,찌르호크,66,53,3.000,3.000,0.2213,0.2213,-0.2454,0.1786,구애스카프
아쿠스타,대검귀,66,54,8.000,2.000,-0.7955,-0.7955,-0.7955,,타입강화
아쿠스타,마기라스,66,55,3.000,2.000,-0.0955,0.1379,-0.0955,-0.0955,먹다남은음식
아쿠스타,이어롭,66,56,4.000,2.000,-0.3288,0.2400,-0.3288,-0.3288,자뭉열매
아쿠스타,플라엣테,66,57,4.000,2.000,-0.3017,-0.0514,-0.6653,-0.4319,구애스카프
아쿠스타,배바닐라,66,58,4.000,4.000,0.3027,0.9065,0.3027,,타입강화
아쿠스타,드래펄트,66,59,2.000,2.000,-0.3288,-0.3288,-0.6644,,생명의구슬
아쿠스타,입치트,66,60,5.000,3.000,-0.2313,0.0043,-0.2313,0.0043,기합의띠
아쿠스타,메가니움,66,61,3.000,2.000,-0.2586,-0.0252,-0.2586,-0.3596,기합의띠
아쿠스타,메타몽,66,62,3.000,8.000,0.9932,1.0000,0.9932,,구애스카프
아쿠스타,이상해꽃,66,63,3.000,2.000,0.2043,0.2043,-0.0139,-0.2473,생명의구슬
아쿠스타,밀로틱,66,64,6.000,6.000,0.2354,0.7876,0.0017,,먹다남은음식
아쿠스타,스코빌런,66,65,4.000,1.000,-0.5982,-0.1906,-0.6644,-0.6644,먹다남은음식
아쿠스타,몰드류,66,67,2.000,2.000,0.1379,0.4735,-0.3288,-0.0955,구애스카프
아쿠스타,조로아크(히스이),66,68,3.000,2.000,-0.0955,-0.0955,-0.0955,,기합의띠
아쿠스타,미끄래곤(히스이),66,69,7.000,2.000,-0.7955,-0.7955,-0.7955,,먹다남은음식
아쿠스타,잠만보,66,70,5.000,3.000,-0.2313,0.0171,-0.5733,,먹다남은음식
아쿠스타,무장조,66,71,5.000,3.000,-0.0274,0.2266,-0.2788,-0.4287,자뭉열매
아쿠스타,클레스퍼트라,66,72,4.000,2.000,-0.3288,0.2400,-0.3288,,기합의띠
아쿠스타,창파나이트,66,73,2.000,2.000,0.1379,0.1379,0.1379,,없음
아쿠스타,우츠보트,66,74,2.000,2.000,0.1379,0.1379,0.1379,-0.0955,기합의띠
아쿠스타,가라르야도킹,66,75,5.000,3.000,-0.1536,0.1020,-0.3877,,먹다남은음식
아쿠스타,깜까미,66,76,4.000,2.000,-0.1967,-0.0522,-0.1967,-0.5314,없음
아쿠스타,엘풍,66,77,2.000,2.000,-0.3288,0.1379,-0.3288,,기합의띠
아쿠스타,저승갓숭,66,78,3.000,3.000,0.2043,0.4735,0.2043,,먹다남은음식
아쿠스타,스트린더(하이),66,79,2.000,2.000,0.1379,0.1379,0.1379,,풍선
아쿠스타,샤미드,66,80,6.000,7.000,0.4573,0.7977,-0.0259,,먹다남은음식
아쿠스타,사마자르,66,81,2.000,2.000,0.1379,0.1379,0.1379,,기합의띠
아쿠스타,인텔리레온,66,82,3.000,2.000,-0.5621,0.0066,-0.5621,,없음
아쿠스타,깨비물거미,66,83,4.000,2.000,-0.3994,-0.0653,-0.6328,,자뭉열매
아쿠스타,가디안,66,84,3.000,2.000,-0.0955,-0.0955,-0.0955,-0.0955,기합의띠
아쿠스타,왕구리,66,85,4.000,4.000,0.3027,0.9065,0.3027,,없음
아쿠스타,엘레이드,66,86,3.000,2.000,-0.1033,-0.0842,-0.0955,-0.3288,생명의구슬
아쿠스타,브리무음,66,87,4.000,2.000,-0.3288,0.1221,-0.3288,,기합의띠
아쿠스타,눈여아,66,88,3.000,2.000,-0.0955,-0.0955,-0.0955,-0.5621,기합의띠
아쿠스타,어흥염,66,89,3.000,2.000,-0.1192,-0.0955,-0.3288,,자뭉열매
아쿠스타,마릴리,66,90,4.000,4.000,-0.0591,0.2442,-0.2924,,자뭉열매
아쿠스타,올리르바,66,91,3.000,2.000,-0.0955,-0.0955,-0.0955,,기합의띠
아쿠스타,스트린더(로우),66,92,2.000,2.000,0.1379,0.1379,0.1379,,풍선
아쿠스타,펜드라,66,93,2.000,2.000,0.1379,0.1379,0.1379,-0.0955,기합의띠
아쿠스타,화염레오,66,94,2.000,2.000,0.1379,0.4735,0.1379,-0.3288,기합의띠
아쿠스타,윈디(히스이),66,95,1.000,2.000,0.3625,0.3750,0.1379,,기합의띠
아쿠스타,캥카,66,96,4.000,2.000,-0.3649,-0.2773,-0.3649,-0.5621,타입강화
아쿠스타,꿈트렁,66,97,5.000,4.000,0.0306,0.5852,-0.2333,,자뭉열매
아쿠스타,에써르(암컷),66,98,3.000,5.000,0.9065,0.9065,0.9065,,없음
아쿠스타,후딘,66,99,3.000,2.000,-0.5621,-0.0955,-0.5621,,기합의띠
아쿠스타,드래캄,66,100,2.000,2.000,0.1379,0.1379,0.1379,0.1379,생명의구슬
몰드류,보만다,67,1,4.000,2.000,-0.5982,0.0335,-0.5982,-0.7256,구애스카프
몰드류,한카리아스,67,2,3.000,1.000,-0.8977,-0.0955,-0.8977,-0.5621,구애스카프
몰드류,누리레느,67,3,2.000,2.000,0.1097,0.1379,-0.0955,,자뭉열매
몰드류,갑주무사,67,4,3.000,2.000,-0.0955,-0.0955,-0.3355,-0.3288,생명의구슬
몰드류,하마돈,67,5,4.000,2.000,-0.2668,-0.0279,-0.5002,,자뭉열매
몰드류,루카리오,67,6,1.000,1.000,-0.4311,0.0356,-0.6644,-0.4311,기합의띠
몰드류,드닐레이브,67,7,2.000,2.000,0.1379,0.1379,0.1379,0.1379,기합의띠
몰드류,브리두라스,67,8,2.000,2.000,0.1379,0.1379,0.1379,,자뭉열매
몰드류,타부자고,67,9,2.000,2.000,0.1379,0.2103,-0.0955,,풍선
몰드류,따라큐,67,10,2.000,3.000,0.0068,0.8090,-0.0879,,생명의구슬
몰드류,고릴타,67,11,3.000,2.000,-0.0955,-0.0955,-0.4311,,생명의구슬
몰드류,킬가르도,67,12,2.000,2.000,0.1379,0.1379,0.1379,,먹다남은음식
몰드류,마스카나,67,13,2.000,2.000,-0.3288,0.0068,-0.3288,,구애스카프
몰드류,갸라도스,67,14,3.000,2.000,-0.0955,-0.0955,-0.0955,-0.0955,울퉁불퉁멧
몰드류,아머까오,67,15,7.000,4.000,-0.2997,0.1363,-0.5330,,울퉁불퉁멧
몰드류,킬라플로르,67,16,1.000,2.000,0.3712,0.3712,0.1379,-0.0955,기합의띠
몰드류,대쓰여너,67,17,3.000,1.000,-0.4311,-0.1977,-0.8977,,구애스카프
몰드류,리자몽,67,18,1.000,1.000,-0.4080,0.0587,-0.4080,-0.4838,구애스카프
몰드류,포푸니크,67,19,1.000,1.000,-0.4311,-0.0955,-0.4311,,없음
몰드류,개굴닌자,67,20,2.000,2.000,-0.3288,-0.3288,-0.3288,-0.6644,기합의띠
몰드류,에이스번,67,21,1.000,1.000,-0.4311,-0.0955,-0.4311,,구애스카프
몰드류,알로라 나인테일,67,22,1.000,3.000,0.2401,0.2401,0.2401,,없음
몰드류,에써르(수컷),67,23,2.000,3.000,0.0068,0.4735,0.0068,,구애스카프
몰드류,워시로토무,67,24,4.000,2.000,-0.3288,-0.3288,-0.5621,,먹다남은음식
몰드류,불카모스,67,25,2.000,2.000,-0.2353,0.2314,-0.3288,,자뭉열매
몰드류,빠르모트,67,26,1.000,1.000,-0.4311,-0.0955,-0.6644,,기합의띠
몰드류,라우드본,67,27,2.000,2.000,0.1215,0.1215,-0.1005,,자뭉열매
몰드류,삼삼드래,67,28,3.000,2.000,-0.5621,0.1379,-0.5621,,구애스카프
몰드류,메타그로스,67,29,2.000,2.000,0.1379,0.1379,0.1379,-0.3288,생명의구슬
몰드류,망나뇽,67,30,3.495,2.000,-0.1177,0.0738,-0.1177,-0.5855,없음
몰드류,님피아,67,31,2.000,3.000,0.7137,0.7137,0.7137,,먹다남은음식
몰드류,히트로토무,67,32,2.000,1.000,-0.1977,-0.1977,-0.6644,,구애스카프
몰드류,거북왕,67,33,3.000,1.000,-0.4311,-0.1977,-0.4311,-0.4311,없음
몰드류,대도각참,67,34,2.000,2.000,0.1379,0.4735,0.1379,,타입강화
몰드류,팬텀,67,35,1.000,2.000,-0.0955,-0.0955,-0.3288,-0.0955,기합의띠
몰드류,마폭시,67,36,1.000,1.000,-0.4311,-0.4311,-0.6644,-0.6644,기합의띠
몰드류,엠페르트,67,37,2.000,2.000,0.1379,0.3442,0.1379,,없음
몰드류,번치코,67,38,1.000,1.000,0.0356,0.3712,0.0356,-0.4311,생명의구슬
몰드류,대짱이,67,39,3.000,1.000,-0.4311,0.1379,-0.4311,-0.4311,자뭉열매
몰드류,라이츄,67,40,1.000,2.000,-0.0955,-0.0955,-0.0955,-0.0955,구애스카프
몰드류,블래키,67,41,4.000,5.000,0.6875,0.9240,0.5242,,먹다남은음식
몰드류,다크펫,67,42,2.000,2.000,0.1379,0.4735,0.1379,0.1379,기합의띠
몰드류,더시마사리,67,43,2.000,3.000,0.4735,0.8090,0.4735,,먹다남은음식
몰드류,핫삼,67,44,3.000,2.000,-0.0955,0.1965,-0.0955,-0.2296,울퉁불퉁멧
몰드류,오롱털,67,45,2.000,3.000,0.4735,0.4735,0.4735,,없음
몰드류,픽시,67,46,2.000,3.000,0.7735,0.7735,0.7735,0.2292,먹다남은음식
몰드류,카디나르마,67,47,2.000,1.000,-0.1977,0.0356,-0.1977,,기합의띠
몰드류,앱솔,67,48,2.000,2.000,0.1379,0.1379,0.1379,-0.3288,없음
몰드류,찌리배리,67,49,2.000,5.000,0.9046,0.9046,0.9046,,먹다남은음식
몰드류,맘모꾸리,67,50,2.000,1.000,-0.1977,0.1379,-0.1977,,기합의띠
몰드류,파라블레이즈,67,51,1.000,2.000,0.3712,0.3712,0.1379,,기합의띠
몰드류,패리퍼,67,52,3.000,2.000,0.1007,0.1007,0.1007,,없음
몰드류,찌르호크,67,53,4.000,2.000,-0.7528,0.0549,-0.7528,-0.8142,구애스카프
몰드류,대검귀,67,54,3.000,2.000,-0.0955,0.4735,-0.0955,,타입강화
몰드류,마기라스,67,55,2.000,2.000,0.1379,0.1379,0.1379,0.1379,먹다남은음식
몰드류,이어롭,67,56,2.000,2.000,-0.3288,0.0068,-0.5621,-0.6644,자뭉열매
몰드류,플라엣테,67,57,2.000,4.000,0.4907,0.8542,0.4907,0.1551,구애스카프
몰드류,배바닐라,67,58,2.000,3.000,0.4735,0.4735,0.1379,,타입강화
몰드류,드래펄트,67,59,2.000,2.000,-0.3288,-0.3288,-0.3288,,생명의구슬
몰드류,입치트,67,60,2.000,3.000,0.4735,0.8090,0.4735,0.4735,기합의띠
몰드류,메가니움,67,61,4.000,3.000,0.3515,0.3515,0.3515,0.2092,기합의띠
몰드류,메타몽,67,62,2.000,2.000,0.1379,0.4735,-0.3288,,구애스카프
몰드류,이상해꽃,67,63,3.000,3.000,0.2400,0.3216,0.2043,0.0243,생명의구슬
몰드류,밀로틱,67,64,3.000,3.000,0.2381,0.2394,0.0876,,먹다남은음식
몰드류,스코빌런,67,65,2.000,1.000,0.0427,0.0427,0.0427,-0.3649,먹다남은음식
몰드류,아쿠스타,67,66,2.000,2.000,-0.3288,0.0068,-0.3288,-0.5621,기합의띠
몰드류,조로아크(히스이),67,68,2.000,2.000,-0.3288,-0.3288,-0.3288,,기합의띠
몰드류,미끄래곤(히스이),67,69,2.000,2.000,0.1379,0.3712,0.1379,,먹다남은음식
몰드류,잠만보,67,70,3.000,2.000,-0.0955,0.2400,-0.1639,,먹다남은음식
몰드류,무장조,67,71,7.000,3.000,-0.5410,-0.3036,-0.7263,-0.7253,자뭉열매
몰드류,클레스퍼트라,67,72,2.000,5.000,0.6780,0.6780,0.6780,,기합의띠
몰드류,창파나이트,67,73,2.000,1.000,-0.1977,-0.1977,-0.1977,,없음
몰드류,우츠보트,67,74,3.000,4.000,0.5732,0.8090,0.5732,0.5732,기합의띠
몰드류,가라르야도킹,67,75,2.000,3.000,0.3608,0.4391,0.3608,,먹다남은음식
몰드류,깜까미,67,76,2.000,4.000,0.6614,0.9498,0.6614,0.3092,없음
몰드류,엘풍,67,77,2.000,4.000,0.3424,0.5757,0.3424,,기합의띠
몰드류,저승갓숭,67,78,3.000,1.000,-0.5978,-0.0707,-0.8064,,먹다남은음식
몰드류,스트린더(하이),67,79,1.000,5.000,0.9113,0.9113,0.9113,,풍선
몰드류,샤미드,67,80,3.000,2.000,-0.0955,-0.0667,-0.3000,,먹다남은음식
몰드류,사마자르,67,81,2.000,2.000,0.1379,0.1379,0.1379,,기합의띠
몰드류,인텔리레온,67,82,2.000,2.000,-0.3288,-0.3288,-0.3288,,없음
몰드류,깨비물거미,67,83,2.000,2.000,0.0672,0.4735,-0.0955,,자뭉열매
몰드류,가디안,67,84,2.000,3.000,0.4735,0.7068,0.4735,-0.3288,기합의띠
몰드류,왕구리,67,85,2.000,2.000,0.1379,0.1379,0.1379,,없음
몰드류,엘레이드,67,86,2.000,2.000,0.1379,0.1379,-0.1977,-0.8864,생명의구슬
몰드류,브리무음,67,87,2.000,3.000,0.3057,0.3057,0.3057,,기합의띠
몰드류,눈여아,67,88,2.000,3.000,0.0068,0.2401,0.0068,-0.3288,기합의띠
몰드류,어흥염,67,89,2.000,1.000,-0.1636,0.1379,-0.3970,,자뭉열매
몰드류,마릴리,67,90,3.000,3.000,0.0394,0.4735,0.0394,,자뭉열매
몰드류,올리르바,67,91,3.000,2.000,0.1055,0.1990,0.1055,,기합의띠
몰드류,스트린더(로우),67,92,1.000,5.000,0.9113,0.9113,0.9113,,풍선
몰드류,펜드라,67,93,2.000,2.000,-0.4514,0.0068,-0.4514,-0.0955,기합의띠
몰드류,화염레오,67,94,1.000,1.000,-0.4311,-0.4311,-0.6644,-0.6644,기합의띠
몰드류,윈디(히스이),67,95,1.000,1.000,-0.4186,0.3712,-0.6519,,기합의띠
몰드류,캥카,67,96,3.000,2.000,-0.5103,0.4373,-0.5103,-0.5621,타입강화
몰드류,꿈트렁,67,97,3.000,2.000,-0.1033,0.2400,-0.3244,,자뭉열매
몰드류,에써르(암컷),67,98,2.000,3.000,0.4735,0.4735,0.4735,,없음
몰드류,후딘,67,99,2.000,2.000,-0.3288,-0.3288,-0.3288,,기합의띠
몰드류,드래캄,67,100,1.000,2.000,0.3712,0.3712,0.3712,0.1379,생명의구슬
조로아크(히스이),보만다,68,1,2.000,2.000,-0.0256,,-0.4923,-0.5928,구애스카프
조로아크(히스이),한카리아스,68,2,2.000,2.000,0.1379,,-0.3288,-0.5621,구애스카프
조로아크(히스이),누리레느,68,3,3.000,2.000,-0.0955,,-0.1236,,자뭉열매
조로아크(히스이),갑주무사,68,4,3.000,2.000,-0.0955,,-0.0955,0.1379,생명의구슬
조로아크(히스이),하마돈,68,5,3.000,2.000,-0.0588,,-0.2930,,자뭉열매
조로아크(히스이),루카리오,68,6,2.000,2.000,0.1379,,0.1379,-0.6644,기합의띠
조로아크(히스이),드닐레이브,68,7,2.000,2.000,0.1379,,0.1379,-0.1977,기합의띠
조로아크(히스이),브리두라스,68,8,2.000,2.000,0.1379,,0.1379,,자뭉열매
조로아크(히스이),타부자고,68,9,2.000,2.000,-0.0230,,-0.0230,,풍선
조로아크(히스이),따라큐,68,10,2.000,3.000,0.4735,,0.1379,,생명의구슬
조로아크(히스이),고릴타,68,11,2.000,2.000,0.1379,,-0.1977,,생명의구슬
조로아크(히스이),킬가르도,68,12,2.000,2.000,0.1379,,0.1379,,먹다남은음식
조로아크(히스이),마스카나,68,13,2.000,2.000,-0.3288,,-0.3288,,구애스카프
조로아크(히스이),갸라도스,68,14,3.000,2.000,-0.0955,,-0.0955,-0.1977,울퉁불퉁멧
조로아크(히스이),아머까오,68,15,3.000,3.000,0.2400,,0.2400,,울퉁불퉁멧
조로아크(히스이),킬라플로르,68,16,3.000,2.000,-0.0955,,-0.0955,-0.0955,기합의띠
조로아크(히스이),대쓰여너,68,17,2.000,2.000,0.1379,,-0.3288,,구애스카프
조로아크(히스이),리자몽,68,18,3.000,2.000,-0.1482,,-0.6148,-0.4607,구애스카프
조로아크(히스이),포푸니크,68,19,3.000,2.000,-0.5621,,-0.5621,,없음
조로아크(히스이),개굴닌자,68,20,2.000,2.000,-0.3288,,-0.3288,-0.6644,기합의띠
조로아크(히스이),에이스번,68,21,3.000,2.000,-0.5621,,-0.5621,,구애스카프
조로아크(히스이),알로라 나인테일,68,22,2.000,2.000,0.1379,,0.1379,,없음
조로아크(히스이),에써르(수컷),68,23,3.000,3.000,0.2400,,-0.2267,,구애스카프
조로아크(히스이),워시로토무,68,24,3.000,2.000,-0.0955,,-0.0955,,먹다남은음식
조로아크(히스이),불카모스,68,25,4.000,2.000,-0.0357,,-0.2704,,자뭉열매
조로아크(히스이),빠르모트,68,26,2.000,2.000,0.1379,,0.1379,,기합의띠
조로아크(히스이),라우드본,68,27,2.000,2.000,0.1379,,-0.0841,,자뭉열매
조로아크(히스이),삼삼드래,68,28,2.000,1.000,-0.1977,,-0.6644,,구애스카프
조로아크(히스이),메타그로스,68,29,2.000,2.000,0.1379,,0.1379,-0.0955,생명의구슬
조로아크(히스이),망나뇽,68,30,2.495,2.000,-0.0966,,-0.0966,-0.0977,없음
조로아크(히스이),님피아,68,31,4.000,2.000,-0.3579,,-0.5249,,먹다남은음식
조로아크(히스이),히트로토무,68,32,3.000,2.000,-0.0955,,-0.5621,,구애스카프
조로아크(히스이),거북왕,68,33,3.000,2.000,-0.0955,,-0.0955,-0.4311,없음
조로아크(히스이),대도각참,68,34,1.000,1.000,0.0356,,0.0356,,타입강화
조로아크(히스이),팬텀,68,35,2.000,4.000,0.5757,,0.5757,0.0068,기합의띠
조로아크(히스이),마폭시,68,36,2.000,2.000,0.1379,,0.1379,-0.6644,기합의띠
조로아크(히스이),엠페르트,68,37,2.000,2.000,0.1497,,0.1497,,없음
조로아크(히스이),번치코,68,38,3.000,2.000,-0.0955,,0.1379,-0.0955,생명의구슬
조로아크(히스이),대짱이,68,39,3.000,2.000,-0.0955,,-0.3288,-0.3288,자뭉열매
조로아크(히스이),라이츄,68,40,3.000,2.000,-0.3288,,-0.5621,-0.5621,구애스카프
조로아크(히스이),블래키,68,41,3.000,2.000,-0.0565,,-0.2899,,먹다남은음식
조로아크(히스이),다크펫,68,42,2.000,2.000,0.1379,,0.1379,0.1379,기합의띠
조로아크(히스이),더시마사리,68,43,4.000,4.000,0.3027,,0.0322,,먹다남은음식
조로아크(히스이),핫삼,68,44,1.000,3.000,0.4300,,0.4300,0.4300,울퉁불퉁멧
조로아크(히스이),오롱털,68,45,2.000,1.000,-0.1977,,-0.1977,,없음
조로아크(히스이),픽시,68,46,3.000,3.000,0.2292,,-0.0062,-0.0062,먹다남은음식
조로아크(히스이),카디나르마,68,47,2.000,2.000,0.1379,,0.1379,,기합의띠
조로아크(히스이),앱솔,68,48,2.000,2.000,0.1379,,0.1379,-0.8977,없음
조로아크(히스이),찌리배리,68,49,4.000,3.000,-0.0023,,-0.2378,,먹다남은음식
조로아크(히스이),맘모꾸리,68,50,2.000,2.000,0.1379,,0.1379,,기합의띠
조로아크(히스이),파라블레이즈,68,51,2.000,2.000,0.1379,,0.1379,,기합의띠
조로아크(히스이),패리퍼,68,52,3.000,2.000,0.1541,,0.1541,,없음
조로아크(히스이),찌르호크,68,53,3.000,2.000,-0.0528,,-0.5194,-0.5194,구애스카프
조로아크(히스이),대검귀,68,54,2.000,2.000,0.1379,,-0.1977,,타입강화
조로아크(히스이),마기라스,68,55,1.000,2.000,0.3712,,0.3712,0.0356,먹다남은음식
조로아크(히스이),이어롭,68,56,2.000,3.000,0.4735,,0.4735,-0.3288,자뭉열매
조로아크(히스이),플라엣테,68,57,3.000,2.000,-0.1986,,-0.6653,-0.3859,구애스카프
조로아크(히스이),배바닐라,68,58,2.000,2.000,0.1379,,0.1379,,타입강화
조로아크(히스이),드래펄트,68,59,2.000,2.000,-0.3288,,-0.3288,,생명의구슬
조로아크(히스이),입치트,68,60,2.000,3.000,0.4735,,0.4735,0.1379,기합의띠
조로아크(히스이),메가니움,68,61,3.000,3.000,0.2092,,0.2092,0.1379,기합의띠
조로아크(히스이),메타몽,68,62,1.000,4.000,0.8090,,0.8090,,구애스카프
조로아크(히스이),이상해꽃,68,63,3.000,3.000,0.5384,,0.2043,-0.0666,생명의구슬
조로아크(히스이),밀로틱,68,64,5.000,4.000,0.0321,,-0.2333,,먹다남은음식
조로아크(히스이),스코빌런,68,65,2.000,2.000,0.1379,,0.1379,0.1379,먹다남은음식
조로아크(히스이),아쿠스타,68,66,2.000,3.000,0.0068,,0.0068,0.0068,기합의띠
조로아크(히스이),몰드류,68,67,2.000,2.000,0.1379,,-0.3288,0.1379,구애스카프
조로아크(히스이),미끄래곤(히스이),68,69,2.000,2.000,0.1379,,-0.0955,,먹다남은음식
조로아크(히스이),잠만보,68,70,3.000,3.000,0.2400,,0.1323,,먹다남은음식
조로아크(히스이),무장조,68,71,2.000,3.000,0.2118,,0.2118,-0.2646,자뭉열매
조로아크(히스이),클레스퍼트라,68,72,2.000,3.000,0.4735,,0.4735,,기합의띠
조로아크(히스이),창파나이트,68,73,3.000,2.000,-0.0955,,-0.0955,,없음
조로아크(히스이),우츠보트,68,74,2.000,3.000,0.4735,,0.4735,-0.0955,기합의띠
조로아크(히스이),가라르야도킹,68,75,3.000,3.000,0.2057,,0.2057,,먹다남은음식
조로아크(히스이),깜까미,68,76,3.000,2.000,0.0366,,0.0366,-0.1967,없음
조로아크(히스이),엘풍,68,77,1.000,3.000,0.2401,,0.0068,,기합의띠
조로아크(히스이),저승갓숭,68,78,2.000,4.000,0.8090,,0.5983,,먹다남은음식
조로아크(히스이),스트린더(하이),68,79,3.000,2.000,-0.0955,,-0.0955,,풍선
조로아크(히스이),샤미드,68,80,5.000,3.000,-0.2433,,-0.4784,,먹다남은음식
조로아크(히스이),사마자르,68,81,3.000,2.000,-0.0955,,-0.0955,,기합의띠
조로아크(히스이),인텔리레온,68,82,2.000,2.000,-0.3288,,-0.3288,,없음
조로아크(히스이),깨비물거미,68,83,4.000,3.000,0.1686,,-0.0670,,자뭉열매
조로아크(히스이),가디안,68,84,2.000,2.000,0.1379,,0.1379,0.1379,기합의띠
조로아크(히스이),왕구리,68,85,3.000,3.000,0.2400,,0.2400,,없음
조로아크(히스이),엘레이드,68,86,2.000,2.000,0.1379,,0.1379,-0.0955,생명의구슬
조로아크(히스이),브리무음,68,87,2.000,2.000,0.1379,,0.1379,,기합의띠
조로아크(히스이),눈여아,68,88,2.000,2.000,-0.0955,,-0.0955,-0.3288,기합의띠
조로아크(히스이),어흥염,68,89,2.000,1.000,-0.1636,,-0.1873,,자뭉열매
조로아크(히스이),마릴리,68,90,2.000,3.000,0.4735,,0.0394,,자뭉열매
조로아크(히스이),올리르바,68,91,2.000,3.000,0.3390,,0.3390,,기합의띠
조로아크(히스이),스트린더(로우),68,92,3.000,2.000,-0.0955,,-0.0955,,풍선
조로아크(히스이),펜드라,68,93,2.000,3.000,0.0068,,0.0068,0.4735,기합의띠
조로아크(히스이),화염레오,68,94,2.000,2.000,0.1379,,0.1379,-0.3288,기합의띠
조로아크(히스이),윈디(히스이),68,95,2.000,2.000,0.1379,,0.1379,,기합의띠
조로아크(히스이),캥카,68,96,2.000,2.000,0.1898,,0.1898,0.1379,타입강화
조로아크(히스이),꿈트렁,68,97,2.000,2.000,0.3765,,0.1554,,자뭉열매
조로아크(히스이),에써르(암컷),68,98,3.000,3.000,0.2400,,0.2400,,없음
조로아크(히스이),후딘,68,99,2.000,2.000,-0.3288,,-0.3288,,기합의띠
조로아크(히스이),드래캄,68,100,3.000,2.000,-0.0955,,-0.4311,-0.6644,생명의구슬
미끄래곤(히스이),보만다,69,1,2.000,3.000,-0.0238,,-0.0238,-0.0937,구애스카프
미끄래곤(히스이),한카리아스,69,2,2.000,2.000,-0.3288,,-0.3288,-0.3288,구애스카프
미끄래곤(히스이),누리레느,69,3,3.000,4.000,0.3399,,0.3073,,자뭉열매
미끄래곤(히스이),갑주무사,69,4,2.000,2.000,0.0714,,0.1379,0.1379,생명의구슬
미끄래곤(히스이),하마돈,69,5,3.000,2.000,0.0522,,-0.1812,,자뭉열매
미끄래곤(히스이),루카리오,69,6,2.000,2.000,-0.3288,,-0.3288,-0.6644,기합의띠
미끄래곤(히스이),드닐레이브,69,7,2.000,2.000,-0.3288,,-0.3288,-0.3288,기합의띠
미끄래곤(히스이),브리두라스,69,8,2.000,3.000,0.0068,,-0.2267,,자뭉열매
미끄래곤(히스이),타부자고,69,9,3.000,3.000,-0.3308,,-0.3308,,풍선
미끄래곤(히스이),따라큐,69,10,2.000,3.000,0.0317,,0.2228,,생명의구슬
미끄래곤(히스이),고릴타,69,11,2.000,2.000,-0.3288,,-0.3288,,생명의구슬
미끄래곤(히스이),킬가르도,69,12,3.000,2.000,-0.3288,,-0.3288,,먹다남은음식
미끄래곤(히스이),마스카나,69,13,2.000,3.000,0.0068,,0.0068,,구애스카프
미끄래곤(히스이),갸라도스,69,14,2.000,2.000,-0.3288,,-0.3288,-0.5621,울퉁불퉁멧
미끄래곤(히스이),아머까오,69,15,3.000,4.000,0.1066,,0.1066,,울퉁불퉁멧
미끄래곤(히스이),킬라플로르,69,16,2.000,3.000,0.0068,,0.0068,0.0068,기합의띠
미끄래곤(히스이),대쓰여너,69,17,3.000,4.000,0.1066,,0.1066,,구애스카프
미끄래곤(히스이),리자몽,69,18,2.000,3.000,0.0293,,0.0293,-0.2799,구애스카프
미끄래곤(히스이),포푸니크,69,19,2.000,1.000,-0.6644,,-0.6644,,없음
미끄래곤(히스이),개굴닌자,69,20,2.000,4.000,0.3424,,0.3424,0.0068,기합의띠
미끄래곤(히스이),에이스번,69,21,2.000,1.000,-0.6644,,-0.6644,,구애스카프
미끄래곤(히스이),알로라 나인테일,69,22,1.000,4.000,0.5757,,0.5757,,없음
미끄래곤(히스이),에써르(수컷),69,23,2.000,7.000,1.0000,,1.0000,,구애스카프
미끄래곤(히스이),워시로토무,69,24,2.000,6.000,1.0000,,1.0000,,먹다남은음식
미끄래곤(히스이),불카모스,69,25,3.000,4.000,0.3063,,0.1233,,자뭉열매
미끄래곤(히스이),빠르모트,69,26,2.000,2.000,-0.3288,,-0.3288,,기합의띠
미끄래곤(히스이),라우드본,69,27,3.000,4.000,0.1017,,-0.1670,,자뭉열매
미끄래곤(히스이),삼삼드래,69,28,1.000,3.000,0.2401,,0.2401,,구애스카프
미끄래곤(히스이),메타그로스,69,29,2.000,2.000,-0.3288,,-0.3288,-0.5621,생명의구슬
미끄래곤(히스이),망나뇽,69,30,2.495,3.000,-0.2732,,-0.2732,-0.2744,없음
미끄래곤(히스이),님피아,69,31,2.000,3.000,0.1448,,0.1448,,먹다남은음식
미끄래곤(히스이),히트로토무,69,32,2.000,3.000,0.0068,,0.0068,,구애스카프
미끄래곤(히스이),거북왕,69,33,3.000,4.000,-0.2007,,-0.2007,-0.2267,없음
미끄래곤(히스이),대도각참,69,34,2.000,3.000,0.4735,,0.4735,,타입강화
미끄래곤(히스이),팬텀,69,35,2.000,2.000,-0.3288,,-0.3288,-0.3288,기합의띠
미끄래곤(히스이),마폭시,69,36,2.000,3.000,0.0068,,0.0068,-0.2267,기합의띠
미끄래곤(히스이),엠페르트,69,37,3.000,6.000,0.9814,,0.9814,,없음
미끄래곤(히스이),번치코,69,38,2.000,1.000,-0.6644,,-0.6644,-0.6644,생명의구슬
미끄래곤(히스이),대짱이,69,39,3.000,2.000,-0.3288,,-0.3288,-0.5621,자뭉열매
미끄래곤(히스이),라이츄,69,40,2.000,3.000,0.0068,,0.0068,-0.3288,구애스카프
미끄래곤(히스이),블래키,69,41,4.000,5.000,0.3712,,0.0465,,먹다남은음식
미끄래곤(히스이),다크펫,69,42,2.000,3.000,0.0068,,0.0068,-0.3288,기합의띠
미끄래곤(히스이),더시마사리,69,43,3.000,12.000,0.9932,,0.8910,,먹다남은음식
미끄래곤(히스이),핫삼,69,44,2.000,2.000,-0.0367,,-0.2296,-0.3288,울퉁불퉁멧
미끄래곤(히스이),오롱털,69,45,2.000,3.000,0.2401,,0.2401,,없음
미끄래곤(히스이),픽시,69,46,2.000,6.000,0.9551,,0.9551,0.6424,먹다남은음식
미끄래곤(히스이),카디나르마,69,47,2.000,2.000,-0.3288,,-0.3288,,기합의띠
미끄래곤(히스이),앱솔,69,48,2.000,2.000,-0.3288,,-0.3288,-0.3288,없음
미끄래곤(히스이),찌리배리,69,49,3.000,7.000,0.9875,,0.8920,,먹다남은음식
미끄래곤(히스이),맘모꾸리,69,50,2.000,2.000,-0.3288,,-0.3288,,기합의띠
미끄래곤(히스이),파라블레이즈,69,51,2.000,2.000,-0.3288,,-0.3288,,기합의띠
미끄래곤(히스이),패리퍼,69,52,1.000,7.000,1.0000,,1.0000,,없음
미끄래곤(히스이),찌르호크,69,53,3.000,3.000,-0.2454,,-0.2454,-0.5809,구애스카프
미끄래곤(히스이),대검귀,69,54,2.000,3.000,0.0068,,0.0068,,타입강화
미끄래곤(히스이),마기라스,69,55,2.000,2.000,-0.3288,,-0.3288,-0.3288,먹다남은음식
미끄래곤(히스이),이어롭,69,56,2.000,2.000,-0.3288,,-0.5621,-0.6644,자뭉열매
미끄래곤(히스이),플라엣테,69,57,2.000,3.000,0.1551,,0.1551,-0.1805,구애스카프
미끄래곤(히스이),배바닐라,69,58,2.000,4.000,0.3424,,0.0068,,타입강화
미끄래곤(히스이),드래펄트,69,59,1.000,3.000,0.2401,,-0.0955,,생명의구슬
미끄래곤(히스이),입치트,69,60,2.000,4.000,0.8090,,0.8090,0.4735,기합의띠
미끄래곤(히스이),메가니움,69,61,3.000,5.000,0.3395,,0.3395,0.0765,기합의띠
미끄래곤(히스이),메타몽,69,62,2.000,4.000,0.8090,,0.3424,,구애스카프
미끄래곤(히스이),이상해꽃,69,63,3.000,4.000,0.3234,,0.0717,-0.1859,생명의구슬
미끄래곤(히스이),밀로틱,69,64,4.000,9.000,0.8915,,0.7898,,먹다남은음식
미끄래곤(히스이),스코빌런,69,65,2.000,3.000,0.0068,,0.0068,0.0068,먹다남은음식
미끄래곤(히스이),아쿠스타,69,66,2.000,7.000,1.0000,,1.0000,1.0000,기합의띠
미끄래곤(히스이),몰드류,69,67,2.000,2.000,-0.3288,,-0.3288,-0.6644,구애스카프
미끄래곤(히스이),조로아크(히스이),69,68,2.000,2.000,-0.3288,,-0.3288,,기합의띠
미끄래곤(히스이),잠만보,69,70,4.000,3.000,-0.0499,,-0.2843,,먹다남은음식
미끄래곤(히스이),무장조,69,71,3.000,3.000,-0.1624,,-0.1624,-0.1624,자뭉열매
미끄래곤(히스이),클레스퍼트라,69,72,2.000,7.000,1.0000,,1.0000,,기합의띠
미끄래곤(히스이),창파나이트,69,73,2.000,1.000,-0.6644,,-0.6644,,없음
미끄래곤(히스이),우츠보트,69,74,2.000,7.000,1.0000,,1.0000,0.7599,기합의띠
미끄래곤(히스이),가라르야도킹,69,75,3.000,8.000,0.9219,,0.9219,,먹다남은음식
미끄래곤(히스이),깜까미,69,76,2.000,4.000,0.8534,,0.8534,0.8514,없음
미끄래곤(히스이),엘풍,69,77,2.000,5.000,0.6780,,0.6780,,기합의띠
미끄래곤(히스이),저승갓숭,69,78,3.000,2.000,-0.5621,,-0.5621,,먹다남은음식
미끄래곤(히스이),스트린더(하이),69,79,2.000,8.000,1.0000,,1.0000,,풍선
미끄래곤(히스이),샤미드,69,80,4.000,8.000,0.8711,,0.7296,,먹다남은음식
미끄래곤(히스이),사마자르,69,81,2.000,2.000,-0.3288,,-0.3288,,기합의띠
미끄래곤(히스이),인텔리레온,69,82,2.000,6.000,1.0000,,1.0000,,없음
미끄래곤(히스이),깨비물거미,69,83,3.000,9.000,0.9932,,0.9623,,자뭉열매
미끄래곤(히스이),가디안,69,84,1.000,4.000,0.5757,,0.3424,0.2401,기합의띠
미끄래곤(히스이),왕구리,69,85,3.000,4.000,0.1066,,0.1066,,없음
미끄래곤(히스이),엘레이드,69,86,2.000,2.000,-0.3367,,-0.6531,-0.5621,생명의구슬
미끄래곤(히스이),브리무음,69,87,2.000,4.000,0.8602,,0.8602,,기합의띠
미끄래곤(히스이),눈여아,69,88,2.000,4.000,0.3424,,0.3424,0.0068,기합의띠
미끄래곤(히스이),어흥염,69,89,3.000,2.000,-0.3288,,-0.3288,,자뭉열매
미끄래곤(히스이),마릴리,69,90,3.000,3.000,0.0394,,0.0394,,자뭉열매
미끄래곤(히스이),올리르바,69,91,3.000,3.000,0.4397,,0.4397,,기합의띠
미끄래곤(히스이),스트린더(로우),69,92,2.000,8.000,1.0000,,1.0000,,풍선
미끄래곤(히스이),펜드라,69,93,2.000,3.000,0.0068,,0.0068,-0.4514,기합의띠
미끄래곤(히스이),화염레오,69,94,2.000,3.000,0.0068,,0.0068,0.0068,기합의띠
미끄래곤(히스이),윈디(히스이),69,95,2.000,2.000,-0.3250,,-0.3250,,기합의띠
미끄래곤(히스이),캥카,69,96,3.000,3.000,-0.0293,,-0.0293,-0.5621,타입강화
미끄래곤(히스이),꿈트렁,69,97,2.000,3.000,-0.3112,,-0.3235,,자뭉열매
미끄래곤(히스이),에써르(암컷),69,98,2.000,7.000,1.0000,,1.0000,,없음
미끄래곤(히스이),후딘,69,99,2.000,2.000,-0.3288,,-0.3288,,기합의띠
미끄래곤(히스이),드래캄,69,100,2.000,3.000,0.4735,,0.3712,0.1379,생명의구슬
잠만보,보만다,70,1,3.000,3.000,-0.0501,,-0.0501,-0.2573,구애스카프
잠만보,한카리아스,70,2,2.000,3.000,0.0068,,0.0068,-0.2267,구애스카프
잠만보,누리레느,70,3,3.000,5.000,0.2083,,-0.0746,,자뭉열매
잠만보,갑주무사,70,4,5.000,2.000,-0.7828,,-0.7955,-0.3288,생명의구슬
잠만보,하마돈,70,5,4.000,4.000,-0.3187,,-0.5760,,자뭉열매
잠만보,루카리오,70,6,2.000,2.000,-0.3288,,-0.3288,-0.6644,기합의띠
잠만보,드닐레이브,70,7,4.000,3.000,-0.6433,,-0.6433,-0.7955,기합의띠
잠만보,브리두라스,70,8,3.000,3.000,-0.0744,,-0.3260,,자뭉열매
잠만보,타부자고,70,9,3.000,3.000,-0.2448,,-0.4819,,풍선
잠만보,따라큐,70,10,4.000,4.000,-0.2823,,-0.2330,,생명의구슬
잠만보,고릴타,70,11,3.000,2.000,-0.4354,,-0.3288,,생명의구슬
잠만보,킬가르도,70,12,3.000,2.000,-0.5621,,-0.5621,,먹다남은음식
잠만보,마스카나,70,13,2.000,4.000,0.3424,,0.3424,,구애스카프
잠만보,갸라도스,70,14,5.000,4.000,-0.4344,,-0.6980,-0.3260,울퉁불퉁멧
잠만보,아머까오,70,15,4.000,5.000,-0.0276,,-0.4623,,울퉁불퉁멧
잠만보,킬라플로르,70,16,1.000,4.000,0.6224,,0.4957,0.0068,기합의띠
잠만보,대쓰여너,70,17,4.000,2.000,-0.7509,,-0.7509,,구애스카프
잠만보,리자몽,70,18,2.000,5.000,0.7413,,0.7413,0.5303,구애스카프
잠만보,포푸니크,70,19,2.000,2.000,-0.3288,,-0.3288,,없음
잠만보,개굴닌자,70,20,3.000,4.000,0.2589,,0.2589,0.1066,기합의띠
잠만보,에이스번,70,21,2.000,2.000,-0.3288,,-0.3288,,구애스카프
잠만보,알로라 나인테일,70,22,2.000,6.000,0.8251,,0.8251,,없음
잠만보,에써르(수컷),70,23,3.000,5.000,0.7154,,0.7154,,구애스카프
잠만보,워시로토무,70,24,3.000,4.000,0.2589,,-0.0276,,먹다남은음식
잠만보,불카모스,70,25,2.000,5.000,0.4910,,0.4478,,자뭉열매
잠만보,빠르모트,70,26,2.000,2.000,-0.3288,,-0.3288,,기합의띠
잠만보,라우드본,70,27,4.000,9.000,0.8898,,0.8379,,자뭉열매
잠만보,삼삼드래,70,28,3.000,3.000,-0.0744,,-0.0744,,구애스카프
잠만보,메타그로스,70,29,3.000,2.000,-0.4089,,-0.5621,-0.4089,생명의구슬
잠만보,망나뇽,70,30,2.495,5.000,0.3952,,0.3952,-0.0075,없음
잠만보,님피아,70,31,4.000,4.000,-0.2702,,-0.4424,,먹다남은음식
잠만보,히트로토무,70,32,3.000,5.000,0.5349,,0.5349,,구애스카프
잠만보,거북왕,70,33,4.000,4.000,-0.4391,,-0.4391,-0.4623,없음
잠만보,대도각참,70,34,3.000,3.000,-0.2267,,-0.2267,,타입강화
잠만보,팬텀,70,35,2.000,3.000,0.0068,,0.0068,-0.1755,기합의띠
잠만보,마폭시,70,36,2.000,5.000,0.5887,,0.5887,-0.0876,기합의띠
잠만보,엠페르트,70,37,3.000,4.000,0.4301,,0.4301,,없음
잠만보,번치코,70,38,2.000,2.000,-0.3288,,-0.6644,-0.6644,생명의구슬
잠만보,대짱이,70,39,4.000,3.000,-0.4623,,-0.5700,-0.7509,자뭉열매
잠만보,라이츄,70,40,2.000,3.000,0.1255,,0.1255,-0.1755,구애스카프
잠만보,블래키,70,41,5.000,6.000,0.0626,,-0.4398,,먹다남은음식
잠만보,다크펫,70,42,3.000,4.000,0.1193,,0.1193,-0.1980,기합의띠
잠만보,더시마사리,70,43,4.000,8.000,0.7642,,0.6109,,먹다남은음식
잠만보,핫삼,70,44,2.000,3.000,-0.0820,,-0.2749,-0.1359,울퉁불퉁멧
잠만보,오롱털,70,45,3.000,4.000,-0.0744,,-0.0744,,없음
잠만보,픽시,70,46,4.000,7.000,0.5090,,0.1969,0.1608,먹다남은음식
잠만보,카디나르마,70,47,3.000,3.000,-0.0999,,-0.0999,,기합의띠
잠만보,앱솔,70,48,3.000,2.000,-0.5621,,-0.5621,-0.6688,없음
잠만보,찌리배리,70,49,4.000,7.000,0.9227,,0.7525,,먹다남은음식
잠만보,맘모꾸리,70,50,3.000,3.000,-0.2267,,-0.2267,,기합의띠
잠만보,파라블레이즈,70,51,2.000,2.000,-0.3288,,-0.3288,,기합의띠
잠만보,패리퍼,70,52,4.000,5.000,0.1605,,0.1605,,없음
잠만보,찌르호크,70,53,5.000,3.000,-0.6926,,-0.6926,-0.7528,구애스카프
잠만보,대검귀,70,54,3.000,3.000,-0.3344,,-0.3344,,타입강화
잠만보,마기라스,70,55,3.000,2.000,-0.5621,,-0.6688,-0.6688,먹다남은음식
잠만보,이어롭,70,56,3.000,3.000,-0.2267,,-0.4623,-0.8510,자뭉열매
잠만보,플라엣테,70,57,3.000,4.000,-0.1917,,-0.1917,-0.3137,구애스카프
잠만보,배바닐라,70,58,2.000,7.000,1.0000,,1.0000,,타입강화
잠만보,드래펄트,70,59,3.000,3.000,-0.0744,,-0.0999,,생명의구슬
잠만보,입치트,70,60,3.000,4.000,-0.0776,,-0.0776,-0.0318,기합의띠
잠만보,메가니움,70,61,3.000,6.000,0.6150,,0.6150,0.0610,기합의띠
잠만보,메타몽,70,62,2.000,5.000,0.8251,,0.8251,,구애스카프
잠만보,이상해꽃,70,63,3.000,6.000,0.9345,,0.5009,0.0217,생명의구슬
잠만보,밀로틱,70,64,5.000,8.000,0.8429,,0.5143,,먹다남은음식
잠만보,스코빌런,70,65,3.000,4.000,0.1066,,0.0180,-0.2061,먹다남은음식
잠만보,아쿠스타,70,66,3.000,5.000,0.4399,,0.4399,0.1193,기합의띠
잠만보,몰드류,70,67,2.000,3.000,0.0068,,0.0068,-0.2267,구애스카프
잠만보,조로아크(히스이),70,68,3.000,3.000,-0.2267,,-0.2267,,기합의띠
잠만보,미끄래곤(히스이),70,69,3.000,4.000,0.0524,,-0.0744,,먹다남은음식
잠만보,무장조,70,71,4.000,4.000,-0.2400,,-0.3561,-0.1115,자뭉열매
잠만보,클레스퍼트라,70,72,3.000,6.000,0.6085,,0.6085,,기합의띠
잠만보,창파나이트,70,73,3.000,1.000,-0.8977,,-0.8977,,없음
잠만보,우츠보트,70,74,2.000,5.000,0.5692,,0.5692,0.2589,기합의띠
잠만보,가라르야도킹,70,75,3.000,6.000,0.9059,,0.8008,,먹다남은음식
잠만보,깜까미,70,76,4.000,5.000,0.2314,,0.2314,0.2708,없음
잠만보,엘풍,70,77,2.000,6.000,1.0000,,1.0000,,기합의띠
잠만보,저승갓숭,70,78,5.000,2.000,-0.7955,,-0.7955,,먹다남은음식
잠만보,스트린더(하이),70,79,1.000,5.000,0.9113,,0.6780,,풍선
잠만보,샤미드,70,80,5.000,7.000,0.5467,,0.2188,,먹다남은음식
잠만보,사마자르,70,81,4.000,2.000,-0.7955,,-0.7955,,기합의띠
잠만보,인텔리레온,70,82,3.000,5.000,0.4399,,0.4399,,없음
잠만보,깨비물거미,70,83,3.000,5.000,0.3826,,0.2205,,자뭉열매
잠만보,가디안,70,84,3.000,5.000,0.2589,,0.2589,-0.0744,기합의띠
잠만보,왕구리,70,85,3.000,6.000,0.4327,,0.4327,,없음
잠만보,엘레이드,70,86,3.000,2.000,-0.5621,,-0.4397,-0.6730,생명의구슬
잠만보,브리무음,70,87,3.000,5.000,0.6847,,0.6847,,기합의띠
잠만보,눈여아,70,88,2.000,9.000,1.0000,,1.0000,1.0000,기합의띠
잠만보,어흥염,70,89,4.000,2.000,-0.5294,,-0.7509,,자뭉열매
잠만보,마릴리,70,90,4.000,3.000,-0.4722,,-0.6847,,자뭉열매
잠만보,올리르바,70,91,3.000,5.000,0.5063,,0.5063,,기합의띠
잠만보,스트린더(로우),70,92,1.000,5.000,0.9113,,0.6780,,풍선
잠만보,펜드라,70,93,2.000,3.000,-0.0226,,-0.0226,-0.2267,기합의띠
잠만보,화염레오,70,94,2.000,5.000,0.8251,,0.8251,0.3869,기합의띠
잠만보,윈디(히스이),70,95,2.000,2.000,-0.0467,,-0.1687,,기합의띠
잠만보,캥카,70,96,4.000,3.000,-0.4623,,-0.6153,-0.6319,타입강화
잠만보,꿈트렁,70,97,3.000,3.000,-0.2323,,-0.3411,,자뭉열매
잠만보,에써르(암컷),70,98,3.000,6.000,0.5861,,0.5861,,없음
잠만보,후딘,70,99,2.000,3.000,0.0068,,0.0068,,기합의띠
잠만보,드래캄,70,100,2.000,3.000,0.1601,,0.0068,-0.0999,생명의구슬
무장조,보만다,71,1,6.000,3.000,-0.7470,-0.0261,-0.7470,-0.7470,구애스카프
무장조,한카리아스,71,2,4.000,3.000,-0.6141,0.4815,-0.6141,-0.7312,구애스카프
무장조,누리레느,71,3,3.000,3.000,0.0613,0.5458,0.0320,,자뭉열매
무장조,갑주무사,71,4,3.000,5.000,0.8598,0.8170,0.5688,0.0927,생명의구슬
무장조,하마돈,71,5,6.000,10.000,0.8033,0.9045,0.7246,,자뭉열매
무장조,루카리오,71,6,2.000,2.000,-0.2548,0.3810,-0.2548,-0.4979,기합의띠
무장조,드닐레이브,71,7,3.000,4.000,-0.2072,0.4599,-0.2072,-0.2072,기합의띠
무장조,브리두라스,71,8,4.000,2.000,-0.7312,-0.2646,-0.7955,,자뭉열매
무장조,타부자고,71,9,5.000,3.000,-0.7273,0.0183,-0.7478,,풍선
무장조,따라큐,71,10,2.000,7.000,0.5936,0.9756,0.7836,,생명의구슬
무장조,고릴타,71,11,2.000,5.000,0.5856,0.8550,0.2500,,생명의구슬
무장조,킬가르도,71,12,5.000,3.000,-0.1023,0.0233,-0.3977,,먹다남은음식
무장조,마스카나,71,13,2.000,3.000,0.0068,-0.0214,0.0068,,구애스카프
무장조,갸라도스,71,14,5.000,5.000,-0.2496,0.4865,-0.5138,0.0198,울퉁불퉁멧
무장조,아머까오,71,15,9.000,11.000,0.6982,0.5359,-0.4168,,울퉁불퉁멧
무장조,킬라플로르,71,16,2.000,3.000,0.0068,0.7809,0.0068,-0.2548,기합의띠
무장조,대쓰여너,71,17,4.000,3.000,-0.4434,0.2118,-0.4434,,구애스카프
무장조,리자몽,71,18,4.000,2.000,-0.7457,-0.1555,-0.7457,-0.7457,구애스카프
무장조,포푸니크,71,19,2.000,3.000,0.3142,0.1477,0.3142,,없음
무장조,개굴닌자,71,20,2.000,3.000,-0.2548,0.2500,-0.2548,-0.2548,기합의띠
무장조,에이스번,71,21,3.000,2.000,-0.7312,-0.4979,-0.7312,,구애스카프
무장조,알로라 나인테일,71,22,2.000,3.000,0.0710,0.7809,0.0710,,없음
무장조,에써르(수컷),71,23,3.000,3.000,-0.2548,0.7166,-0.2548,,구애스카프
무장조,워시로토무,71,24,5.000,2.000,-0.7955,-0.4979,-0.7955,,먹다남은음식
무장조,불카모스,71,25,2.000,2.000,-0.4301,0.3093,-0.4301,,자뭉열매
무장조,빠르모트,71,26,3.000,2.000,-0.4979,0.1379,-0.4979,,기합의띠
무장조,라우드본,71,27,6.000,2.000,-0.7167,-0.4217,-0.7892,,자뭉열매
무장조,삼삼드래,71,28,3.000,2.000,-0.5621,0.2118,-0.5621,,구애스카프
무장조,메타그로스,71,29,5.000,4.000,-0.1378,0.3388,-0.4451,-0.5138,생명의구슬
무장조,망나뇽,71,30,5.495,3.000,-0.6010,0.2880,-0.6010,-0.7602,없음
무장조,님피아,71,31,3.000,4.000,0.3027,0.8334,0.3027,,먹다남은음식
무장조,히트로토무,71,32,5.000,2.000,-0.7955,-0.5903,-0.7955,,구애스카프
무장조,거북왕,71,33,4.000,2.000,-0.4434,0.2118,-0.4434,-0.7312,없음
무장조,대도각참,71,34,2.000,4.000,0.8832,0.3882,0.7166,,타입강화
무장조,팬텀,71,35,3.000,3.000,-0.1624,0.4833,-0.1624,-0.3191,기합의띠
무장조,마폭시,71,36,3.000,2.000,-0.5621,-0.1236,-0.5621,-0.5621,기합의띠
무장조,엠페르트,71,37,3.000,3.000,0.2265,0.5583,0.2265,,없음
무장조,번치코,71,38,2.000,2.000,-0.3288,0.1097,-0.2646,-0.3288,생명의구슬
무장조,대짱이,71,39,4.000,4.000,0.3388,0.3043,0.0955,-0.3357,자뭉열매
무장조,라이츄,71,40,3.000,2.000,-0.4979,-0.0955,-0.4979,-0.4979,구애스카프
무장조,블래키,71,41,5.000,8.000,0.8565,0.8582,0.7897,,먹다남은음식
무장조,다크펫,71,42,3.000,4.000,0.5458,0.7166,0.5458,-0.2267,기합의띠
무장조,더시마사리,71,43,6.000,9.000,0.7626,0.8652,0.7321,,먹다남은음식
무장조,핫삼,71,44,4.000,6.000,0.4082,0.5244,0.0561,-0.3254,울퉁불퉁멧
무장조,오롱털,71,45,3.000,4.000,0.7873,0.7166,0.7873,,없음
무장조,픽시,71,46,3.000,4.000,0.3253,0.7816,0.1977,-0.2158,먹다남은음식
무장조,카디나르마,71,47,4.000,2.000,-0.7312,-0.1236,-0.7312,,기합의띠
무장조,앱솔,71,48,2.000,5.000,0.5856,0.7166,0.5856,0.1971,없음
무장조,찌리배리,71,49,6.000,2.000,-0.5653,-0.2152,-0.7224,,먹다남은음식
무장조,맘모꾸리,71,50,3.000,4.000,0.4130,0.7166,0.4130,,기합의띠
무장조,파라블레이즈,71,51,3.000,2.000,-0.4434,-0.0312,-0.4434,,기합의띠
무장조,패리퍼,71,52,4.000,3.000,0.0348,0.5630,0.0348,,없음
무장조,찌르호크,71,53,6.000,5.000,-0.4884,0.2994,-0.4884,0.3387,구애스카프
무장조,대검귀,71,54,3.000,5.000,0.3648,0.8314,0.3648,,타입강화
무장조,마기라스,71,55,2.000,4.000,0.7166,0.7166,0.7166,0.0791,먹다남은음식
무장조,이어롭,71,56,3.000,5.000,0.4862,0.7955,0.2227,-0.0856,자뭉열매
무장조,플라엣테,71,57,3.000,4.000,0.2109,0.9218,0.2109,0.0401,구애스카프
무장조,배바닐라,71,58,3.000,3.000,-0.2548,0.7166,-0.2548,,타입강화
무장조,드래펄트,71,59,3.000,2.000,-0.7312,-0.2548,-0.5621,,생명의구슬
무장조,입치트,71,60,5.000,5.000,0.2220,0.4386,0.2220,0.2724,기합의띠
무장조,메가니움,71,61,3.000,10.000,0.9966,1.0000,0.9966,0.8435,기합의띠
무장조,메타몽,71,62,2.000,9.000,1.0000,0.9756,1.0000,,구애스카프
무장조,이상해꽃,71,63,2.000,18.000,0.9968,1.0000,0.9968,0.9588,생명의구슬
무장조,밀로틱,71,64,5.000,5.000,0.1042,0.9152,-0.2792,,먹다남은음식
무장조,스코빌런,71,65,2.000,2.000,-0.3106,0.2238,-0.3106,-0.3288,먹다남은음식
무장조,아쿠스타,71,66,3.000,5.000,0.1870,0.6449,0.1870,-0.1279,기합의띠
무장조,몰드류,71,67,3.000,7.000,0.7854,0.9284,0.7854,0.5100,구애스카프
무장조,조로아크(히스이),71,68,3.000,2.000,-0.2548,0.1477,-0.2548,,기합의띠
무장조,미끄래곤(히스이),71,69,3.000,3.000,0.1476,0.1476,0.0233,,먹다남은음식
무장조,잠만보,71,70,4.000,4.000,0.3388,0.1330,0.1501,,먹다남은음식
무장조,클레스퍼트라,71,72,3.000,5.000,0.2999,0.9707,0.2999,,기합의띠
무장조,창파나이트,71,73,2.000,2.000,0.3810,0.2021,0.3810,,없음
무장조,우츠보트,71,74,2.000,10.000,1.0000,1.0000,1.0000,0.9951,기합의띠
무장조,가라르야도킹,71,75,5.000,3.000,0.0713,0.2962,-0.2014,,먹다남은음식
무장조,깜까미,71,76,3.000,6.000,0.9411,0.9211,0.9411,0.8093,없음
무장조,엘풍,71,77,2.000,7.000,0.9113,1.0000,0.9113,,기합의띠
무장조,저승갓숭,71,78,2.000,4.000,0.0973,0.6976,0.0791,,먹다남은음식
무장조,스트린더(하이),71,79,2.000,2.000,-0.3288,0.4453,-0.5621,,풍선
무장조,샤미드,71,80,5.000,4.000,0.3238,0.7894,-0.0038,,먹다남은음식
무장조,사마자르,71,81,3.000,5.000,0.4130,0.7166,0.4130,,기합의띠
무장조,인텔리레온,71,82,3.000,3.000,-0.1624,0.2500,-0.1624,,없음
무장조,깨비물거미,71,83,2.000,5.000,0.9026,0.9559,0.8987,,자뭉열매
무장조,가디안,71,84,2.000,2.000,-0.2548,0.4453,-0.2548,-0.4979,기합의띠
무장조,왕구리,71,85,3.000,4.000,0.1054,0.8797,0.1054,,없음
무장조,엘레이드,71,86,2.000,4.000,0.6477,0.7809,0.3142,0.2500,생명의구슬
무장조,브리무음,71,87,3.000,3.000,0.2118,0.5951,0.2118,,기합의띠
무장조,눈여아,71,88,2.000,3.000,-0.2548,0.4833,-0.2548,-0.4979,기합의띠
무장조,어흥염,71,89,4.000,2.000,-0.4979,-0.2883,-0.6735,,자뭉열매
무장조,마릴리,71,90,4.000,8.000,0.6747,0.8131,0.3975,,자뭉열매
무장조,올리르바,71,91,2.000,6.000,0.9613,0.9902,0.9613,,기합의띠
무장조,스트린더(로우),71,92,2.000,2.000,-0.3288,0.4453,-0.5621,,풍선
무장조,펜드라,71,93,2.000,9.000,1.0000,1.0000,1.0000,0.9766,기합의띠
무장조,화염레오,71,94,3.000,2.000,-0.4979,-0.1236,-0.4979,-0.5621,기합의띠
무장조,윈디(히스이),71,95,2.000,2.000,-0.4888,0.2088,-0.4888,,기합의띠
무장조,캥카,71,96,3.000,5.000,0.3781,0.5874,0.3781,-0.0792,타입강화
무장조,꿈트렁,71,97,4.000,6.000,0.9128,0.6345,0.7806,,자뭉열매
무장조,에써르(암컷),71,98,3.000,3.000,-0.1624,0.7166,-0.1624,,없음
무장조,후딘,71,99,2.000,3.000,-0.1624,0.2500,-0.1624,,기합의띠
무장조,드래캄,71,100,3.000,3.000,0.0233,0.5458,-0.0312,-0.2646,생명의구슬
클레스퍼트라,보만다,72,1,4.000,2.000,-0.0256,,-0.4922,-0.7256,구애스카프
클레스퍼트라,한카리아스,72,2,3.000,2.000,-0.0955,,-0.5621,-0.5621,구애스카프
클레스퍼트라,누리레느,72,3,3.000,3.000,-0.0550,,-0.2886,,자뭉열매
클레스퍼트라,갑주무사,72,4,4.000,1.000,-0.5689,,-0.4975,-0.8977,생명의구슬
클레스퍼트라,하마돈,72,5,3.000,3.000,0.1534,,0.1534,,자뭉열매
클레스퍼트라,루카리오,72,6,3.000,2.000,-0.0955,,-0.0955,-0.8977,기합의띠
클레스퍼트라,드닐레이브,72,7,3.000,2.000,-0.0955,,-0.0955,-0.0955,기합의띠
클레스퍼트라,브리두라스,72,8,5.000,2.000,-0.5621,,-0.7955,,자뭉열매
클레스퍼트라,타부자고,72,9,4.000,2.000,-0.2564,,-0.2564,,풍선
클레스퍼트라,따라큐,72,10,3.000,2.000,-0.0955,,0.1206,,생명의구슬
클레스퍼트라,고릴타,72,11,3.000,2.000,-0.0955,,-0.0955,,생명의구슬
클레스퍼트라,킬가르도,72,12,3.000,1.000,-0.4311,,-0.6644,,먹다남은음식
클레스퍼트라,마스카나,72,13,2.000,2.000,-0.3288,,-0.3288,,구애스카프
클레스퍼트라,갸라도스,72,14,4.000,2.000,-0.3288,,-0.3288,-0.0955,울퉁불퉁멧
클레스퍼트라,아머까오,72,15,7.000,3.000,-0.5847,,-0.5847,,울퉁불퉁멧
클레스퍼트라,킬라플로르,72,16,2.000,2.000,0.1379,,0.1379,0.1379,기합의띠
클레스퍼트라,대쓰여너,72,17,3.000,2.000,-0.0955,,-0.5621,,구애스카프
클레스퍼트라,리자몽,72,18,4.000,2.000,-0.2805,,-0.7472,-0.4342,구애스카프
클레스퍼트라,포푸니크,72,19,1.000,2.000,-0.0955,,-0.0955,,없음
클레스퍼트라,개굴닌자,72,20,2.000,2.000,-0.3288,,-0.3288,-0.3288,기합의띠
클레스퍼트라,에이스번,72,21,3.000,2.000,-0.5621,,-0.5621,,구애스카프
클레스퍼트라,알로라 나인테일,72,22,4.000,3.000,-0.4623,,-0.4623,,없음
클레스퍼트라,에써르(수컷),72,23,4.000,2.000,-0.3288,,-0.7955,,구애스카프
클레스퍼트라,워시로토무,72,24,2.000,2.000,0.1379,,-0.0955,,먹다남은음식
클레스퍼트라,불카모스,72,25,5.000,2.000,-0.6031,,-0.8365,,자뭉열매
클레스퍼트라,빠르모트,72,26,2.000,2.000,-0.0955,,-0.0955,,기합의띠
클레스퍼트라,라우드본,72,27,4.000,2.000,-0.3175,,-0.5394,,자뭉열매
클레스퍼트라,삼삼드래,72,28,2.000,2.000,0.1379,,-0.3288,,구애스카프
클레스퍼트라,메타그로스,72,29,3.000,2.000,-0.0955,,-0.0955,-0.5621,생명의구슬
클레스퍼트라,망나뇽,72,30,4.495,3.000,-0.1607,,-0.1607,-0.5644,없음
클레스퍼트라,님피아,72,31,6.000,2.000,-0.7292,,-0.7955,,먹다남은음식
클레스퍼트라,히트로토무,72,32,3.000,2.000,-0.0955,,-0.5621,,구애스카프
클레스퍼트라,거북왕,72,33,3.000,2.000,-0.0955,,-0.0955,-0.0955,없음
클레스퍼트라,대도각참,72,34,6.000,2.000,-0.7955,,-0.8977,,타입강화
클레스퍼트라,팬텀,72,35,2.000,2.000,-0.3288,,-0.3288,-0.6644,기합의띠
클레스퍼트라,마폭시,72,36,3.000,2.000,-0.0955,,-0.0955,-0.5621,기합의띠
클레스퍼트라,엠페르트,72,37,5.000,2.000,-0.5648,,-0.5648,,없음
클레스퍼트라,번치코,72,38,2.000,2.000,0.1379,,0.1379,0.1379,생명의구슬
클레스퍼트라,대짱이,72,39,2.000,2.000,0.1379,,0.1379,0.1379,자뭉열매
클레스퍼트라,라이츄,72,40,3.000,2.000,-0.5621,,-0.5621,-0.5621,구애스카프
클레스퍼트라,블래키,72,41,5.000,2.000,-0.2476,,-0.3859,,먹다남은음식
클레스퍼트라,다크펫,72,42,2.000,1.000,-0.1977,,-0.1977,-0.4311,기합의띠
클레스퍼트라,더시마사리,72,43,3.000,5.000,0.9065,,0.9065,,먹다남은음식
클레스퍼트라,핫삼,72,44,6.000,2.000,-0.6962,,-0.8390,-0.8390,울퉁불퉁멧
클레스퍼트라,오롱털,72,45,3.000,2.000,-0.0955,,-0.0955,,없음
클레스퍼트라,픽시,72,46,5.000,4.000,0.0293,,-0.2233,-0.3483,먹다남은음식
클레스퍼트라,카디나르마,72,47,3.000,2.000,-0.0955,,-0.0955,,기합의띠
클레스퍼트라,앱솔,72,48,2.000,2.000,0.1379,,0.1379,-0.3288,없음
클레스퍼트라,찌리배리,72,49,5.000,4.000,0.0304,,-0.2281,,먹다남은음식
클레스퍼트라,맘모꾸리,72,50,2.000,2.000,0.1379,,0.1379,,기합의띠
클레스퍼트라,파라블레이즈,72,51,3.000,1.000,-0.4311,,-0.4311,,기합의띠
클레스퍼트라,패리퍼,72,52,3.000,3.000,0.2024,,0.2024,,없음
클레스퍼트라,찌르호크,72,53,4.000,3.000,-0.0139,,-0.4806,-0.2454,구애스카프
클레스퍼트라,대검귀,72,54,2.000,2.000,0.1379,,0.1379,,타입강화
클레스퍼트라,마기라스,72,55,3.000,2.000,-0.0955,,-0.0955,-0.0955,먹다남은음식
클레스퍼트라,이어롭,72,56,4.000,2.000,-0.5621,,-0.5621,-0.3288,자뭉열매
클레스퍼트라,플라엣테,72,57,5.000,2.000,-0.5351,,-0.7955,-0.6653,구애스카프
클레스퍼트라,배바닐라,72,58,4.000,2.000,-0.3288,,-0.3288,,타입강화
클레스퍼트라,드래펄트,72,59,3.000,2.000,-0.5621,,-0.6644,,생명의구슬
클레스퍼트라,입치트,72,60,4.000,3.000,0.0043,,0.0043,-0.1149,기합의띠
클레스퍼트라,메가니움,72,61,5.000,3.000,-0.1604,,-0.1604,-0.3440,기합의띠
클레스퍼트라,메타몽,72,62,2.000,4.000,0.8090,,0.8090,,구애스카프
클레스퍼트라,이상해꽃,72,63,3.000,3.000,0.5384,,0.2043,0.3216,생명의구슬
클레스퍼트라,밀로틱,72,64,4.000,4.000,0.3024,,0.1650,,먹다남은음식
클레스퍼트라,스코빌런,72,65,3.000,2.000,-0.0955,,-0.2627,-0.2627,먹다남은음식
클레스퍼트라,아쿠스타,72,66,2.000,4.000,0.3424,,0.3424,-0.2267,기합의띠
클레스퍼트라,몰드류,72,67,5.000,2.000,-0.5621,,-0.7955,-0.5621,구애스카프
클레스퍼트라,조로아크(히스이),72,68,3.000,2.000,-0.5621,,-0.5621,,기합의띠
클레스퍼트라,미끄래곤(히스이),72,69,7.000,2.000,-0.7955,,-0.7955,,먹다남은음식
클레스퍼트라,잠만보,72,70,6.000,3.000,-0.3506,,-0.7000,,먹다남은음식
클레스퍼트라,무장조,72,71,5.000,3.000,-0.1231,,-0.3643,-0.7263,자뭉열매
클레스퍼트라,창파나이트,72,73,2.000,2.000,0.1379,,0.1379,,없음
클레스퍼트라,우츠보트,72,74,2.000,3.000,0.4735,,0.4735,0.4735,기합의띠
클레스퍼트라,가라르야도킹,72,75,4.000,3.000,0.1907,,0.0229,,먹다남은음식
클레스퍼트라,깜까미,72,76,2.000,2.000,0.0366,,0.0366,-0.1967,없음
클레스퍼트라,엘풍,72,77,3.000,3.000,-0.2267,,-0.2267,,기합의띠
클레스퍼트라,저승갓숭,72,78,3.000,3.000,0.2291,,0.2043,,먹다남은음식
클레스퍼트라,스트린더(하이),72,79,2.000,3.000,0.4735,,0.4735,,풍선
클레스퍼트라,샤미드,72,80,4.000,4.000,0.2950,,0.1459,,먹다남은음식
클레스퍼트라,사마자르,72,81,3.000,2.000,-0.0955,,-0.0955,,기합의띠
클레스퍼트라,인텔리레온,72,82,2.000,2.000,-0.3288,,-0.3288,,없음
클레스퍼트라,깨비물거미,72,83,4.000,2.000,-0.3994,,-0.6328,,자뭉열매
클레스퍼트라,가디안,72,84,3.000,2.000,-0.0955,,-0.0955,-0.0955,기합의띠
클레스퍼트라,왕구리,72,85,3.000,3.000,0.2400,,0.2400,,없음
클레스퍼트라,엘레이드,72,86,3.000,3.000,0.2400,,-0.0955,-0.5621,생명의구슬
클레스퍼트라,브리무음,72,87,3.000,3.000,0.2400,,0.2400,,기합의띠
클레스퍼트라,눈여아,72,88,2.000,2.000,-0.3288,,-0.3288,-0.5621,기합의띠
클레스퍼트라,어흥염,72,89,6.000,2.000,-0.7955,,-0.7955,,자뭉열매
클레스퍼트라,마릴리,72,90,3.000,4.000,0.1743,,-0.0591,,자뭉열매
클레스퍼트라,올리르바,72,91,4.000,3.000,-0.0671,,-0.0671,,기합의띠
클레스퍼트라,스트린더(로우),72,92,2.000,3.000,0.4735,,0.4735,,풍선
클레스퍼트라,펜드라,72,93,2.000,2.000,-0.3288,,-0.3288,0.1379,기합의띠
클레스퍼트라,화염레오,72,94,3.000,2.000,-0.5621,,-0.5621,-0.7955,기합의띠
클레스퍼트라,윈디(히스이),72,95,4.000,2.000,-0.3375,,-0.3375,,기합의띠
클레스퍼트라,캥카,72,96,4.000,2.000,-0.3288,,-0.3288,-0.3649,타입강화
클레스퍼트라,꿈트렁,72,97,4.000,3.000,0.0043,,-0.1210,,자뭉열매
클레스퍼트라,에써르(암컷),72,98,5.000,5.000,0.4467,,0.4467,,없음
클레스퍼트라,후딘,72,99,3.000,2.000,-0.5621,,-0.5621,,기합의띠
클레스퍼트라,드래캄,72,100,2.000,2.000,0.1379,,0.1379,-0.0955,생명의구슬
창파나이트,보만다,73,1,5.000,3.000,-0.7286,,-0.7286,-0.8977,구애스카프
창파나이트,한카리아스,73,2,2.000,2.000,-0.3288,,-0.3288,-0.3288,구애스카프
창파나이트,누리레느,73,3,2.000,2.000,-0.1573,,-0.1854,,자뭉열매
창파나이트,갑주무사,73,4,2.000,3.000,0.4735,,0.2334,0.4070,생명의구슬
창파나이트,하마돈,73,5,2.000,3.000,0.5101,,0.3623,,자뭉열매
창파나이트,루카리오,73,6,1.000,2.000,-0.0955,,-0.3288,-0.4311,기합의띠
창파나이트,드닐레이브,73,7,1.000,2.000,-0.0955,,-0.3288,-0.0955,기합의띠
창파나이트,브리두라스,73,8,1.000,2.000,-0.0955,,-0.3288,,자뭉열매
창파나이트,타부자고,73,9,4.000,2.000,-0.4933,,-0.4933,,풍선
창파나이트,따라큐,73,10,3.000,2.000,-0.5621,,-0.3461,,생명의구슬
창파나이트,고릴타,73,11,2.000,2.000,-0.3288,,-0.3288,,생명의구슬
창파나이트,킬가르도,73,12,3.000,2.000,-0.0955,,-0.3288,,먹다남은음식
창파나이트,마스카나,73,13,1.000,2.000,-0.0955,,-0.0955,,구애스카프
창파나이트,갸라도스,73,14,4.000,3.000,-0.4623,,-0.7955,0.2401,울퉁불퉁멧
창파나이트,아머까오,73,15,3.000,2.000,-0.5621,,-0.5621,,울퉁불퉁멧
창파나이트,킬라플로르,73,16,2.000,2.000,-0.3288,,-0.3288,-0.3288,기합의띠
창파나이트,대쓰여너,73,17,2.000,2.000,-0.3288,,-0.3288,,구애스카프
창파나이트,리자몽,73,18,3.000,2.000,-0.6148,,-0.6148,-0.6148,구애스카프
창파나이트,포푸니크,73,19,2.000,2.000,-0.3288,,-0.3288,,없음
창파나이트,개굴닌자,73,20,1.000,2.000,-0.0955,,-0.3288,-0.0955,기합의띠
창파나이트,에이스번,73,21,2.000,2.000,-0.3288,,-0.3288,,구애스카프
창파나이트,알로라 나인테일,73,22,2.000,2.000,-0.3288,,-0.3288,,없음
창파나이트,에써르(수컷),73,23,1.000,2.000,-0.0955,,-0.0955,,구애스카프
창파나이트,워시로토무,73,24,2.000,2.000,-0.3288,,-0.3288,,먹다남은음식
창파나이트,불카모스,73,25,2.000,2.000,-0.1277,,-0.1277,,자뭉열매
창파나이트,빠르모트,73,26,2.000,2.000,-0.3288,,-0.3288,,기합의띠
창파나이트,라우드본,73,27,4.000,3.000,-0.4672,,-0.7027,,자뭉열매
창파나이트,삼삼드래,73,28,1.000,2.000,-0.0955,,-0.0955,,구애스카프
창파나이트,메타그로스,73,29,2.000,2.000,-0.3288,,-0.6644,-0.3288,생명의구슬
창파나이트,망나뇽,73,30,4.495,2.000,-0.6274,,-0.6274,-0.7955,없음
창파나이트,님피아,73,31,3.000,1.000,-0.5981,,-0.5981,,먹다남은음식
창파나이트,히트로토무,73,32,2.000,2.000,-0.3288,,-0.3288,,구애스카프
창파나이트,거북왕,73,33,2.000,2.000,-0.3288,,-0.3288,-0.3288,없음
창파나이트,대도각참,73,34,1.000,3.000,0.7068,,0.7068,,타입강화
창파나이트,팬텀,73,35,2.000,2.000,-0.3288,,-0.3288,-0.3288,기합의띠
창파나이트,마폭시,73,36,2.000,2.000,-0.3288,,-0.3288,-0.6644,기합의띠
창파나이트,엠페르트,73,37,1.000,2.000,0.4100,,0.4100,,없음
창파나이트,번치코,73,38,2.000,2.000,-0.3288,,-0.0955,-0.3288,생명의구슬
창파나이트,대짱이,73,39,1.000,2.000,0.3712,,0.1379,-0.3288,자뭉열매
창파나이트,라이츄,73,40,1.000,2.000,-0.0955,,-0.0955,-0.0955,구애스카프
창파나이트,블래키,73,41,2.000,9.000,1.0000,,1.0000,,먹다남은음식
창파나이트,다크펫,73,42,2.000,3.000,0.2401,,0.2401,-0.3288,기합의띠
창파나이트,더시마사리,73,43,5.000,6.000,0.5554,,0.2333,,먹다남은음식
창파나이트,핫삼,73,44,2.000,2.000,-0.0955,,-0.0955,-0.4629,울퉁불퉁멧
창파나이트,오롱털,73,45,2.000,2.000,0.1379,,0.1379,,없음
창파나이트,픽시,73,46,4.000,2.000,-0.3041,,-0.3041,-0.8063,먹다남은음식
창파나이트,카디나르마,73,47,3.000,2.000,-0.5621,,-0.5621,,기합의띠
창파나이트,앱솔,73,48,1.000,2.000,-0.0955,,-0.0955,-0.3288,없음
창파나이트,찌리배리,73,49,2.000,4.000,0.5667,,0.5667,,먹다남은음식
창파나이트,맘모꾸리,73,50,1.000,3.000,0.2401,,0.0068,,기합의띠
창파나이트,파라블레이즈,73,51,3.000,2.000,-0.5621,,-0.5621,,기합의띠
창파나이트,패리퍼,73,52,3.000,2.000,-0.3660,,-0.3660,,없음
창파나이트,찌르호크,73,53,3.000,2.000,-0.5809,,-0.5809,-0.5809,구애스카프
창파나이트,대검귀,73,54,1.000,4.000,0.5757,,0.5757,,타입강화
창파나이트,마기라스,73,55,1.000,3.000,0.7068,,0.7068,0.2401,먹다남은음식
창파나이트,이어롭,73,56,1.000,2.000,-0.0955,,-0.0955,-0.0955,자뭉열매
창파나이트,플라엣테,73,57,3.000,1.000,-0.8977,,-0.8977,-0.8977,구애스카프
창파나이트,배바닐라,73,58,1.000,2.000,-0.0955,,-0.0955,,타입강화
창파나이트,드래펄트,73,59,3.000,2.000,-0.5621,,-0.3288,,생명의구슬
창파나이트,입치트,73,60,2.000,2.000,0.1379,,0.1379,0.1379,기합의띠
창파나이트,메가니움,73,61,2.000,3.000,0.0068,,0.0068,-0.4919,기합의띠
창파나이트,메타몽,73,62,1.000,3.000,0.7068,,0.2401,,구애스카프
창파나이트,이상해꽃,73,63,2.000,3.000,0.2251,,-0.1105,-0.1451,생명의구슬
창파나이트,밀로틱,73,64,2.000,3.000,0.0068,,0.0068,,먹다남은음식
창파나이트,스코빌런,73,65,2.000,2.000,-0.2627,,-0.3288,-0.3288,먹다남은음식
창파나이트,아쿠스타,73,66,2.000,2.000,-0.3288,,-0.3288,-0.3288,기합의띠
창파나이트,몰드류,73,67,1.000,2.000,-0.0955,,-0.0955,-0.0955,구애스카프
창파나이트,조로아크(히스이),73,68,2.000,3.000,0.0068,,0.0068,,기합의띠
창파나이트,미끄래곤(히스이),73,69,1.000,2.000,0.3712,,0.3712,,먹다남은음식
창파나이트,잠만보,73,70,1.000,3.000,0.7068,,0.7068,,먹다남은음식
창파나이트,무장조,73,71,2.000,2.000,-0.4979,,-0.4979,-0.4212,자뭉열매
창파나이트,클레스퍼트라,73,72,2.000,2.000,-0.3288,,-0.3288,,기합의띠
창파나이트,우츠보트,73,74,2.000,3.000,0.0068,,0.0068,0.0068,기합의띠
창파나이트,가라르야도킹,73,75,3.000,2.000,-0.2505,,-0.2505,,먹다남은음식
창파나이트,깜까미,73,76,3.000,7.000,0.9971,,0.9971,0.9488,없음
창파나이트,엘풍,73,77,2.000,2.000,-0.3288,,-0.3288,,기합의띠
창파나이트,저승갓숭,73,78,2.000,3.000,-0.0289,,-0.0289,,먹다남은음식
창파나이트,스트린더(하이),73,79,3.000,3.000,-0.2267,,-0.2267,,풍선
창파나이트,샤미드,73,80,2.000,4.000,0.5343,,0.5343,,먹다남은음식
창파나이트,사마자르,73,81,2.000,3.000,0.0068,,0.0068,,기합의띠
창파나이트,인텔리레온,73,82,1.000,2.000,-0.0955,,-0.0955,,없음
창파나이트,깨비물거미,73,83,2.000,4.000,0.8090,,0.8090,,자뭉열매
창파나이트,가디안,73,84,3.000,1.000,-0.8977,,-0.8977,-0.8977,기합의띠
창파나이트,왕구리,73,85,2.000,2.000,-0.3288,,-0.3288,,없음
창파나이트,엘레이드,73,86,2.000,2.000,-0.3288,,-0.1033,-0.3288,생명의구슬
창파나이트,브리무음,73,87,3.000,2.000,-0.2632,,-0.2632,,기합의띠
창파나이트,눈여아,73,88,2.000,3.000,0.0068,,0.0068,-0.3288,기합의띠
창파나이트,어흥염,73,89,2.000,2.000,0.3816,,0.1720,,자뭉열매
창파나이트,마릴리,73,90,3.000,2.000,-0.0955,,-0.0955,,자뭉열매
창파나이트,올리르바,73,91,1.000,2.000,0.5723,,0.3390,,기합의띠
창파나이트,스트린더(로우),73,92,3.000,3.000,-0.2267,,-0.2267,,풍선
창파나이트,펜드라,73,93,2.000,3.000,0.0068,,0.0068,0.1379,기합의띠
창파나이트,화염레오,73,94,1.000,2.000,-0.0955,,-0.3288,-0.0955,기합의띠
창파나이트,윈디(히스이),73,95,1.000,2.000,-0.0830,,-0.3163,,기합의띠
창파나이트,캥카,73,96,1.000,2.000,-0.0955,,-0.0955,-0.0955,타입강화
창파나이트,꿈트렁,73,97,1.000,3.000,0.4735,,0.2401,,자뭉열매
창파나이트,에써르(암컷),73,98,1.000,2.000,-0.0955,,-0.0955,,없음
창파나이트,후딘,73,99,1.000,1.000,-0.4311,,-0.6644,,기합의띠
창파나이트,드래캄,73,100,3.000,2.000,-0.0955,,-0.0955,-0.0955,생명의구슬
우츠보트,보만다,74,1,5.000,3.000,-0.7272,-0.3918,-0.7272,-0.8977,구애스카프
우츠보트,한카리아스,74,2,5.000,2.000,-0.7955,-0.4623,-0.7955,-0.7955,구애스카프
우츠보트,누리레느,74,3,2.000,2.000,0.1783,0.4735,-0.0550,,자뭉열매
우츠보트,갑주무사,74,4,4.000,3.000,0.0043,0.2400,-0.1619,-0.7683,생명의구슬
우츠보트,하마돈,74,5,3.000,3.000,0.3623,0.5101,0.2630,,자뭉열매
우츠보트,루카리오,74,6,7.000,2.000,-0.7955,-0.7000,-0.7955,-0.7955,기합의띠
우츠보트,드닐레이브,74,7,4.000,2.000,-0.7955,-0.7955,-0.7955,-0.7955,기합의띠
우츠보트,브리두라스,74,8,9.000,2.000,-0.7955,-0.7000,-0.7955,,자뭉열매
우츠보트,타부자고,74,9,5.000,3.000,-0.7283,-0.5378,-0.7283,,풍선
우츠보트,따라큐,74,10,3.000,4.000,-0.1682,0.1649,-0.2227,,생명의구슬
우츠보트,고릴타,74,11,2.000,4.000,0.3424,0.6780,0.0068,,생명의구슬
우츠보트,킬가르도,74,12,4.000,2.000,-0.3288,-0.3288,-0.5621,,먹다남은음식
우츠보트,마스카나,74,13,2.000,2.000,-0.3288,-0.3288,-0.3288,,구애스카프
우츠보트,갸라도스,74,14,4.000,3.000,-0.4623,-0.2267,-0.4623,-0.2267,울퉁불퉁멧
우츠보트,아머까오,74,15,11.000,2.000,-0.7955,-0.7955,-0.7955,,울퉁불퉁멧
우츠보트,킬라플로르,74,16,4.000,3.000,-0.4623,-0.4623,-0.4623,-0.7955,기합의띠
우츠보트,대쓰여너,74,17,3.000,3.000,-0.2267,0.0068,-0.2267,,구애스카프
우츠보트,리자몽,74,18,4.000,2.000,-0.8746,-0.6148,-0.8746,-0.8746,구애스카프
우츠보트,포푸니크,74,19,6.000,3.000,-0.7000,-0.6980,-0.7000,,없음
우츠보트,개굴닌자,74,20,2.000,2.000,-0.3288,-0.3288,-0.3288,-0.3288,기합의띠
우츠보트,에이스번,74,21,3.000,1.000,-0.8977,-0.5621,-0.8977,,구애스카프
우츠보트,알로라 나인테일,74,22,2.000,2.000,-0.3288,-0.3288,-0.3288,,없음
우츠보트,에써르(수컷),74,23,3.000,2.000,-0.5621,-0.3288,-0.5621,,구애스카프
우츠보트,워시로토무,74,24,2.000,5.000,0.6780,1.0000,0.4399,,먹다남은음식
우츠보트,불카모스,74,25,4.000,2.000,-0.7955,-0.5023,-0.7955,,자뭉열매
우츠보트,빠르모트,74,26,3.000,3.000,-0.2267,0.0068,-0.2267,,기합의띠
우츠보트,라우드본,74,27,6.000,2.000,-0.7891,-0.5508,-0.8005,,자뭉열매
우츠보트,삼삼드래,74,28,4.000,2.000,-0.7955,-0.5621,-0.7955,,구애스카프
우츠보트,메타그로스,74,29,4.000,2.000,-0.5621,-0.5621,-0.8977,-0.7955,생명의구슬
우츠보트,망나뇽,74,30,5.495,3.000,-0.7468,-0.5247,-0.7468,-0.7955,없음
우츠보트,님피아,74,31,3.000,4.000,0.5449,0.7835,0.5449,,먹다남은음식
우츠보트,히트로토무,74,32,4.000,1.000,-0.8977,-0.5621,-0.8977,,구애스카프
우츠보트,거북왕,74,33,3.000,3.000,-0.2267,0.0068,-0.2267,-0.5621,없음
우츠보트,대도각참,74,34,9.000,3.000,-0.7000,-0.7000,-0.7000,,타입강화
우츠보트,팬텀,74,35,3.000,3.000,-0.2267,0.0068,-0.2267,-0.5621,기합의띠
우츠보트,마폭시,74,36,3.000,1.000,-0.8977,-0.5621,-0.8977,-0.8977,기합의띠
우츠보트,엠페르트,74,37,5.000,3.000,-0.2856,0.0076,-0.2856,,없음
우츠보트,번치코,74,38,3.000,1.000,-0.8977,-0.5621,-0.8977,-0.8977,생명의구슬
우츠보트,대짱이,74,39,2.000,3.000,0.4735,0.7068,0.4735,-0.0955,자뭉열매
우츠보트,라이츄,74,40,3.000,5.000,0.3646,0.6227,0.3646,0.0314,구애스카프
우츠보트,블래키,74,41,6.000,5.000,-0.1890,0.2947,-0.6610,,먹다남은음식
우츠보트,다크펫,74,42,3.000,3.000,0.2400,0.2400,0.2400,-0.5621,기합의띠
우츠보트,더시마사리,74,43,7.000,12.000,0.7000,0.7000,0.7000,,먹다남은음식
우츠보트,핫삼,74,44,8.000,2.000,-0.7955,-0.7406,-0.7955,-0.7955,울퉁불퉁멧
우츠보트,오롱털,74,45,2.000,3.000,0.4735,0.4735,0.4735,,없음
우츠보트,픽시,74,46,3.000,4.000,0.5627,0.7735,0.5627,-0.0042,먹다남은음식
우츠보트,카디나르마,74,47,4.000,1.000,-0.8977,-0.5621,-0.8977,,기합의띠
우츠보트,앱솔,74,48,3.000,3.000,-0.2267,0.0068,-0.2267,-0.2267,없음
우츠보트,찌리배리,74,49,5.000,8.000,0.7954,0.8022,0.6905,,먹다남은음식
우츠보트,맘모꾸리,74,50,2.000,2.000,-0.3288,-0.3288,-0.3288,,기합의띠
우츠보트,파라블레이즈,74,51,3.000,2.000,-0.5621,-0.5621,-0.5621,,기합의띠
우츠보트,패리퍼,74,52,3.000,2.000,-0.1327,0.1541,-0.1327,,없음
우츠보트,찌르호크,74,53,4.000,2.000,-0.8142,-0.5621,-0.8142,-0.8142,구애스카프
우츠보트,대검귀,74,54,2.000,3.000,0.0068,0.0068,0.0068,,타입강화
우츠보트,마기라스,74,55,3.000,3.000,0.2400,0.4735,0.2400,-0.5621,먹다남은음식
우츠보트,이어롭,74,56,4.000,2.000,-0.7955,-0.2267,-0.7955,-0.7955,자뭉열매
우츠보트,플라엣테,74,57,2.000,3.000,-0.2837,0.1551,-0.2837,-0.2837,구애스카프
우츠보트,배바닐라,74,58,4.000,2.000,-0.7955,-0.5621,-0.8977,,타입강화
우츠보트,드래펄트,74,59,3.000,2.000,-0.5621,-0.2267,-0.5621,,생명의구슬
우츠보트,입치트,74,60,6.000,3.000,-0.4667,-0.2313,-0.4667,-0.7000,기합의띠
우츠보트,메가니움,74,61,3.000,7.000,0.8983,1.0000,0.8983,0.6472,기합의띠
우츠보트,메타몽,74,62,2.000,5.000,0.9113,0.9113,0.6780,,구애스카프
우츠보트,이상해꽃,74,63,5.000,4.000,-0.4442,0.1247,-0.4442,-0.6169,생명의구슬
우츠보트,밀로틱,74,64,4.000,4.000,-0.1643,-0.1643,-0.4346,,먹다남은음식
우츠보트,스코빌런,74,65,2.000,2.000,-0.4240,-0.2627,-0.4240,-0.6644,먹다남은음식
우츠보트,아쿠스타,74,66,2.000,2.000,-0.3288,0.0068,-0.3288,-0.3288,기합의띠
우츠보트,몰드류,74,67,4.000,3.000,-0.4623,-0.4623,-0.4623,-0.7955,구애스카프
우츠보트,조로아크(히스이),74,68,3.000,2.000,-0.5621,0.0068,-0.5621,,기합의띠
우츠보트,미끄래곤(히스이),74,69,7.000,2.000,-0.7955,-0.4667,-0.7955,,먹다남은음식
우츠보트,잠만보,74,70,5.000,2.000,-0.4110,-0.1034,-0.7519,,먹다남은음식
우츠보트,무장조,74,71,10.000,2.000,-0.7955,-0.7263,-0.7955,-0.8236,자뭉열매
우츠보트,클레스퍼트라,74,72,3.000,2.000,-0.5621,-0.5621,-0.5621,,기합의띠
우츠보트,창파나이트,74,73,3.000,2.000,-0.0955,-0.0955,-0.0955,,없음
우츠보트,가라르야도킹,74,75,4.000,2.000,-0.4838,-0.0292,-0.6389,,먹다남은음식
우츠보트,깜까미,74,76,4.000,4.000,0.5854,0.7111,0.5854,0.0024,없음
우츠보트,엘풍,74,77,1.000,7.000,1.0000,1.0000,1.0000,,기합의띠
우츠보트,저승갓숭,74,78,6.000,3.000,-0.6998,-0.6729,-0.7000,,먹다남은음식
우츠보트,스트린더(하이),74,79,6.000,3.000,-0.7000,-0.6980,-0.7000,,풍선
우츠보트,샤미드,74,80,4.000,3.000,0.0334,0.2950,-0.2023,,먹다남은음식
우츠보트,사마자르,74,81,4.000,3.000,-0.4623,-0.2267,-0.4623,,기합의띠
우츠보트,인텔리레온,74,82,2.000,2.000,-0.3288,0.0068,-0.3288,,없음
우츠보트,깨비물거미,74,83,4.000,4.000,0.3027,0.3931,0.0322,,자뭉열매
우츠보트,가디안,74,84,2.000,2.000,-0.3288,-0.3288,-0.3288,-0.3288,기합의띠
우츠보트,왕구리,74,85,3.000,3.000,0.0066,0.2401,0.0066,,없음
우츠보트,엘레이드,74,86,3.000,2.000,-0.5700,-0.5621,-0.5621,-0.7955,생명의구슬
우츠보트,브리무음,74,87,2.000,2.000,0.1379,0.1379,0.1379,,기합의띠
우츠보트,눈여아,74,88,3.000,2.000,-0.5621,-0.5621,-0.5621,-0.8977,기합의띠
우츠보트,어흥염,74,89,4.000,1.000,-0.6303,-0.1192,-0.8636,,자뭉열매
우츠보트,마릴리,74,90,2.000,9.000,1.0000,1.0000,0.9932,,자뭉열매
우츠보트,올리르바,74,91,2.000,3.000,0.3335,0.8090,0.3335,,기합의띠
우츠보트,스트린더(로우),74,92,6.000,3.000,-0.7000,-0.6980,-0.7000,,풍선
우츠보트,펜드라,74,93,6.000,3.000,-0.6990,-0.5862,-0.6990,-0.7955,기합의띠
우츠보트,화염레오,74,94,3.000,1.000,-0.8977,-0.5621,-0.8977,-0.8977,기합의띠
우츠보트,윈디(히스이),74,95,5.000,1.000,-0.8939,-0.7955,-0.8939,,기합의띠
우츠보트,캥카,74,96,4.000,2.000,-0.7440,-0.2631,-0.7955,-0.7955,타입강화
우츠보트,꿈트렁,74,97,6.000,3.000,-0.4667,0.0183,-0.7000,,자뭉열매
우츠보트,에써르(암컷),74,98,3.000,2.000,-0.5621,-0.5621,-0.5621,,없음
우츠보트,후딘,74,99,2.000,2.000,-0.3288,-0.3288,-0.3288,,기합의띠
우츠보트,드래캄,74,100,6.000,2.000,-0.7955,-0.4667,-0.5621,-0.7955,생명의구슬
가라르야도킹,보만다,75,1,2.000,3.000,0.0195,,0.0195,-0.2024,구애스카프
가라르야도킹,한카리아스,75,2,2.000,2.000,-0.3288,,-0.3288,-0.4958,구애스카프
가라르야도킹,누리레느,75,3,2.000,4.000,0.2387,,0.2047,,자뭉열매
가라르야도킹,갑주무사,75,4,4.000,3.000,-0.3758,,-0.4958,-0.0738,생명의구슬
가라르야도킹,하마돈,75,5,3.000,2.000,-0.5819,,-0.7226,,자뭉열매
가라르야도킹,루카리오,75,6,3.000,3.000,-0.1483,,-0.1483,-0.4838,기합의띠
가라르야도킹,드닐레이브,75,7,4.000,2.000,-0.6159,,-0.6159,-0.7955,기합의띠
가라르야도킹,브리두라스,75,8,5.000,3.000,-0.6201,,-0.6809,,자뭉열매
가라르야도킹,타부자고,75,9,4.000,3.000,-0.4914,,-0.4914,,풍선
가라르야도킹,따라큐,75,10,4.000,3.000,-0.4851,,-0.4958,,생명의구슬
가라르야도킹,고릴타,75,11,2.000,3.000,-0.1058,,-0.3288,,생명의구슬
가라르야도킹,킬가르도,75,12,3.000,2.000,-0.8298,,-0.8298,,먹다남은음식
가라르야도킹,마스카나,75,13,2.000,2.000,-0.1058,,-0.1058,,구애스카프
가라르야도킹,갸라도스,75,14,4.000,3.000,-0.6159,,-0.6159,-0.7955,울퉁불퉁멧
가라르야도킹,아머까오,75,15,4.000,5.000,-0.0304,,-0.0821,,울퉁불퉁멧
가라르야도킹,킬라플로르,75,16,2.000,3.000,0.2298,,0.2298,-0.2610,기합의띠
가라르야도킹,대쓰여너,75,17,4.000,2.000,-0.6159,,-0.6159,,구애스카프
가라르야도킹,리자몽,75,18,4.000,4.000,-0.1813,,-0.1813,-0.6218,구애스카프
가라르야도킹,포푸니크,75,19,1.000,3.000,0.2401,,0.2401,,없음
가라르야도킹,개굴닌자,75,20,3.000,3.000,-0.3393,,-0.3393,-0.4958,기합의띠
가라르야도킹,에이스번,75,21,3.000,3.000,-0.4958,,-0.4958,,구애스카프
가라르야도킹,알로라 나인테일,75,22,2.000,5.000,0.5654,,0.5654,,없음
가라르야도킹,에써르(수컷),75,23,3.000,4.000,-0.1850,,-0.1850,,구애스카프
가라르야도킹,워시로토무,75,24,3.000,4.000,-0.1850,,-0.3228,,먹다남은음식
가라르야도킹,불카모스,75,25,5.000,5.000,-0.3210,,-0.5978,,자뭉열매
가라르야도킹,빠르모트,75,26,2.000,3.000,-0.0275,,-0.1058,,기합의띠
가라르야도킹,라우드본,75,27,5.000,4.000,-0.5774,,-0.7009,,자뭉열매
가라르야도킹,삼삼드래,75,28,3.000,3.000,-0.4958,,-0.4958,,구애스카프
가라르야도킹,메타그로스,75,29,3.000,2.000,-0.2610,,-0.4838,-0.4958,생명의구슬
가라르야도킹,망나뇽,75,30,2.495,3.000,-0.1364,,-0.1364,-0.1376,없음
가라르야도킹,님피아,75,31,3.000,5.000,0.2482,,0.1258,,먹다남은음식
가라르야도킹,히트로토무,75,32,3.000,3.000,-0.2084,,-0.2084,,구애스카프
가라르야도킹,거북왕,75,33,4.000,3.000,-0.3678,,-0.3678,-0.6159,없음
가라르야도킹,대도각참,75,34,3.000,2.000,-0.7172,,-0.7172,,타입강화
가라르야도킹,팬텀,75,35,2.000,3.000,-0.1058,,-0.1058,-0.3288,기합의띠
가라르야도킹,마폭시,75,36,4.000,3.000,-0.3005,,-0.3005,-0.6942,기합의띠
가라르야도킹,엠페르트,75,37,6.000,4.000,-0.6831,,-0.6831,,없음
가라르야도킹,번치코,75,38,2.000,3.000,-0.1058,,-0.3288,-0.3288,생명의구슬
가라르야도킹,대짱이,75,39,4.000,2.000,-0.7172,,-0.7955,-0.8298,자뭉열매
가라르야도킹,라이츄,75,40,3.000,4.000,-0.2297,,-0.2297,-0.4958,구애스카프
가라르야도킹,블래키,75,41,6.000,3.000,-0.7046,,-0.7053,,먹다남은음식
가라르야도킹,다크펫,75,42,3.000,2.000,-0.4838,,-0.4838,-0.8298,기합의띠
가라르야도킹,더시마사리,75,43,3.000,8.000,0.9149,,0.8470,,먹다남은음식
가라르야도킹,핫삼,75,44,2.000,4.000,0.4559,,0.4559,0.2500,울퉁불퉁멧
가라르야도킹,오롱털,75,45,2.000,2.000,-0.3288,,-0.3288,,없음
가라르야도킹,픽시,75,46,3.000,10.000,0.9960,,0.9469,0.8889,먹다남은음식
가라르야도킹,카디나르마,75,47,4.000,3.000,-0.1850,,-0.1850,,기합의띠
가라르야도킹,앱솔,75,48,3.000,2.000,-0.2610,,-0.2610,-0.7172,없음
가라르야도킹,찌리배리,75,49,5.000,7.000,0.0906,,-0.2746,,먹다남은음식
가라르야도킹,맘모꾸리,75,50,4.000,2.000,-0.7172,,-0.7172,,기합의띠
가라르야도킹,파라블레이즈,75,51,4.000,2.000,-0.7172,,-0.7172,,기합의띠
가라르야도킹,패리퍼,75,52,3.000,4.000,0.3160,,0.3160,,없음
가라르야도킹,찌르호크,75,53,3.000,4.000,-0.1989,,-0.1989,0.0403,구애스카프
가라르야도킹,대검귀,75,54,3.000,3.000,-0.4958,,-0.4958,,타입강화
가라르야도킹,마기라스,75,55,6.000,2.000,-0.7320,,-0.7320,-0.7955,먹다남은음식
가라르야도킹,이어롭,75,56,4.000,3.000,-0.3833,,-0.5824,-0.3288,자뭉열매
가라르야도킹,플라엣테,75,57,3.000,6.000,0.5148,,0.5148,0.4253,구애스카프
가라르야도킹,배바닐라,75,58,3.000,4.000,0.0731,,0.0731,,타입강화
가라르야도킹,드래펄트,75,59,3.000,2.000,-0.4838,,-0.5965,,생명의구슬
가라르야도킹,입치트,75,60,2.000,4.000,0.5654,,0.5654,-0.0493,기합의띠
가라르야도킹,메가니움,75,61,3.000,5.000,0.6482,,0.6482,0.3421,기합의띠
가라르야도킹,메타몽,75,62,2.000,7.000,0.8874,,0.8874,,구애스카프
가라르야도킹,이상해꽃,75,63,3.000,5.000,0.4287,,0.0106,0.1069,생명의구슬
가라르야도킹,밀로틱,75,64,6.000,7.000,0.0656,,-0.4130,,먹다남은음식
가라르야도킹,스코빌런,75,65,2.000,4.000,0.2520,,0.2298,0.1346,먹다남은음식
가라르야도킹,아쿠스타,75,66,3.000,5.000,0.3177,,0.3177,0.0133,기합의띠
가라르야도킹,몰드류,75,67,3.000,2.000,-0.4838,,-0.4838,-0.5965,구애스카프
가라르야도킹,조로아크(히스이),75,68,3.000,3.000,-0.2610,,-0.2610,,기합의띠
가라르야도킹,미끄래곤(히스이),75,69,8.000,3.000,-0.6999,,-0.7000,,먹다남은음식
가라르야도킹,잠만보,75,70,6.000,3.000,-0.6616,,-0.7174,,먹다남은음식
가라르야도킹,무장조,75,71,3.000,5.000,0.0331,,0.0331,-0.2450,자뭉열매
가라르야도킹,클레스퍼트라,75,72,3.000,4.000,-0.0847,,-0.0847,,기합의띠
가라르야도킹,창파나이트,75,73,2.000,3.000,0.2298,,0.2298,,없음
가라르야도킹,우츠보트,75,74,2.000,4.000,0.5654,,0.5654,0.0731,기합의띠
가라르야도킹,깜까미,75,76,5.000,3.000,-0.6010,,-0.6010,-0.4792,없음
가라르야도킹,엘풍,75,77,1.000,10.000,1.0000,,1.0000,,기합의띠
가라르야도킹,저승갓숭,75,78,3.000,4.000,0.0731,,0.0731,,먹다남은음식
가라르야도킹,스트린더(하이),75,79,2.000,4.000,0.5654,,0.5654,,풍선
가라르야도킹,샤미드,75,80,6.000,6.000,-0.1925,,-0.5907,,먹다남은음식
가라르야도킹,사마자르,75,81,3.000,3.000,-0.1850,,-0.1850,,기합의띠
가라르야도킹,인텔리레온,75,82,3.000,4.000,0.0731,,0.0731,,없음
가라르야도킹,깨비물거미,75,83,4.000,5.000,0.0705,,-0.2095,,자뭉열매
가라르야도킹,가디안,75,84,2.000,4.000,0.4527,,0.4527,0.0731,기합의띠
가라르야도킹,왕구리,75,85,4.000,4.000,-0.3228,,-0.3228,,없음
가라르야도킹,엘레이드,75,86,4.000,3.000,-0.5038,,-0.7172,-0.7176,생명의구슬
가라르야도킹,브리무음,75,87,2.000,4.000,0.8207,,0.8207,,기합의띠
가라르야도킹,눈여아,75,88,3.000,3.000,0.0461,,0.0461,-0.3393,기합의띠
가라르야도킹,어흥염,75,89,4.000,2.000,-0.7148,,-0.7890,,자뭉열매
가라르야도킹,마릴리,75,90,2.000,6.000,0.8919,,0.3439,,자뭉열매
가라르야도킹,올리르바,75,91,2.000,4.000,0.0731,,0.0731,,기합의띠
가라르야도킹,스트린더(로우),75,92,2.000,4.000,0.5654,,0.5654,,풍선
가라르야도킹,펜드라,75,93,2.000,3.000,0.0706,,0.0706,-0.1874,기합의띠
가라르야도킹,화염레오,75,94,3.000,3.000,-0.1850,,-0.1850,-0.3833,기합의띠
가라르야도킹,윈디(히스이),75,95,4.000,3.000,-0.4990,,-0.4990,,기합의띠
가라르야도킹,캥카,75,96,4.000,3.000,-0.4813,,-0.5265,-0.7000,타입강화
가라르야도킹,꿈트렁,75,97,2.000,3.000,0.0731,,0.0596,,자뭉열매
가라르야도킹,에써르(암컷),75,98,4.000,5.000,0.3177,,0.3177,,없음
가라르야도킹,후딘,75,99,3.000,4.000,-0.2659,,-0.2659,,기합의띠
가라르야도킹,드래캄,75,100,2.000,3.000,-0.1483,,-0.1058,-0.2610,생명의구슬
깜까미,보만다,76,1,8.000,2.000,-0.7664,-0.7162,-0.7664,-0.7664,구애스카프
깜까미,한카리아스,76,2,5.000,2.000,-0.7955,-0.7540,-0.7955,-0.7955,구애스카프
깜까미,누리레느,76,3,7.000,1.000,-0.8534,-0.7955,-0.8534,,자뭉열매
깜까미,갑주무사,76,4,6.000,3.000,-0.5495,-0.6035,-0.5689,-0.6596,생명의구슬
깜까미,하마돈,76,5,6.000,3.000,-0.6506,-0.6993,-0.7342,,자뭉열매
깜까미,루카리오,76,6,7.000,2.000,-0.7955,-0.7540,-0.7955,-0.8534,기합의띠
깜까미,드닐레이브,76,7,5.000,2.000,-0.7955,-0.7540,-0.7955,-0.7955,기합의띠
깜까미,브리두라스,76,8,5.000,2.000,-0.7955,-0.7540,-0.7955,,자뭉열매
깜까미,타부자고,76,9,3.000,2.000,-0.4913,-0.3083,-0.4913,,풍선
깜까미,따라큐,76,10,3.000,2.000,-0.6634,-0.5188,-0.8534,,생명의구슬
깜까미,고릴타,76,11,5.000,2.000,-0.7955,-0.7532,-0.7955,,생명의구슬
깜까미,킬가르도,76,12,3.000,2.000,-0.4301,-0.2845,-0.6634,,먹다남은음식
깜까미,마스카나,76,13,7.000,2.000,-0.7955,-0.7540,-0.7955,,구애스카프
깜까미,갸라도스,76,14,6.000,3.000,-0.6989,-0.6989,-0.7540,-0.7540,울퉁불퉁멧
깜까미,아머까오,76,15,7.000,3.000,-0.7000,-0.7000,-0.7540,,울퉁불퉁멧
깜까미,킬라플로르,76,16,4.000,2.000,-0.7955,-0.7532,-0.7955,-0.7955,기합의띠
깜까미,대쓰여너,76,17,2.000,2.000,-0.4301,-0.2845,-0.4301,,구애스카프
깜까미,리자몽,76,18,4.000,2.000,-0.6839,-0.5294,-0.6839,-0.8403,구애스카프
깜까미,포푸니크,76,19,6.000,4.000,-0.7000,-0.4868,-0.7000,,없음
깜까미,개굴닌자,76,20,6.000,2.000,-0.7540,-0.6989,-0.7540,-0.7955,기합의띠
깜까미,에이스번,76,21,4.000,2.000,-0.6211,-0.3290,-0.6211,,구애스카프
깜까미,알로라 나인테일,76,22,7.000,2.000,-0.7955,-0.7540,-0.7955,,없음
깜까미,에써르(수컷),76,23,2.000,2.000,-0.1832,0.1524,-0.1832,,구애스카프
깜까미,워시로토무,76,24,4.000,2.000,-0.6211,-0.1995,-0.7540,,먹다남은음식
깜까미,불카모스,76,25,4.000,3.000,-0.5468,-0.2569,-0.7206,,자뭉열매
깜까미,빠르모트,76,26,7.000,2.000,-0.7540,-0.6989,-0.7540,,기합의띠
깜까미,라우드본,76,27,4.000,3.000,-0.5145,-0.2036,-0.7488,,자뭉열매
깜까미,삼삼드래,76,28,8.000,2.000,-0.7955,-0.7540,-0.7955,,구애스카프
깜까미,메타그로스,76,29,3.000,3.000,-0.4166,0.0501,-0.4301,-0.5188,생명의구슬
깜까미,망나뇽,76,30,5.495,2.000,-0.7744,-0.7261,-0.7744,-0.7744,없음
깜까미,님피아,76,31,9.000,1.000,-0.8977,-0.8660,-0.8977,,먹다남은음식
깜까미,히트로토무,76,32,4.000,2.000,-0.6634,-0.5188,-0.6634,,구애스카프
깜까미,거북왕,76,33,4.000,2.000,-0.7955,-0.7532,-0.7955,-0.8534,없음
깜까미,대도각참,76,34,10.000,3.000,-0.7540,-0.7000,-0.7540,,타입강화
깜까미,팬텀,76,35,2.000,3.000,-0.1832,0.1524,-0.1832,-0.1832,기합의띠
깜까미,마폭시,76,36,2.000,2.000,-0.3288,-0.1832,-0.3288,-0.5187,기합의띠
깜까미,엠페르트,76,37,4.000,2.000,-0.7469,-0.5629,-0.7469,,없음
깜까미,번치코,76,38,7.000,2.000,-0.7540,-0.7540,-0.7955,-0.7955,생명의구슬
깜까미,대짱이,76,39,5.000,2.000,-0.7540,-0.5646,-0.7540,-0.7955,자뭉열매
깜까미,라이츄,76,40,3.000,2.000,-0.5188,-0.1147,-0.5188,-0.6634,구애스카프
깜까미,블래키,76,41,13.000,5.000,-0.7000,-0.7000,-0.7000,,먹다남은음식
깜까미,다크펫,76,42,2.000,2.000,-0.1832,0.1524,-0.1832,-0.3288,기합의띠
깜까미,더시마사리,76,43,7.000,6.000,-0.1013,0.1515,-0.4359,,먹다남은음식
깜까미,핫삼,76,44,5.000,3.000,-0.7220,-0.5936,-0.7537,-0.7230,울퉁불퉁멧
깜까미,오롱털,76,45,14.000,2.000,-0.8534,-0.7955,-0.8534,,없음
깜까미,픽시,76,46,10.000,2.000,-0.8016,-0.7584,-0.8016,-0.8016,먹다남은음식
깜까미,카디나르마,76,47,3.000,2.000,-0.4301,-0.2845,-0.4301,,기합의띠
깜까미,앱솔,76,48,6.000,2.000,-0.7955,-0.7540,-0.7955,-0.6634,없음
깜까미,찌리배리,76,49,6.000,4.000,-0.5561,-0.4485,-0.6949,,먹다남은음식
깜까미,맘모꾸리,76,50,4.000,2.000,-0.7532,-0.4502,-0.7532,,기합의띠
깜까미,파라블레이즈,76,51,2.000,2.000,-0.2845,0.0068,-0.2845,,기합의띠
깜까미,패리퍼,76,52,4.000,3.000,-0.7445,-0.3134,-0.7445,,없음
깜까미,찌르호크,76,53,7.000,3.000,-0.7099,-0.7099,-0.7099,-0.7616,구애스카프
깜까미,대검귀,76,54,8.000,3.000,-0.7000,-0.7000,-0.7000,,타입강화
깜까미,마기라스,76,55,10.000,2.000,-0.7540,-0.7000,-0.7540,-0.7955,먹다남은음식
깜까미,이어롭,76,56,4.000,4.000,-0.2446,0.0922,-0.4901,-0.7540,자뭉열매
깜까미,플라엣테,76,57,8.000,1.000,-0.8781,-0.8278,-0.8781,-0.8977,구애스카프
깜까미,배바닐라,76,58,4.000,2.000,-0.6211,-0.1995,-0.6634,,타입강화
깜까미,드래펄트,76,59,2.000,2.000,-0.4301,-0.1832,-0.3288,,생명의구슬
깜까미,입치트,76,60,9.000,2.000,-0.7955,-0.7540,-0.7955,-0.7955,기합의띠
깜까미,메가니움,76,61,6.000,3.000,-0.7152,-0.5198,-0.7152,-0.8129,기합의띠
깜까미,메타몽,76,62,3.000,5.000,0.8890,0.8148,0.5236,,구애스카프
깜까미,이상해꽃,76,63,5.000,4.000,-0.5149,0.0447,-0.5492,-0.6530,생명의구슬
깜까미,밀로틱,76,64,6.000,3.000,-0.6992,-0.4477,-0.7003,,먹다남은음식
깜까미,스코빌런,76,65,4.000,2.000,-0.5598,-0.3828,-0.7283,-0.7580,먹다남은음식
깜까미,아쿠스타,76,66,2.000,4.000,0.1524,0.6278,0.1524,0.0501,기합의띠
깜까미,몰드류,76,67,4.000,2.000,-0.6211,-0.2458,-0.6211,-0.7955,구애스카프
깜까미,조로아크(히스이),76,68,2.000,3.000,-0.1832,0.1524,-0.1832,,기합의띠
깜까미,미끄래곤(히스이),76,69,4.000,2.000,-0.7955,-0.7532,-0.7955,,먹다남은음식
깜까미,잠만보,76,70,5.000,4.000,-0.0916,-0.1958,-0.4353,,먹다남은음식
깜까미,무장조,76,71,6.000,3.000,-0.7149,-0.6630,-0.7149,-0.7654,자뭉열매
깜까미,클레스퍼트라,76,72,2.000,2.000,-0.1832,0.1524,-0.1832,,기합의띠
깜까미,창파나이트,76,73,7.000,3.000,-0.7540,-0.7000,-0.7540,,없음
깜까미,우츠보트,76,74,4.000,4.000,-0.4502,0.0988,-0.4502,-0.5655,기합의띠
깜까미,가라르야도킹,76,75,3.000,5.000,0.7244,0.7142,0.7244,,먹다남은음식
깜까미,엘풍,76,77,7.000,2.000,-0.7955,-0.7540,-0.7955,,기합의띠
깜까미,저승갓숭,76,78,5.000,5.000,-0.2632,0.0596,-0.6840,,먹다남은음식
깜까미,스트린더(하이),76,79,4.000,3.000,-0.3290,-0.0699,-0.3290,,풍선
깜까미,샤미드,76,80,6.000,3.000,-0.7056,-0.3547,-0.7067,,먹다남은음식
깜까미,사마자르,76,81,4.000,3.000,-0.7532,-0.3169,-0.7532,,기합의띠
깜까미,인텔리레온,76,82,3.000,3.000,-0.5188,-0.1995,-0.5188,,없음
깜까미,깨비물거미,76,83,4.000,4.000,0.1022,0.1342,-0.0940,,자뭉열매
깜까미,가디안,76,84,3.000,1.000,-0.8534,-0.6634,-0.8534,-0.8977,기합의띠
깜까미,왕구리,76,85,4.000,3.000,-0.5646,-0.0699,-0.5646,,없음
깜까미,엘레이드,76,86,3.000,3.000,-0.3286,-0.0636,-0.5188,-0.7532,생명의구슬
깜까미,브리무음,76,87,4.000,2.000,-0.4590,-0.7295,-0.4590,,기합의띠
깜까미,눈여아,76,88,2.000,3.000,-0.1832,0.1524,-0.1832,-0.3288,기합의띠
깜까미,어흥염,76,89,12.000,2.000,-0.7540,-0.7000,-0.7540,,자뭉열매
깜까미,마릴리,76,90,8.000,2.000,-0.7776,-0.7365,-0.7776,,자뭉열매
깜까미,올리르바,76,91,5.000,2.000,-0.4052,-0.5117,-0.4052,,기합의띠
깜까미,스트린더(로우),76,92,4.000,3.000,-0.3290,-0.0699,-0.3290,,풍선
깜까미,펜드라,76,93,4.000,3.000,-0.4632,-0.2113,-0.4632,-0.7250,기합의띠
깜까미,화염레오,76,94,4.000,2.000,-0.6634,-0.5188,-0.6634,-0.7955,기합의띠
깜까미,윈디(히스이),76,95,4.000,2.000,-0.7939,-0.7511,-0.7939,,기합의띠
깜까미,캥카,76,96,4.000,4.000,-0.1868,0.1087,-0.1868,-0.5861,타입강화
깜까미,꿈트렁,76,97,5.000,3.000,-0.6989,-0.4687,-0.7000,,자뭉열매
깜까미,에써르(암컷),76,98,2.000,3.000,-0.1832,0.1524,-0.1832,,없음
깜까미,후딘,76,99,2.000,2.000,-0.1967,-0.0511,-0.3288,,기합의띠
깜까미,드래캄,76,100,4.000,2.000,-0.2980,-0.5188,-0.3867,-0.6200,생명의구슬
엘풍,보만다,77,1,3.000,2.000,-0.0256,,-0.4923,-0.8279,구애스카프
엘풍,한카리아스,77,2,2.000,2.000,0.1379,,-0.3288,-0.3288,구애스카프
엘풍,누리레느,77,3,2.000,2.000,0.1097,,-0.0955,,자뭉열매
엘풍,갑주무사,77,4,4.000,2.000,-0.3288,,-0.1619,-0.7955,생명의구슬
엘풍,하마돈,77,5,2.000,3.000,0.5101,,0.3623,,자뭉열매
엘풍,루카리오,77,6,3.000,1.000,-0.4311,,-0.4311,-0.4311,기합의띠
엘풍,드닐레이브,77,7,2.000,2.000,0.1379,,0.1379,-0.1977,기합의띠
엘풍,브리두라스,77,8,3.000,2.000,-0.0955,,-0.3288,,자뭉열매
엘풍,타부자고,77,9,9.000,1.000,-0.8272,,-0.8272,,풍선
엘풍,따라큐,77,10,4.000,3.000,0.2225,,-0.0881,,생명의구슬
엘풍,고릴타,77,11,3.000,4.000,0.5387,,0.2400,,생명의구슬
엘풍,킬가르도,77,12,8.000,1.000,-0.8977,,-0.8977,,먹다남은음식
엘풍,마스카나,77,13,2.000,1.000,-0.6644,,-0.6644,,구애스카프
엘풍,갸라도스,77,14,4.000,3.000,0.0043,,0.0043,-0.0955,울퉁불퉁멧
엘풍,아머까오,77,15,10.000,2.000,-0.7955,,-0.7955,,울퉁불퉁멧
엘풍,킬라플로르,77,16,4.000,1.000,-0.6644,,-0.6644,-0.6644,기합의띠
엘풍,대쓰여너,77,17,2.000,3.000,0.4735,,0.0068,,구애스카프
엘풍,리자몽,77,18,7.000,1.000,-0.8746,,-0.8746,-0.8977,구애스카프
엘풍,포푸니크,77,19,3.000,1.000,-0.8977,,-0.8977,,없음
엘풍,개굴닌자,77,20,2.000,1.000,-0.6644,,-0.6644,-0.6644,기합의띠
엘풍,에이스번,77,21,6.000,1.000,-0.8977,,-0.8977,,구애스카프
엘풍,알로라 나인테일,77,22,4.000,2.000,-0.3288,,-0.3288,,없음
엘풍,에써르(수컷),77,23,3.000,2.000,-0.0955,,-0.5621,,구애스카프
엘풍,워시로토무,77,24,2.000,4.000,0.8090,,0.8090,,먹다남은음식
엘풍,불카모스,77,25,9.000,2.000,-0.8365,,-0.8365,,자뭉열매
엘풍,빠르모트,77,26,2.000,2.000,0.1379,,0.1379,,기합의띠
엘풍,라우드본,77,27,9.000,2.000,-0.8005,,-0.8005,,자뭉열매
엘풍,삼삼드래,77,28,1.000,2.000,0.3712,,-0.0955,,구애스카프
엘풍,메타그로스,77,29,7.000,1.000,-0.8977,,-0.8977,-0.8977,생명의구슬
엘풍,망나뇽,77,30,3.495,2.000,-0.0966,,-0.0966,-0.2121,없음
엘풍,님피아,77,31,6.000,2.000,-0.7292,,-0.7955,,먹다남은음식
엘풍,히트로토무,77,32,6.000,1.000,-0.8977,,-0.8977,,구애스카프
엘풍,거북왕,77,33,2.000,2.000,0.1379,,0.1379,0.1379,없음
엘풍,대도각참,77,34,4.000,1.000,-0.6644,,-0.6644,,타입강화
엘풍,팬텀,77,35,6.000,1.000,-0.8977,,-0.8977,-0.8977,기합의띠
엘풍,마폭시,77,36,7.000,1.000,-0.8977,,-0.8977,-0.8977,기합의띠
엘풍,엠페르트,77,37,4.000,2.000,-0.3828,,-0.3828,,없음
엘풍,번치코,77,38,3.000,1.000,-0.4311,,-0.4311,-0.4311,생명의구슬
엘풍,대짱이,77,39,1.000,1.000,0.0356,,-0.1977,-0.1977,자뭉열매
엘풍,라이츄,77,40,3.000,4.000,0.4980,,0.0314,-0.2267,구애스카프
엘풍,블래키,77,41,3.000,9.000,0.9080,,0.9080,,먹다남은음식
엘풍,다크펫,77,42,3.000,1.000,-0.4311,,-0.4311,-0.4311,기합의띠
엘풍,더시마사리,77,43,6.000,10.000,0.7000,,0.7000,,먹다남은음식
엘풍,핫삼,77,44,7.000,2.000,-0.7955,,-0.7955,-0.7955,울퉁불퉁멧
엘풍,오롱털,77,45,2.000,3.000,0.4735,,0.4735,,없음
엘풍,픽시,77,46,5.000,3.000,-0.2416,,-0.6854,-0.7461,먹다남은음식
엘풍,카디나르마,77,47,7.000,1.000,-0.8977,,-0.8977,,기합의띠
엘풍,앱솔,77,48,2.000,3.000,0.4735,,0.4735,0.0068,없음
엘풍,찌리배리,77,49,5.000,3.000,-0.2378,,-0.6909,,먹다남은음식
엘풍,맘모꾸리,77,50,2.000,2.000,0.1379,,0.1379,,기합의띠
엘풍,파라블레이즈,77,51,7.000,2.000,-0.7955,,-0.7955,,기합의띠
엘풍,패리퍼,77,52,3.000,2.000,-0.4148,,-0.4148,,없음
엘풍,찌르호크,77,53,4.000,2.000,-0.3475,,-0.8142,-0.1142,구애스카프
엘풍,대검귀,77,54,2.000,2.000,0.1379,,0.1379,,타입강화
엘풍,마기라스,77,55,2.000,2.000,0.1379,,-0.0955,-0.0955,먹다남은음식
엘풍,이어롭,77,56,4.000,2.000,-0.3288,,-0.3288,-0.3288,자뭉열매
엘풍,플라엣테,77,57,5.000,2.000,-0.5351,,-0.7955,-0.6653,구애스카프
엘풍,배바닐라,77,58,4.000,1.000,-0.6644,,-0.6644,,타입강화
엘풍,드래펄트,77,59,2.000,2.000,-0.3288,,-0.3288,,생명의구슬
엘풍,입치트,77,60,5.000,2.000,-0.5621,,-0.5621,-0.7955,기합의띠
엘풍,메가니움,77,61,5.000,5.000,0.4793,,0.4793,-0.4252,기합의띠
엘풍,메타몽,77,62,2.000,4.000,0.8090,,0.8090,,구애스카프
엘풍,이상해꽃,77,63,9.000,1.000,-0.8977,,-0.8977,-0.8977,생명의구슬
엘풍,밀로틱,77,64,4.000,3.000,0.0038,,0.0038,,먹다남은음식
엘풍,스코빌런,77,65,6.000,1.000,-0.8977,,-0.8977,-0.8977,먹다남은음식
엘풍,아쿠스타,77,66,2.000,2.000,0.1379,,0.1379,-0.3288,기합의띠
엘풍,몰드류,77,67,4.000,2.000,-0.3288,,-0.7955,-0.6644,구애스카프
엘풍,조로아크(히스이),77,68,3.000,1.000,-0.4311,,-0.4311,,기합의띠
엘풍,미끄래곤(히스이),77,69,5.000,2.000,-0.5621,,-0.7955,,먹다남은음식
엘풍,잠만보,77,70,6.000,2.000,-0.7955,,-0.7955,,먹다남은음식
엘풍,무장조,77,71,7.000,2.000,-0.7312,,-0.7955,-0.8236,자뭉열매
엘풍,클레스퍼트라,77,72,3.000,3.000,0.2400,,0.2400,,기합의띠
엘풍,창파나이트,77,73,2.000,2.000,0.1379,,0.1379,,없음
엘풍,우츠보트,77,74,7.000,1.000,-0.8977,,-0.8977,-0.8977,기합의띠
엘풍,가라르야도킹,77,75,10.000,1.000,-0.8977,,-0.8977,,먹다남은음식
엘풍,깜까미,77,76,2.000,7.000,1.0000,,1.0000,0.9971,없음
엘풍,저승갓숭,77,78,3.000,3.000,0.2291,,0.2043,,먹다남은음식
엘풍,스트린더(하이),77,79,6.000,1.000,-0.8977,,-0.8977,,풍선
엘풍,샤미드,77,80,3.000,3.000,-0.0080,,-0.0080,,먹다남은음식
엘풍,사마자르,77,81,3.000,3.000,0.2400,,0.2400,,기합의띠
엘풍,인텔리레온,77,82,2.000,2.000,-0.3288,,-0.3288,,없음
엘풍,깨비물거미,77,83,4.000,3.000,-0.0670,,-0.3026,,자뭉열매
엘풍,가디안,77,84,4.000,2.000,-0.3288,,-0.3288,-0.3288,기합의띠
엘풍,왕구리,77,85,2.000,2.000,0.1379,,0.1379,,없음
엘풍,엘레이드,77,86,2.000,2.000,0.1379,,-0.1864,-0.1864,생명의구슬
엘풍,브리무음,77,87,4.000,2.000,-0.3288,,-0.3288,,기합의띠
엘풍,눈여아,77,88,3.000,2.000,-0.0955,,-0.0955,-0.8977,기합의띠
엘풍,어흥염,77,89,4.000,1.000,-0.6644,,-0.8977,,자뭉열매
엘풍,마릴리,77,90,2.000,4.000,0.8090,,0.1743,,자뭉열매
엘풍,올리르바,77,91,4.000,3.000,-0.2704,,-0.2704,,기합의띠
엘풍,스트린더(로우),77,92,6.000,1.000,-0.8977,,-0.8977,,풍선
엘풍,펜드라,77,93,6.000,1.000,-0.8977,,-0.8977,-0.8977,기합의띠
엘풍,화염레오,77,94,6.000,1.000,-0.8977,,-0.8977,-0.8977,기합의띠
엘풍,윈디(히스이),77,95,4.000,1.000,-0.6606,,-0.6606,,기합의띠
엘풍,캥카,77,96,4.000,2.000,-0.3288,,-0.3288,-0.3649,타입강화
엘풍,꿈트렁,77,97,5.000,2.000,-0.5744,,-0.7955,,자뭉열매
엘풍,에써르(암컷),77,98,4.000,3.000,0.0043,,0.0043,,없음
엘풍,후딘,77,99,3.000,2.000,-0.5621,,-0.5621,,기합의띠
엘풍,드래캄,77,100,4.000,1.000,-0.6644,,-0.6644,-0.8977,생명의구슬
저승갓숭,보만다,78,1,3.000,3.000,0.0412,,0.0412,-0.5928,구애스카프
저승갓숭,한카리아스,78,2,2.000,3.000,-0.0289,,-0.0289,-0.2624,구애스카프
저승갓숭,누리레느,78,3,4.000,2.000,-0.3546,,-0.5679,,자뭉열매
저승갓숭,갑주무사,78,4,5.000,6.000,0.4379,,0.2101,0.4828,생명의구슬
저승갓숭,하마돈,78,5,4.000,4.000,0.2073,,0.0806,,자뭉열매
저승갓숭,루카리오,78,6,1.000,3.000,0.4378,,0.2044,-0.3040,기합의띠
저승갓숭,드닐레이브,78,7,2.000,3.000,0.4378,,0.4378,0.1379,기합의띠
저승갓숭,브리두라스,78,8,2.000,3.000,0.4378,,0.4378,,자뭉열매
저승갓숭,타부자고,78,9,4.000,3.000,-0.0267,,-0.0267,,풍선
저승갓숭,따라큐,78,10,3.000,2.000,-0.5169,,-0.3443,,생명의구슬
저승갓숭,고릴타,78,11,3.000,3.000,0.2400,,-0.0707,,생명의구슬
저승갓숭,킬가르도,78,12,3.000,2.000,-0.0955,,-0.3288,,먹다남은음식
저승갓숭,마스카나,78,13,1.000,2.000,-0.0955,,-0.0955,,구애스카프
저승갓숭,갸라도스,78,14,6.000,4.000,-0.0502,,-0.2794,0.4735,울퉁불퉁멧
저승갓숭,아머까오,78,15,4.000,3.000,-0.0311,,-0.3288,,울퉁불퉁멧
저승갓숭,킬라플로르,78,16,3.000,3.000,0.2648,,0.2648,-0.2267,기합의띠
저승갓숭,대쓰여너,78,17,3.000,2.000,-0.0955,,-0.5621,,구애스카프
저승갓숭,리자몽,78,18,2.000,3.000,-0.0063,,-0.0063,-0.3057,구애스카프
저승갓숭,포푸니크,78,19,4.000,3.000,-0.4623,,-0.4623,,없음
저승갓숭,개굴닌자,78,20,1.000,4.000,0.5400,,0.3067,0.2401,기합의띠
저승갓숭,에이스번,78,21,2.000,2.000,-0.3288,,-0.3288,,구애스카프
저승갓숭,알로라 나인테일,78,22,2.000,2.000,-0.0289,,-0.0289,,없음
저승갓숭,에써르(수컷),78,23,2.000,3.000,-0.0289,,-0.0289,,구애스카프
저승갓숭,워시로토무,78,24,3.000,3.000,0.2648,,0.2400,,먹다남은음식
저승갓숭,불카모스,78,25,2.000,3.000,0.0453,,-0.0383,,자뭉열매
저승갓숭,빠르모트,78,26,2.000,3.000,0.0068,,0.0068,,기합의띠
저승갓숭,라우드본,78,27,5.000,3.000,-0.0515,,-0.2769,,자뭉열매
저승갓숭,삼삼드래,78,28,2.000,3.000,-0.0289,,-0.0289,,구애스카프
저승갓숭,메타그로스,78,29,3.000,2.000,-0.0955,,-0.0955,-0.7707,생명의구슬
저승갓숭,망나뇽,78,30,2.495,3.000,0.4933,,0.4933,-0.3813,없음
저승갓숭,님피아,78,31,5.000,2.000,-0.7405,,-0.8245,,먹다남은음식
저승갓숭,히트로토무,78,32,3.000,3.000,0.2648,,-0.2019,,구애스카프
저승갓숭,거북왕,78,33,3.000,3.000,0.2400,,0.2400,-0.0955,없음
저승갓숭,대도각참,78,34,1.000,4.000,0.7982,,0.7068,,타입강화
저승갓숭,팬텀,78,35,2.000,2.000,-0.3288,,-0.3288,-0.5373,기합의띠
저승갓숭,마폭시,78,36,3.000,2.000,-0.5373,,-0.5373,-0.5373,기합의띠
저승갓숭,엠페르트,78,37,2.000,3.000,0.5448,,0.5448,,없음
저승갓숭,번치코,78,38,2.000,3.000,0.4735,,0.1379,-0.5373,생명의구슬
저승갓숭,대짱이,78,39,3.000,3.000,0.2400,,0.0294,0.2043,자뭉열매
저승갓숭,라이츄,78,40,2.000,4.000,0.3067,,0.3067,-0.0289,구애스카프
저승갓숭,블래키,78,41,2.000,6.000,0.9834,,0.9783,,먹다남은음식
저승갓숭,다크펫,78,42,2.000,2.000,0.1379,,0.1379,-0.1064,기합의띠
저승갓숭,더시마사리,78,43,8.000,7.000,0.3766,,-0.1179,,먹다남은음식
저승갓숭,핫삼,78,44,2.000,2.000,0.3307,,0.1379,0.1760,울퉁불퉁멧
저승갓숭,오롱털,78,45,2.000,2.000,0.1379,,0.1379,,없음
저승갓숭,픽시,78,46,6.000,3.000,-0.3067,,-0.5794,-0.0379,먹다남은음식
저승갓숭,카디나르마,78,47,3.000,2.000,-0.0955,,-0.0955,,기합의띠
저승갓숭,앱솔,78,48,1.000,3.000,0.6711,,0.6711,-0.7955,없음
저승갓숭,찌리배리,78,49,4.000,6.000,0.8412,,0.7809,,먹다남은음식
저승갓숭,맘모꾸리,78,50,2.000,3.000,0.4735,,0.4735,,기합의띠
저승갓숭,파라블레이즈,78,51,3.000,2.000,-0.0955,,-0.0955,,기합의띠
저승갓숭,패리퍼,78,52,4.000,2.000,-0.3257,,-0.3257,,없음
저승갓숭,찌르호크,78,53,4.000,2.000,-0.7528,,-0.7528,-0.7593,구애스카프
저승갓숭,대검귀,78,54,2.000,4.000,0.8090,,0.8090,,타입강화
저승갓숭,마기라스,78,55,1.000,4.000,0.8090,,0.8090,0.7982,먹다남은음식
저승갓숭,이어롭,78,56,1.000,5.000,0.9113,,0.6780,0.3315,자뭉열매
저승갓숭,플라엣테,78,57,5.000,2.000,-0.8015,,-0.8015,-0.8525,구애스카프
저승갓숭,배바닐라,78,58,1.000,3.000,0.4983,,0.4983,,타입강화
저승갓숭,드래펄트,78,59,3.000,2.000,-0.5621,,-0.5373,,생명의구슬
저승갓숭,입치트,78,60,3.000,2.000,-0.0955,,-0.0955,-0.0955,기합의띠
저승갓숭,메가니움,78,61,3.000,4.000,0.5800,,0.5800,-0.0557,기합의띠
저승갓숭,메타몽,78,62,1.000,5.000,0.9004,,0.8756,,구애스카프
저승갓숭,이상해꽃,78,63,4.000,6.000,0.8840,,0.6213,-0.0369,생명의구슬
저승갓숭,밀로틱,78,64,4.000,5.000,0.5980,,0.5920,,먹다남은음식
저승갓숭,스코빌런,78,65,2.000,3.000,0.4735,,0.3240,0.3138,먹다남은음식
저승갓숭,아쿠스타,78,66,3.000,3.000,-0.2019,,-0.2019,-0.5621,기합의띠
저승갓숭,몰드류,78,67,1.000,3.000,0.4983,,0.0316,-0.0289,구애스카프
저승갓숭,조로아크(히스이),78,68,4.000,2.000,-0.7955,,-0.7955,,기합의띠
저승갓숭,미끄래곤(히스이),78,69,2.000,3.000,0.4735,,0.4735,,먹다남은음식
저승갓숭,잠만보,78,70,2.000,5.000,0.9416,,0.9416,,먹다남은음식
저승갓숭,무장조,78,71,4.000,2.000,-0.0488,,-0.2837,-0.7231,자뭉열매
저승갓숭,클레스퍼트라,78,72,3.000,3.000,-0.2376,,-0.2376,,기합의띠
저승갓숭,창파나이트,78,73,3.000,2.000,-0.0707,,-0.0707,,없음
저승갓숭,우츠보트,78,74,3.000,6.000,0.9840,,0.9840,0.8711,기합의띠
저승갓숭,가라르야도킹,78,75,4.000,3.000,-0.0292,,-0.1277,,먹다남은음식
저승갓숭,깜까미,78,76,5.000,5.000,0.3739,,0.3739,0.0418,없음
저승갓숭,엘풍,78,77,3.000,3.000,-0.2376,,-0.2376,,기합의띠
저승갓숭,스트린더(하이),78,79,4.000,4.000,0.2710,,0.2710,,풍선
저승갓숭,샤미드,78,80,3.000,5.000,0.8292,,0.7981,,먹다남은음식
저승갓숭,사마자르,78,81,3.000,6.000,0.9845,,0.9845,,기합의띠
저승갓숭,인텔리레온,78,82,2.000,3.000,0.0068,,0.0068,,없음
저승갓숭,깨비물거미,78,83,4.000,5.000,0.6610,,0.3655,,자뭉열매
저승갓숭,가디안,78,84,2.000,2.000,0.1379,,0.1379,-0.3645,기합의띠
저승갓숭,왕구리,78,85,3.000,3.000,0.5626,,0.5626,,없음
저승갓숭,엘레이드,78,86,2.000,2.000,0.1401,,0.1379,-0.5621,생명의구슬
저승갓숭,브리무음,78,87,3.000,2.000,-0.0955,,-0.0955,,기합의띠
저승갓숭,눈여아,78,88,3.000,3.000,-0.2019,,-0.2019,-0.5373,기합의띠
저승갓숭,어흥염,78,89,2.000,3.000,0.4735,,0.2623,,자뭉열매
저승갓숭,마릴리,78,90,5.000,3.000,-0.4075,,-0.4748,,자뭉열매
저승갓숭,올리르바,78,91,2.000,3.000,0.6631,,0.6532,,기합의띠
저승갓숭,스트린더(로우),78,92,4.000,4.000,0.2710,,0.2710,,풍선
저승갓숭,펜드라,78,93,3.000,5.000,0.2699,,0.2699,0.2564,기합의띠
저승갓숭,화염레오,78,94,1.000,3.000,0.2401,,0.0068,-0.0289,기합의띠
저승갓숭,윈디(히스이),78,95,2.000,3.000,0.2526,,0.2526,,기합의띠
저승갓숭,캥카,78,96,2.000,5.000,0.9236,,0.9236,0.6423,타입강화
저승갓숭,꿈트렁,78,97,2.000,4.000,0.8090,,0.7980,,자뭉열매
저승갓숭,에써르(암컷),78,98,2.000,2.000,0.1379,,0.1379,,없음
저승갓숭,후딘,78,99,2.000,2.000,-0.3288,,-0.3288,,기합의띠
저승갓숭,드래캄,78,100,3.000,3.000,0.2043,,-0.0707,-0.0955,생명의구슬
스트린더(하이),보만다,79,1,4.000,1.000,-0.8977,,-0.8977,-0.8977,구애스카프
스트린더(하이),한카리아스,79,2,3.000,1.000,-0.8977,,-0.8977,-0.8977,구애스카프
스트린더(하이),누리레느,79,3,2.000,3.000,0.4735,,0.4453,,자뭉열매
스트린더(하이),갑주무사,79,4,2.000,1.000,-0.1977,,-0.1977,-0.6644,생명의구슬
스트린더(하이),하마돈,79,5,3.000,1.000,-0.5167,,-0.7501,,자뭉열매
스트린더(하이),루카리오,79,6,3.000,3.000,-0.2267,,-0.2267,-0.5621,기합의띠
스트린더(하이),드닐레이브,79,7,3.000,1.000,-0.8977,,-0.8977,-0.8977,기합의띠
스트린더(하이),브리두라스,79,8,5.000,2.000,-0.7955,,-0.7955,,자뭉열매
스트린더(하이),타부자고,79,9,4.000,3.000,-0.3734,,-0.3734,,풍선
스트린더(하이),따라큐,79,10,3.000,4.000,-0.1724,,-0.2267,,생명의구슬
스트린더(하이),고릴타,79,11,2.000,1.000,-0.6644,,-0.6644,,생명의구슬
스트린더(하이),킬가르도,79,12,4.000,2.000,-0.3288,,-0.5621,,먹다남은음식
스트린더(하이),마스카나,79,13,2.000,2.000,-0.3288,,-0.3288,,구애스카프
스트린더(하이),갸라도스,79,14,1.000,1.000,-0.4311,,-0.4311,-0.6644,울퉁불퉁멧
스트린더(하이),아머까오,79,15,3.000,6.000,0.9779,,0.9065,,울퉁불퉁멧
스트린더(하이),킬라플로르,79,16,3.000,1.000,-0.8977,,-0.8977,-0.8977,기합의띠
스트린더(하이),대쓰여너,79,17,2.000,2.000,-0.3288,,-0.3288,,구애스카프
스트린더(하이),리자몽,79,18,2.000,2.000,-0.2530,,-0.2530,-0.3815,구애스카프
스트린더(하이),포푸니크,79,19,2.000,4.000,0.3424,,0.3424,,없음
스트린더(하이),개굴닌자,79,20,2.000,2.000,-0.3288,,-0.3288,-0.6644,기합의띠
스트린더(하이),에이스번,79,21,3.000,2.000,-0.5621,,-0.5621,,구애스카프
스트린더(하이),알로라 나인테일,79,22,2.000,3.000,0.0068,,0.0068,,없음
스트린더(하이),에써르(수컷),79,23,3.000,2.000,-0.5621,,-0.5621,,구애스카프
스트린더(하이),워시로토무,79,24,3.000,2.000,-0.5621,,-0.5621,,먹다남은음식
스트린더(하이),불카모스,79,25,4.000,2.000,-0.5023,,-0.7371,,자뭉열매
스트린더(하이),빠르모트,79,26,2.000,4.000,0.3424,,0.3424,,기합의띠
스트린더(하이),라우드본,79,27,4.000,2.000,-0.3338,,-0.5671,,자뭉열매
스트린더(하이),삼삼드래,79,28,3.000,1.000,-0.8977,,-0.8977,,구애스카프
스트린더(하이),메타그로스,79,29,3.000,1.000,-0.4311,,-0.4311,-0.8977,생명의구슬
스트린더(하이),망나뇽,79,30,4.495,1.000,-0.8977,,-0.8977,-0.8977,없음
스트린더(하이),님피아,79,31,3.000,3.000,0.5449,,0.5449,,먹다남은음식
스트린더(하이),히트로토무,79,32,3.000,2.000,-0.5621,,-0.5621,,구애스카프
스트린더(하이),거북왕,79,33,2.000,2.000,-0.3288,,-0.3288,-0.3288,없음
스트린더(하이),대도각참,79,34,4.000,3.000,0.0043,,-0.3288,,타입강화
스트린더(하이),팬텀,79,35,2.000,3.000,0.0068,,0.0068,-0.5621,기합의띠
스트린더(하이),마폭시,79,36,3.000,2.000,-0.5621,,-0.5621,-0.8977,기합의띠
스트린더(하이),엠페르트,79,37,2.000,2.000,0.1497,,0.1497,,없음
스트린더(하이),번치코,79,38,3.000,1.000,-0.8977,,-0.6644,-0.8977,생명의구슬
스트린더(하이),대짱이,79,39,3.000,1.000,-0.4311,,-0.6644,-0.6644,자뭉열매
스트린더(하이),라이츄,79,40,3.000,4.000,0.0314,,0.0314,-0.2267,구애스카프
스트린더(하이),블래키,79,41,5.000,4.000,0.2471,,-0.0386,,먹다남은음식
스트린더(하이),다크펫,79,42,2.000,2.000,0.1379,,0.1379,-0.3288,기합의띠
스트린더(하이),더시마사리,79,43,3.000,5.000,0.9065,,0.9065,,먹다남은음식
스트린더(하이),핫삼,79,44,4.000,5.000,0.5915,,0.4497,0.0466,울퉁불퉁멧
스트린더(하이),오롱털,79,45,2.000,3.000,0.4735,,0.4735,,없음
스트린더(하이),픽시,79,46,2.000,6.000,0.9798,,0.9521,0.7492,먹다남은음식
스트린더(하이),카디나르마,79,47,3.000,2.000,-0.3288,,-0.3288,,기합의띠
스트린더(하이),앱솔,79,48,2.000,2.000,-0.0955,,-0.0955,-0.5621,없음
스트린더(하이),찌리배리,79,49,4.000,2.000,-0.0023,,-0.2378,,먹다남은음식
스트린더(하이),맘모꾸리,79,50,3.000,1.000,-0.8977,,-0.8977,,기합의띠
스트린더(하이),파라블레이즈,79,51,3.000,2.000,-0.5621,,-0.5621,,기합의띠
스트린더(하이),패리퍼,79,52,1.000,3.000,0.7068,,0.7068,,없음
스트린더(하이),찌르호크,79,53,2.000,3.000,-0.0547,,-0.0547,0.0883,구애스카프
스트린더(하이),대검귀,79,54,2.000,3.000,0.0068,,0.0068,,타입강화
스트린더(하이),마기라스,79,55,4.000,1.000,-0.6644,,-0.8977,-0.6644,먹다남은음식
스트린더(하이),이어롭,79,56,3.000,2.000,-0.5621,,-0.5621,-0.5621,자뭉열매
스트린더(하이),플라엣테,79,57,2.000,2.000,-0.2837,,-0.2837,-0.4319,구애스카프
스트린더(하이),배바닐라,79,58,3.000,2.000,-0.5621,,-0.5621,,타입강화
스트린더(하이),드래펄트,79,59,3.000,2.000,-0.5621,,-0.5621,,생명의구슬
스트린더(하이),입치트,79,60,2.000,3.000,0.4735,,0.4735,-0.0955,기합의띠
스트린더(하이),메가니움,79,61,2.000,2.000,-0.3288,,-0.3288,-0.5942,기합의띠
스트린더(하이),메타몽,79,62,2.000,3.000,0.4735,,0.0068,,구애스카프
스트린더(하이),이상해꽃,79,63,4.000,2.000,-0.8312,,-0.8977,-0.8312,생명의구슬
스트린더(하이),밀로틱,79,64,3.000,4.000,0.1060,,-0.1643,,먹다남은음식
스트린더(하이),스코빌런,79,65,2.000,2.000,-0.0293,,-0.0293,-0.0955,먹다남은음식
스트린더(하이),아쿠스타,79,66,2.000,2.000,-0.3288,,-0.3288,-0.3288,기합의띠
스트린더(하이),몰드류,79,67,5.000,1.000,-0.8977,,-0.8977,-0.8977,구애스카프
스트린더(하이),조로아크(히스이),79,68,2.000,3.000,0.0068,,0.0068,,기합의띠
스트린더(하이),미끄래곤(히스이),79,69,8.000,2.000,-0.7955,,-0.7955,,먹다남은음식
스트린더(하이),잠만보,79,70,5.000,1.000,-0.8977,,-0.8977,,먹다남은음식
스트린더(하이),무장조,79,71,2.000,2.000,0.1379,,-0.0312,-0.5903,자뭉열매
스트린더(하이),클레스퍼트라,79,72,3.000,2.000,-0.5621,,-0.5621,,기합의띠
스트린더(하이),창파나이트,79,73,3.000,3.000,0.2400,,0.2400,,없음
스트린더(하이),우츠보트,79,74,3.000,6.000,0.9932,,0.9932,0.9065,기합의띠
스트린더(하이),가라르야도킹,79,75,4.000,2.000,-0.4838,,-0.6389,,먹다남은음식
스트린더(하이),깜까미,79,76,3.000,4.000,0.3846,,0.3846,0.1498,없음
스트린더(하이),엘풍,79,77,1.000,6.000,1.0000,,1.0000,,기합의띠
스트린더(하이),저승갓숭,79,78,4.000,4.000,-0.1352,,-0.1639,,먹다남은음식
스트린더(하이),샤미드,79,80,3.000,4.000,0.5609,,0.2950,,먹다남은음식
스트린더(하이),사마자르,79,81,3.000,3.000,-0.2267,,-0.2267,,기합의띠
스트린더(하이),인텔리레온,79,82,2.000,3.000,0.0068,,0.0068,,없음
스트린더(하이),깨비물거미,79,83,2.000,4.000,0.7377,,0.5732,,자뭉열매
스트린더(하이),가디안,79,84,2.000,2.000,-0.3288,,-0.3288,-0.6644,기합의띠
스트린더(하이),왕구리,79,85,2.000,1.000,-0.1977,,-0.1977,,없음
스트린더(하이),엘레이드,79,86,3.000,1.000,-0.8977,,-0.8977,-0.8977,생명의구슬
스트린더(하이),브리무음,79,87,2.000,2.000,-0.0299,,-0.0299,,기합의띠
스트린더(하이),눈여아,79,88,3.000,3.000,-0.2267,,-0.2267,-0.5621,기합의띠
스트린더(하이),어흥염,79,89,3.000,2.000,-0.1192,,-0.3288,,자뭉열매
스트린더(하이),마릴리,79,90,2.000,4.000,0.8090,,0.8090,,자뭉열매
스트린더(하이),올리르바,79,91,2.000,1.000,-0.1977,,-0.1977,,기합의띠
스트린더(하이),스트린더(로우),79,92,2.000,2.000,-0.0955,,-0.0955,,풍선
스트린더(하이),펜드라,79,93,2.000,1.000,-0.7870,,-0.7870,-0.4311,기합의띠
스트린더(하이),화염레오,79,94,3.000,2.000,-0.5621,,-0.5621,-0.8977,기합의띠
스트린더(하이),윈디(히스이),79,95,3.000,2.000,-0.5708,,-0.5708,,기합의띠
스트린더(하이),캥카,79,96,3.000,1.000,-0.8977,,-0.8977,-0.8977,타입강화
스트린더(하이),꿈트렁,79,97,3.000,1.000,-0.4135,,-0.4257,,자뭉열매
스트린더(하이),에써르(암컷),79,98,3.000,2.000,-0.5621,,-0.5621,,없음
스트린더(하이),후딘,79,99,3.000,1.000,-0.8977,,-0.8977,,기합의띠
스트린더(하이),드래캄,79,100,3.000,2.000,-0.0955,,-0.0955,-0.3288,생명의구슬
샤미드,보만다,80,1,2.000,4.000,0.0557,,0.0557,-0.2661,구애스카프
샤미드,한카리아스,80,2,2.000,3.000,-0.0346,,-0.0346,-0.4747,구애스카프
샤미드,누리레느,80,3,9.000,5.000,-0.6706,,-0.6968,,자뭉열매
샤미드,갑주무사,80,4,8.000,4.000,-0.6582,,-0.6726,-0.2171,생명의구슬
샤미드,하마돈,80,5,3.000,4.000,0.8142,,0.5744,,자뭉열매
샤미드,루카리오,80,6,3.000,3.000,-0.4333,,-0.4333,-0.7667,기합의띠
샤미드,드닐레이브,80,7,7.000,3.000,-0.7118,,-0.7118,-0.7118,기합의띠
샤미드,브리두라스,80,8,5.000,3.000,-0.7118,,-0.7118,,자뭉열매
샤미드,타부자고,80,9,5.000,4.000,-0.6168,,-0.6168,,풍선
샤미드,따라큐,80,10,4.000,3.000,-0.4880,,-0.7451,,생명의구슬
샤미드,고릴타,80,11,3.000,2.000,-0.5748,,-0.5748,,생명의구슬
샤미드,킬가르도,80,12,5.000,3.000,-0.2433,,-0.6024,,먹다남은음식
샤미드,마스카나,80,13,3.000,3.000,-0.2393,,-0.2393,,구애스카프
샤미드,갸라도스,80,14,7.000,2.000,-0.7955,,-0.7955,-0.7955,울퉁불퉁멧
샤미드,아머까오,80,15,6.000,5.000,-0.4034,,-0.4620,,울퉁불퉁멧
샤미드,킬라플로르,80,16,2.000,4.000,0.3010,,0.3010,-0.1979,기합의띠
샤미드,대쓰여너,80,17,8.000,4.000,-0.7000,,-0.7000,,구애스카프
샤미드,리자몽,80,18,2.000,3.000,0.0743,,0.0743,-0.2240,구애스카프
샤미드,포푸니크,80,19,4.000,3.000,-0.4747,,-0.4747,,없음
샤미드,개굴닌자,80,20,6.000,4.000,-0.6701,,-0.6701,-0.6998,기합의띠
샤미드,에이스번,80,21,2.000,3.000,-0.0346,,-0.0346,,구애스카프
샤미드,알로라 나인테일,80,22,4.000,6.000,0.4262,,0.4262,,없음
샤미드,에써르(수컷),80,23,4.000,4.000,-0.1717,,-0.1717,,구애스카프
샤미드,워시로토무,80,24,7.000,3.000,-0.7118,,-0.7118,,먹다남은음식
샤미드,불카모스,80,25,3.000,5.000,0.1181,,0.1181,,자뭉열매
샤미드,빠르모트,80,26,3.000,2.000,-0.5748,,-0.5748,,기합의띠
샤미드,라우드본,80,27,3.000,8.000,0.9904,,0.8667,,자뭉열매
샤미드,삼삼드래,80,28,3.000,4.000,-0.1717,,-0.1717,,구애스카프
샤미드,메타그로스,80,29,4.000,3.000,-0.4333,,-0.4747,-0.6838,생명의구슬
샤미드,망나뇽,80,30,2.495,5.000,0.3513,,0.3513,0.0435,없음
샤미드,님피아,80,31,7.000,4.000,-0.5612,,-0.6926,,먹다남은음식
샤미드,히트로토무,80,32,2.000,3.000,-0.0346,,-0.0346,,구애스카프
샤미드,거북왕,80,33,9.000,9.000,-0.6631,,-0.6631,-0.7000,없음
샤미드,대도각참,80,34,4.000,4.000,-0.0654,,-0.1470,,타입강화
샤미드,팬텀,80,35,3.000,5.000,0.0900,,0.0900,-0.1717,기합의띠
샤미드,마폭시,80,36,2.000,5.000,0.6366,,0.6366,-0.0759,기합의띠
샤미드,엠페르트,80,37,9.000,6.000,-0.4060,,-0.4060,,없음
샤미드,번치코,80,38,2.000,3.000,-0.0346,,-0.3288,-0.0346,생명의구슬
샤미드,대짱이,80,39,4.000,4.000,0.0879,,-0.1781,-0.7100,자뭉열매
샤미드,라이츄,80,40,4.000,3.000,-0.4747,,-0.4747,-0.7667,구애스카프
샤미드,블래키,80,41,7.000,7.000,0.0178,,-0.5646,,먹다남은음식
샤미드,다크펫,80,42,3.000,3.000,0.0354,,0.0354,-0.4747,기합의띠
샤미드,더시마사리,80,43,12.000,20.000,0.7000,,-0.5379,,먹다남은음식
샤미드,핫삼,80,44,4.000,4.000,-0.1076,,-0.1076,-0.4653,울퉁불퉁멧
샤미드,오롱털,80,45,4.000,4.000,0.2950,,0.2950,,없음
샤미드,픽시,80,46,6.000,7.000,0.5445,,0.1634,-0.0030,먹다남은음식
샤미드,카디나르마,80,47,2.000,4.000,0.3010,,0.3010,,기합의띠
샤미드,앱솔,80,48,3.000,4.000,-0.0552,,-0.0552,-0.0552,없음
샤미드,찌리배리,80,49,6.000,4.000,-0.2025,,-0.6031,,먹다남은음식
샤미드,맘모꾸리,80,50,2.000,3.000,0.3010,,0.3010,,기합의띠
샤미드,파라블레이즈,80,51,2.000,3.000,0.0068,,0.0068,,기합의띠
샤미드,패리퍼,80,52,5.000,5.000,0.0879,,0.0879,,없음
샤미드,찌르호크,80,53,3.000,4.000,-0.1840,,-0.1840,-0.3585,구애스카프
샤미드,대검귀,80,54,7.000,5.000,-0.6737,,-0.6998,,타입강화
샤미드,마기라스,80,55,3.000,3.000,0.2688,,0.2688,-0.2393,먹다남은음식
샤미드,이어롭,80,56,4.000,3.000,-0.4333,,-0.6689,-0.7667,자뭉열매
샤미드,플라엣테,80,57,6.000,4.000,-0.6826,,-0.6826,-0.7065,구애스카프
샤미드,배바닐라,80,58,4.000,8.000,0.8748,,0.6308,,타입강화
샤미드,드래펄트,80,59,3.000,4.000,0.0943,,-0.2393,,생명의구슬
샤미드,입치트,80,60,3.000,4.000,0.3995,,0.3995,0.1504,기합의띠
샤미드,메가니움,80,61,4.000,3.000,-0.4076,,-0.4076,-0.7271,기합의띠
샤미드,메타몽,80,62,3.000,21.000,0.9941,,0.9941,,구애스카프
샤미드,이상해꽃,80,63,4.000,4.000,-0.1268,,-0.1953,-0.7041,생명의구슬
샤미드,밀로틱,80,64,14.000,13.000,-0.5604,,-0.7000,,먹다남은음식
샤미드,스코빌런,80,65,4.000,2.000,-0.7087,,-0.7667,-0.7667,먹다남은음식
샤미드,아쿠스타,80,66,7.000,6.000,-0.4368,,-0.4368,-0.6964,기합의띠
샤미드,몰드류,80,67,2.000,3.000,0.0068,,0.0068,-0.0346,구애스카프
샤미드,조로아크(히스이),80,68,3.000,5.000,0.4278,,0.4278,,기합의띠
샤미드,미끄래곤(히스이),80,69,8.000,4.000,-0.6676,,-0.7000,,먹다남은음식
샤미드,잠만보,80,70,7.000,5.000,-0.3963,,-0.6676,,먹다남은음식
샤미드,무장조,80,71,4.000,5.000,-0.1957,,-0.4068,-0.6167,자뭉열매
샤미드,클레스퍼트라,80,72,4.000,4.000,-0.1717,,-0.1717,,기합의띠
샤미드,창파나이트,80,73,4.000,2.000,-0.5334,,-0.5334,,없음
샤미드,우츠보트,80,74,3.000,4.000,0.0655,,0.0655,-0.1717,기합의띠
샤미드,가라르야도킹,80,75,6.000,6.000,0.2452,,-0.2979,,먹다남은음식
샤미드,깜까미,80,76,3.000,6.000,0.8938,,0.8938,0.4472,없음
샤미드,엘풍,80,77,3.000,3.000,0.0943,,0.0943,,기합의띠
샤미드,저승갓숭,80,78,5.000,3.000,-0.6489,,-0.6977,,먹다남은음식
샤미드,스트린더(하이),80,79,4.000,3.000,-0.4747,,-0.4747,,풍선
샤미드,사마자르,80,81,2.000,4.000,0.3010,,0.3010,,기합의띠
샤미드,인텔리레온,80,82,6.000,8.000,0.0421,,0.0421,,없음
샤미드,깨비물거미,80,83,10.000,6.000,-0.6146,,-0.7000,,자뭉열매
샤미드,가디안,80,84,4.000,4.000,-0.3788,,-0.3788,-0.7100,기합의띠
샤미드,왕구리,80,85,9.000,9.000,-0.2066,,-0.2066,,없음
샤미드,엘레이드,80,86,4.000,3.000,-0.6555,,-0.7629,-0.6569,생명의구슬
샤미드,브리무음,80,87,4.000,4.000,0.2861,,0.2861,,기합의띠
샤미드,눈여아,80,88,3.000,5.000,0.0941,,0.0941,-0.2036,기합의띠
샤미드,어흥염,80,89,2.000,4.000,0.5948,,0.5919,,자뭉열매
샤미드,마릴리,80,90,8.000,6.000,-0.5764,,-0.6732,,자뭉열매
샤미드,올리르바,80,91,4.000,3.000,0.1736,,0.1736,,기합의띠
샤미드,스트린더(로우),80,92,4.000,3.000,-0.4747,,-0.4747,,풍선
샤미드,펜드라,80,93,3.000,4.000,-0.2432,,-0.2432,-0.1028,기합의띠
샤미드,화염레오,80,94,2.000,5.000,0.6366,,0.6366,0.6366,기합의띠
샤미드,윈디(히스이),80,95,1.000,3.000,0.2036,,-0.0221,,기합의띠
샤미드,캥카,80,96,4.000,3.000,-0.6215,,-0.6636,-0.7103,타입강화
샤미드,꿈트렁,80,97,3.000,6.000,0.9270,,0.6071,,자뭉열매
샤미드,에써르(암컷),80,98,4.000,6.000,0.1282,,0.1282,,없음
샤미드,후딘,80,99,4.000,4.000,-0.2784,,-0.2784,,기합의띠
샤미드,드래캄,80,100,4.000,3.000,0.2950,,0.2274,-0.0080,생명의구슬
사마자르,보만다,81,1,3.000,2.000,-0.4922,,-0.4922,-0.7256,구애스카프
사마자르,한카리아스,81,2,4.000,2.000,-0.7955,,-0.7955,-0.5621,구애스카프
사마자르,누리레느,81,3,3.000,2.000,-0.4187,,-0.6521,,자뭉열매
사마자르,갑주무사,81,4,3.000,3.000,0.2400,,0.0714,-0.5621,생명의구슬
사마자르,하마돈,81,5,5.000,3.000,-0.0829,,-0.3177,,자뭉열매
사마자르,루카리오,81,6,2.000,1.000,-0.6644,,-0.6644,-0.6644,기합의띠
사마자르,드닐레이브,81,7,2.000,2.000,-0.3288,,-0.3288,-0.3288,기합의띠
사마자르,브리두라스,81,8,2.000,2.000,-0.0955,,-0.3288,,자뭉열매
사마자르,타부자고,81,9,4.000,1.000,-0.3606,,-0.3606,,풍선
사마자르,따라큐,81,10,3.000,3.000,-0.2227,,-0.2267,,생명의구슬
사마자르,고릴타,81,11,2.000,2.000,-0.0955,,-0.0955,,생명의구슬
사마자르,킬가르도,81,12,3.000,1.000,-0.4311,,-0.6644,,먹다남은음식
사마자르,마스카나,81,13,1.000,3.000,0.2401,,0.2401,,구애스카프
사마자르,갸라도스,81,14,3.000,2.000,-0.0955,,-0.0955,0.1379,울퉁불퉁멧
사마자르,아머까오,81,15,5.000,3.000,-0.2313,,-0.5621,,울퉁불퉁멧
사마자르,킬라플로르,81,16,3.000,2.000,-0.5621,,-0.5621,-0.8977,기합의띠
사마자르,대쓰여너,81,17,3.000,1.000,-0.4311,,-0.8977,,구애스카프
사마자르,리자몽,81,18,1.000,2.000,-0.0724,,-0.0724,-0.1482,구애스카프
사마자르,포푸니크,81,19,5.000,2.000,-0.7955,,-0.7955,,없음
사마자르,개굴닌자,81,20,2.000,1.000,-0.6644,,-0.6644,-0.6644,기합의띠
사마자르,에이스번,81,21,2.000,2.000,-0.3288,,-0.3288,,구애스카프
사마자르,알로라 나인테일,81,22,2.000,3.000,0.0068,,0.0068,,없음
사마자르,에써르(수컷),81,23,1.000,3.000,0.2401,,0.2401,,구애스카프
사마자르,워시로토무,81,24,3.000,1.000,-0.8977,,-0.8977,,먹다남은음식
사마자르,불카모스,81,25,1.000,3.000,0.1056,,-0.0342,,자뭉열매
사마자르,빠르모트,81,26,3.000,2.000,-0.5621,,-0.5621,,기합의띠
사마자르,라우드본,81,27,3.000,3.000,0.2350,,-0.0005,,자뭉열매
사마자르,삼삼드래,81,28,2.000,2.000,-0.3288,,-0.3288,,구애스카프
사마자르,메타그로스,81,29,3.000,2.000,-0.0955,,-0.4311,-0.7955,생명의구슬
사마자르,망나뇽,81,30,3.495,2.000,0.0738,,0.0738,-0.5644,없음
사마자르,님피아,81,31,4.000,2.000,-0.4296,,-0.4959,,먹다남은음식
사마자르,히트로토무,81,32,2.000,2.000,-0.3288,,-0.3288,,구애스카프
사마자르,거북왕,81,33,3.000,1.000,-0.4311,,-0.4311,-0.6644,없음
사마자르,대도각참,81,34,1.000,2.000,0.3712,,0.3712,,타입강화
사마자르,팬텀,81,35,2.000,3.000,0.0068,,0.0068,-0.3288,기합의띠
사마자르,마폭시,81,36,2.000,2.000,-0.3288,,-0.3288,-0.3288,기합의띠
사마자르,엠페르트,81,37,2.000,1.000,-0.1589,,-0.1589,,없음
사마자르,번치코,81,38,3.000,2.000,-0.0955,,-0.0955,-0.5621,생명의구슬
사마자르,대짱이,81,39,3.000,1.000,-0.4311,,-0.6644,-0.6644,자뭉열매
사마자르,라이츄,81,40,2.000,2.000,-0.3288,,-0.3288,-0.3288,구애스카프
사마자르,블래키,81,41,3.000,5.000,0.8903,,0.8903,,먹다남은음식
사마자르,다크펫,81,42,2.000,3.000,0.4735,,0.4735,0.1379,기합의띠
사마자르,더시마사리,81,43,6.000,3.000,-0.4667,,-0.7000,,먹다남은음식
사마자르,핫삼,81,44,4.000,3.000,-0.0381,,-0.2296,-0.2728,울퉁불퉁멧
사마자르,오롱털,81,45,3.000,3.000,0.2400,,0.2400,,없음
사마자르,픽시,81,46,5.000,4.000,0.0293,,-0.2082,0.2292,먹다남은음식
사마자르,카디나르마,81,47,2.000,2.000,0.1379,,0.1379,,기합의띠
사마자르,앱솔,81,48,1.000,2.000,0.3712,,0.3712,-0.3288,없음
사마자르,찌리배리,81,49,5.000,4.000,0.0459,,-0.2177,,먹다남은음식
사마자르,맘모꾸리,81,50,2.000,2.000,0.1379,,0.1379,,기합의띠
사마자르,파라블레이즈,81,51,2.000,2.000,-0.0955,,-0.0955,,기합의띠
사마자르,패리퍼,81,52,2.000,2.000,-0.1814,,-0.1814,,없음
사마자르,찌르호크,81,53,3.000,3.000,-0.2454,,-0.2454,-0.7158,구애스카프
사마자르,대검귀,81,54,2.000,2.000,-0.0955,,-0.0955,,타입강화
사마자르,마기라스,81,55,1.000,2.000,0.3712,,0.3712,-0.1977,먹다남은음식
사마자르,이어롭,81,56,2.000,4.000,0.3424,,0.3424,-0.3288,자뭉열매
사마자르,플라엣테,81,57,4.000,2.000,-0.6653,,-0.6653,-0.7955,구애스카프
사마자르,배바닐라,81,58,2.000,2.000,0.1379,,0.1379,,타입강화
사마자르,드래펄트,81,59,3.000,2.000,-0.5621,,-0.3288,,생명의구슬
사마자르,입치트,81,60,4.000,2.000,-0.3288,,-0.3288,-0.0955,기합의띠
사마자르,메가니움,81,61,2.000,3.000,0.3724,,0.3724,-0.4919,기합의띠
사마자르,메타몽,81,62,1.000,3.000,0.7068,,0.2401,,구애스카프
사마자르,이상해꽃,81,63,4.000,4.000,0.2808,,0.2808,0.0225,생명의구슬
사마자르,밀로틱,81,64,4.000,2.000,-0.3275,,-0.5608,,먹다남은음식
사마자르,스코빌런,81,65,2.000,2.000,0.1379,,0.1379,0.1379,먹다남은음식
사마자르,아쿠스타,81,66,2.000,2.000,-0.3288,,-0.3288,-0.3288,기합의띠
사마자르,몰드류,81,67,2.000,2.000,-0.3288,,-0.3288,-0.3288,구애스카프
사마자르,조로아크(히스이),81,68,2.000,3.000,0.0068,,0.0068,,기합의띠
사마자르,미끄래곤(히스이),81,69,2.000,2.000,0.1379,,0.1379,,먹다남은음식
사마자르,잠만보,81,70,2.000,4.000,0.8090,,0.8090,,먹다남은음식
사마자르,무장조,81,71,5.000,3.000,-0.2582,,-0.4930,-0.7312,자뭉열매
사마자르,클레스퍼트라,81,72,2.000,3.000,0.0068,,0.0068,,기합의띠
사마자르,창파나이트,81,73,3.000,2.000,-0.0955,,-0.0955,,없음
사마자르,우츠보트,81,74,3.000,4.000,0.5732,,0.5732,0.2400,기합의띠
사마자르,가라르야도킹,81,75,3.000,3.000,0.2817,,0.2817,,먹다남은음식
사마자르,깜까미,81,76,3.000,4.000,0.8514,,0.8514,0.3967,없음
사마자르,엘풍,81,77,3.000,3.000,-0.2267,,-0.2267,,기합의띠
사마자르,저승갓숭,81,78,6.000,3.000,-0.7102,,-0.7102,,먹다남은음식
사마자르,스트린더(하이),81,79,3.000,3.000,0.2400,,0.2400,,풍선
사마자르,샤미드,81,80,4.000,2.000,-0.3000,,-0.5334,,먹다남은음식
사마자르,인텔리레온,81,82,3.000,2.000,-0.5621,,-0.5621,,없음
사마자르,깨비물거미,81,83,2.000,2.000,0.1379,,0.0672,,자뭉열매
사마자르,가디안,81,84,3.000,2.000,-0.0955,,-0.0955,-0.5621,기합의띠
사마자르,왕구리,81,85,3.000,2.000,-0.0955,,-0.0955,,없음
사마자르,엘레이드,81,86,3.000,3.000,0.2400,,0.1413,-0.5508,생명의구슬
사마자르,브리무음,81,87,3.000,2.000,0.0723,,0.0723,,기합의띠
사마자르,눈여아,81,88,2.000,3.000,0.0068,,0.0068,-0.3288,기합의띠
사마자르,어흥염,81,89,3.000,2.000,-0.0614,,-0.0614,,자뭉열매
사마자르,마릴리,81,90,4.000,3.000,-0.1939,,-0.4273,,자뭉열매
사마자르,올리르바,81,91,2.000,3.000,0.4735,,0.4735,,기합의띠
사마자르,스트린더(로우),81,92,3.000,3.000,0.2400,,0.2400,,풍선
사마자르,펜드라,81,93,2.000,3.000,0.0068,,0.0068,0.1915,기합의띠
사마자르,화염레오,81,94,2.000,2.000,-0.3288,,-0.3288,-0.3288,기합의띠
사마자르,윈디(히스이),81,95,2.000,1.000,-0.6519,,-0.6519,,기합의띠
사마자르,캥카,81,96,2.000,4.000,0.3943,,0.3424,0.3424,타입강화
사마자르,꿈트렁,81,97,2.000,2.000,0.1379,,-0.0955,,자뭉열매
사마자르,에써르(암컷),81,98,2.000,3.000,0.2401,,0.2401,,없음
사마자르,후딘,81,99,1.000,2.000,-0.0955,,-0.3288,,기합의띠
사마자르,드래캄,81,100,3.000,2.000,-0.0955,,-0.0955,-0.3288,생명의구슬
인텔리레온,보만다,82,1,2.000,2.000,0.2077,,-0.2589,-0.0256,구애스카프
인텔리레온,한카리아스,82,2,2.000,2.000,0.1379,,-0.3288,-0.5621,구애스카프
인텔리레온,누리레느,82,3,5.000,2.000,-0.5506,,-0.7840,,자뭉열매
인텔리레온,갑주무사,82,4,3.000,2.000,-0.0955,,0.0714,-0.3288,생명의구슬
인텔리레온,하마돈,82,5,2.000,3.000,0.2611,,0.1754,,자뭉열매
인텔리레온,루카리오,82,6,3.000,2.000,-0.0955,,-0.0955,-0.4311,기합의띠
인텔리레온,드닐레이브,82,7,5.000,2.000,-0.5621,,-0.5621,-0.5621,기합의띠
인텔리레온,브리두라스,82,8,4.000,2.000,-0.3288,,-0.5621,,자뭉열매
인텔리레온,타부자고,82,9,3.000,2.000,-0.2564,,-0.2564,,풍선
인텔리레온,따라큐,82,10,2.000,2.000,0.1206,,0.1379,,생명의구슬
인텔리레온,고릴타,82,11,2.000,1.000,-0.1977,,-0.1977,,생명의구슬
인텔리레온,킬가르도,82,12,3.000,2.000,-0.0955,,-0.0955,,먹다남은음식
인텔리레온,마스카나,82,13,2.000,2.000,-0.3288,,-0.3288,,구애스카프
인텔리레온,갸라도스,82,14,5.000,2.000,-0.5621,,-0.5621,-0.8977,울퉁불퉁멧
인텔리레온,아머까오,82,15,4.000,3.000,0.0043,,0.0043,,울퉁불퉁멧
인텔리레온,킬라플로르,82,16,2.000,2.000,0.1379,,0.1379,0.1379,기합의띠
인텔리레온,대쓰여너,82,17,3.000,2.000,-0.0955,,-0.5621,,구애스카프
인텔리레온,리자몽,82,18,2.000,2.000,0.1379,,-0.3288,-0.1746,구애스카프
인텔리레온,포푸니크,82,19,3.000,2.000,-0.3288,,-0.3288,,없음
인텔리레온,개굴닌자,82,20,4.000,2.000,-0.7955,,-0.7955,-0.7955,기합의띠
인텔리레온,에이스번,82,21,2.000,2.000,0.1379,,-0.3288,,구애스카프
인텔리레온,알로라 나인테일,82,22,3.000,3.000,0.2400,,0.2400,,없음
인텔리레온,에써르(수컷),82,23,2.000,2.000,0.1379,,-0.3288,,구애스카프
인텔리레온,워시로토무,82,24,4.000,2.000,-0.3288,,-0.7955,,먹다남은음식
인텔리레온,불카모스,82,25,2.000,2.000,0.1990,,0.1990,,자뭉열매
인텔리레온,빠르모트,82,26,2.000,1.000,-0.1977,,-0.1977,,기합의띠
인텔리레온,라우드본,82,27,2.000,4.000,0.7927,,0.5684,,자뭉열매
인텔리레온,삼삼드래,82,28,2.000,2.000,0.1379,,-0.3288,,구애스카프
인텔리레온,메타그로스,82,29,3.000,2.000,-0.0955,,0.1379,-0.0955,생명의구슬
인텔리레온,망나뇽,82,30,2.495,2.000,0.1934,,0.1934,0.0212,없음
인텔리레온,님피아,82,31,5.000,2.000,-0.4959,,-0.7292,,먹다남은음식
인텔리레온,히트로토무,82,32,2.000,2.000,0.1379,,-0.3288,,구애스카프
인텔리레온,거북왕,82,33,5.000,3.000,-0.2313,,-0.2313,-0.2313,없음
인텔리레온,대도각참,82,34,3.000,2.000,-0.0955,,-0.0955,,타입강화
인텔리레온,팬텀,82,35,2.000,2.000,0.1379,,0.1379,-0.3288,기합의띠
인텔리레온,마폭시,82,36,2.000,3.000,0.4735,,0.4735,-0.3288,기합의띠
인텔리레온,엠페르트,82,37,5.000,3.000,-0.2586,,-0.2586,,없음
인텔리레온,번치코,82,38,2.000,2.000,0.1379,,0.3712,0.1379,생명의구슬
인텔리레온,대짱이,82,39,3.000,2.000,-0.0955,,-0.3288,-0.3288,자뭉열매
인텔리레온,라이츄,82,40,3.000,1.000,-0.4311,,-0.8977,-0.8977,구애스카프
인텔리레온,블래키,82,41,5.000,4.000,0.0276,,-0.4274,,먹다남은음식
인텔리레온,다크펫,82,42,2.000,2.000,0.1379,,0.1379,0.1379,기합의띠
인텔리레온,더시마사리,82,43,7.000,9.000,0.7000,,0.0000,,먹다남은음식
인텔리레온,핫삼,82,44,3.000,3.000,-0.0381,,-0.0381,-0.0381,울퉁불퉁멧
인텔리레온,오롱털,82,45,3.000,2.000,-0.0955,,-0.0955,,없음
인텔리레온,픽시,82,46,4.000,3.000,0.2961,,0.0293,-0.0062,먹다남은음식
인텔리레온,카디나르마,82,47,2.000,2.000,0.1379,,0.1379,,기합의띠
인텔리레온,앱솔,82,48,2.000,3.000,0.4735,,0.4735,-0.3288,없음
인텔리레온,찌리배리,82,49,4.000,2.000,-0.3134,,-0.5468,,먹다남은음식
인텔리레온,맘모꾸리,82,50,2.000,2.000,0.1379,,0.1379,,기합의띠
인텔리레온,파라블레이즈,82,51,2.000,2.000,0.1379,,0.1379,,기합의띠
인텔리레온,패리퍼,82,52,4.000,2.000,-0.0796,,-0.0796,,없음
인텔리레온,찌르호크,82,53,2.000,2.000,0.2213,,-0.2454,-0.0528,구애스카프
인텔리레온,대검귀,82,54,4.000,3.000,0.0043,,0.0043,,타입강화
인텔리레온,마기라스,82,55,2.000,2.000,0.1379,,0.1379,0.1379,먹다남은음식
인텔리레온,이어롭,82,56,3.000,2.000,-0.0955,,-0.3288,-0.5621,자뭉열매
인텔리레온,플라엣테,82,57,4.000,2.000,-0.4319,,-0.7955,-0.4319,구애스카프
인텔리레온,배바닐라,82,58,3.000,4.000,0.5732,,0.2400,,타입강화
인텔리레온,드래펄트,82,59,2.000,2.000,-0.3288,,-0.3288,,생명의구슬
인텔리레온,입치트,82,60,2.000,3.000,0.4735,,0.4735,-0.0955,기합의띠
인텔리레온,메가니움,82,61,3.000,2.000,-0.1263,,-0.1263,-0.5942,기합의띠
인텔리레온,메타몽,82,62,2.000,5.000,0.9113,,0.9113,,구애스카프
인텔리레온,이상해꽃,82,63,3.000,2.000,-0.0139,,-0.0139,-0.2473,생명의구슬
인텔리레온,밀로틱,82,64,8.000,6.000,-0.2333,,-0.7000,,먹다남은음식
인텔리레온,스코빌런,82,65,2.000,1.000,-0.1977,,-0.3649,-0.3649,먹다남은음식
인텔리레온,아쿠스타,82,66,2.000,3.000,0.4735,,0.4735,0.0066,기합의띠
인텔리레온,몰드류,82,67,2.000,2.000,0.1379,,-0.3288,0.1379,구애스카프
인텔리레온,조로아크(히스이),82,68,2.000,2.000,0.1379,,0.1379,,기합의띠
인텔리레온,미끄래곤(히스이),82,69,6.000,2.000,-0.7955,,-0.7955,,먹다남은음식
인텔리레온,잠만보,82,70,5.000,3.000,-0.2313,,-0.5733,,먹다남은음식
인텔리레온,무장조,82,71,3.000,3.000,0.1476,,-0.0232,-0.2646,자뭉열매
인텔리레온,클레스퍼트라,82,72,2.000,2.000,0.1379,,0.1379,,기합의띠
인텔리레온,창파나이트,82,73,2.000,1.000,-0.1977,,-0.1977,,없음
인텔리레온,우츠보트,82,74,2.000,2.000,0.1379,,0.1379,-0.0955,기합의띠
인텔리레온,가라르야도킹,82,75,4.000,3.000,-0.0292,,-0.1857,,먹다남은음식
인텔리레온,깜까미,82,76,3.000,3.000,0.5168,,0.5168,0.2672,없음
인텔리레온,엘풍,82,77,2.000,2.000,0.1379,,0.1379,,기합의띠
인텔리레온,저승갓숭,82,78,3.000,2.000,-0.0955,,-0.3040,,먹다남은음식
인텔리레온,스트린더(하이),82,79,3.000,2.000,-0.0955,,-0.0955,,풍선
인텔리레온,샤미드,82,80,8.000,6.000,-0.0296,,-0.7000,,먹다남은음식
인텔리레온,사마자르,82,81,2.000,3.000,0.4735,,0.4735,,기합의띠
인텔리레온,깨비물거미,82,83,3.000,4.000,0.4914,,0.3027,,자뭉열매
인텔리레온,가디안,82,84,3.000,2.000,-0.0955,,-0.0955,-0.0955,기합의띠
인텔리레온,왕구리,82,85,5.000,4.000,0.0322,,0.0322,,없음
인텔리레온,엘레이드,82,86,3.000,2.000,-0.0955,,0.1300,-0.0955,생명의구슬
인텔리레온,브리무음,82,87,3.000,2.000,0.0212,,0.0212,,기합의띠
인텔리레온,눈여아,82,88,2.000,2.000,0.1379,,0.1379,-0.3288,기합의띠
인텔리레온,어흥염,82,89,2.000,3.000,0.4735,,0.4735,,자뭉열매
인텔리레온,마릴리,82,90,5.000,4.000,-0.2924,,-0.5257,,자뭉열매
인텔리레온,올리르바,82,91,3.000,2.000,-0.0955,,-0.0955,,기합의띠
인텔리레온,스트린더(로우),82,92,3.000,2.000,-0.0955,,-0.0955,,풍선
인텔리레온,펜드라,82,93,2.000,2.000,0.1379,,0.1379,-0.0955,기합의띠
인텔리레온,화염레오,82,94,2.000,3.000,0.4735,,0.4735,-0.3288,기합의띠
인텔리레온,윈디(히스이),82,95,1.000,2.000,0.3712,,0.1379,,기합의띠
인텔리레온,캥카,82,96,3.000,2.000,-0.1316,,-0.1316,-0.3288,타입강화
인텔리레온,꿈트렁,82,97,2.000,3.000,0.4787,,0.2574,,자뭉열매
인텔리레온,에써르(암컷),82,98,3.000,3.000,0.2400,,0.2400,,없음
인텔리레온,후딘,82,99,2.000,2.000,-0.0955,,-0.0955,,기합의띠
인텔리레온,드래캄,82,100,3.000,2.000,-0.0955,,0.1379,-0.4311,생명의구슬
깨비물거미,보만다,83,1,3.000,3.000,-0.2573,,-0.2573,-0.7567,구애스카프
깨비물거미,한카리아스,83,2,2.000,2.000,-0.3288,,-0.3288,-0.7955,구애스카프
깨비물거미,누리레느,83,3,7.000,3.000,-0.7000,,-0.7000,,자뭉열매
깨비물거미,갑주무사,83,4,6.000,3.000,-0.4868,,-0.6002,-0.5344,생명의구슬
깨비물거미,하마돈,83,5,3.000,4.000,0.2272,,0.1117,,자뭉열매
깨비물거미,루카리오,83,6,4.000,4.000,-0.3246,,-0.3246,-0.4623,기합의띠
깨비물거미,드닐레이브,83,7,5.000,2.000,-0.7955,,-0.7955,-0.7955,기합의띠
깨비물거미,브리두라스,83,8,6.000,2.000,-0.7955,,-0.7955,,자뭉열매
깨비물거미,타부자고,83,9,6.000,3.000,-0.6484,,-0.6484,,풍선
깨비물거미,따라큐,83,10,4.000,3.000,-0.2930,,-0.2442,,생명의구슬
깨비물거미,고릴타,83,11,3.000,2.000,-0.4606,,-0.3994,,생명의구슬
깨비물거미,킬가르도,83,12,5.000,2.000,-0.7660,,-0.7666,,먹다남은음식
깨비물거미,마스카나,83,13,1.000,2.000,-0.0955,,-0.0955,,구애스카프
깨비물거미,갸라도스,83,14,8.000,3.000,-0.7000,,-0.7000,-0.2267,울퉁불퉁멧
깨비물거미,아머까오,83,15,7.000,2.000,-0.7955,,-0.7955,,울퉁불퉁멧
깨비물거미,킬라플로르,83,16,2.000,2.000,-0.3994,,-0.3994,-0.5621,기합의띠
깨비물거미,대쓰여너,83,17,8.000,2.000,-0.7955,,-0.7955,,구애스카프
깨비물거미,리자몽,83,18,2.000,3.000,-0.2043,,-0.2043,-0.3057,구애스카프
깨비물거미,포푸니크,83,19,4.000,3.000,-0.2980,,-0.2980,,없음
깨비물거미,개굴닌자,83,20,2.000,4.000,0.3424,,0.3424,0.1084,기합의띠
깨비물거미,에이스번,83,21,2.000,2.000,-0.2272,,-0.2272,,구애스카프
깨비물거미,알로라 나인테일,83,22,4.000,4.000,-0.0736,,-0.0736,,없음
깨비물거미,에써르(수컷),83,23,2.000,4.000,0.3424,,0.3424,,구애스카프
깨비물거미,워시로토무,83,24,4.000,2.000,-0.7955,,-0.7955,,먹다남은음식
깨비물거미,불카모스,83,25,3.000,4.000,0.1677,,0.0838,,자뭉열매
깨비물거미,빠르모트,83,26,4.000,1.000,-0.8668,,-0.8668,,기합의띠
깨비물거미,라우드본,83,27,4.000,4.000,0.0125,,-0.2449,,자뭉열매
깨비물거미,삼삼드래,83,28,3.000,3.000,-0.2267,,-0.2267,,구애스카프
깨비물거미,메타그로스,83,29,5.000,3.000,-0.7660,,-0.7955,-0.7666,생명의구슬
깨비물거미,망나뇽,83,30,3.495,3.000,-0.1796,,-0.1796,-0.5448,없음
깨비물거미,님피아,83,31,5.000,3.000,-0.7261,,-0.7271,,먹다남은음식
깨비물거미,히트로토무,83,32,2.000,2.000,-0.3288,,-0.3288,,구애스카프
깨비물거미,거북왕,83,33,5.000,5.000,-0.4077,,-0.4077,-0.6843,없음
깨비물거미,대도각참,83,34,5.000,3.000,-0.6980,,-0.7660,,타입강화
깨비물거미,팬텀,83,35,3.000,3.000,-0.1258,,-0.1258,-0.4623,기합의띠
깨비물거미,마폭시,83,36,2.000,3.000,0.0068,,0.0068,-0.3288,기합의띠
깨비물거미,엠페르트,83,37,9.000,6.000,-0.7000,,-0.7000,,없음
깨비물거미,번치코,83,38,2.000,2.000,-0.3288,,-0.3288,-0.3288,생명의구슬
깨비물거미,대짱이,83,39,5.000,5.000,-0.3547,,-0.6294,-0.5148,자뭉열매
깨비물거미,라이츄,83,40,3.000,2.000,-0.5621,,-0.5621,-0.7962,구애스카프
깨비물거미,블래키,83,41,4.000,5.000,0.2029,,0.1046,,먹다남은음식
깨비물거미,다크펫,83,42,3.000,3.000,-0.2980,,-0.2980,-0.7955,기합의띠
깨비물거미,더시마사리,83,43,13.000,12.000,-0.1627,,-0.7000,,먹다남은음식
깨비물거미,핫삼,83,44,5.000,2.000,-0.7789,,-0.7955,-0.7955,울퉁불퉁멧
깨비물거미,오롱털,83,45,4.000,3.000,-0.4623,,-0.4623,,없음
깨비물거미,픽시,83,46,5.000,5.000,-0.2107,,-0.6804,-0.6739,먹다남은음식
깨비물거미,카디나르마,83,47,3.000,3.000,-0.0639,,-0.0639,,기합의띠
깨비물거미,앱솔,83,48,2.000,2.000,-0.3288,,-0.3288,-0.6328,없음
깨비물거미,찌리배리,83,49,7.000,3.000,-0.7063,,-0.7063,,먹다남은음식
깨비물거미,맘모꾸리,83,50,2.000,2.000,-0.3994,,-0.3994,,기합의띠
깨비물거미,파라블레이즈,83,51,2.000,2.000,-0.2272,,-0.2272,,기합의띠
깨비물거미,패리퍼,83,52,6.000,2.000,-0.7803,,-0.7803,,없음
깨비물거미,찌르호크,83,53,4.000,2.000,-0.7956,,-0.7956,-0.8142,구애스카프
깨비물거미,대검귀,83,54,2.000,4.000,0.2509,,0.0168,,타입강화
깨비물거미,마기라스,83,55,3.000,2.000,-0.5621,,-0.6328,-0.8977,먹다남은음식
깨비물거미,이어롭,83,56,4.000,3.000,-0.6947,,-0.7660,-0.7955,자뭉열매
깨비물거미,플라엣테,83,57,4.000,3.000,-0.6609,,-0.6609,-0.7527,구애스카프
깨비물거미,배바닐라,83,58,4.000,6.000,0.4949,,0.2222,,타입강화
깨비물거미,드래펄트,83,59,4.000,3.000,-0.2980,,-0.5621,,생명의구슬
깨비물거미,입치트,83,60,3.000,3.000,-0.1816,,-0.1816,-0.5337,기합의띠
깨비물거미,메가니움,83,61,3.000,4.000,0.2050,,0.2050,-0.6499,기합의띠
깨비물거미,메타몽,83,62,3.000,6.000,0.5367,,0.5367,,구애스카프
깨비물거미,이상해꽃,83,63,5.000,5.000,-0.1807,,-0.3349,-0.6995,생명의구슬
깨비물거미,밀로틱,83,64,6.000,9.000,0.4663,,-0.0013,,먹다남은음식
깨비물거미,스코빌런,83,65,4.000,3.000,-0.4158,,-0.5337,-0.5793,먹다남은음식
깨비물거미,아쿠스타,83,66,2.000,4.000,0.4440,,0.4440,0.0370,기합의띠
깨비물거미,몰드류,83,67,2.000,2.000,-0.2272,,-0.2272,-0.5621,구애스카프
깨비물거미,조로아크(히스이),83,68,3.000,4.000,-0.1258,,-0.1258,,기합의띠
깨비물거미,미끄래곤(히스이),83,69,9.000,3.000,-0.7000,,-0.7000,,먹다남은음식
깨비물거미,잠만보,83,70,5.000,3.000,-0.1889,,-0.7000,,먹다남은음식
깨비물거미,무장조,83,71,5.000,2.000,-0.7955,,-0.7955,-0.8236,자뭉열매
깨비물거미,클레스퍼트라,83,72,2.000,4.000,0.4440,,0.4440,,기합의띠
깨비물거미,창파나이트,83,73,4.000,2.000,-0.7955,,-0.7955,,없음
깨비물거미,우츠보트,83,74,4.000,4.000,-0.1639,,-0.1639,-0.2458,기합의띠
깨비물거미,가라르야도킹,83,75,5.000,4.000,0.0489,,-0.2433,,먹다남은음식
깨비물거미,깜까미,83,76,4.000,4.000,0.0322,,0.0322,-0.0234,없음
깨비물거미,엘풍,83,77,3.000,4.000,0.2075,,0.2075,,기합의띠
깨비물거미,저승갓숭,83,78,5.000,4.000,-0.4934,,-0.7000,,먹다남은음식
깨비물거미,스트린더(하이),83,79,4.000,2.000,-0.6947,,-0.6947,,풍선
깨비물거미,샤미드,83,80,6.000,10.000,0.6344,,0.1480,,먹다남은음식
깨비물거미,사마자르,83,81,2.000,2.000,-0.3288,,-0.3288,,기합의띠
깨비물거미,인텔리레온,83,82,4.000,3.000,-0.3720,,-0.3720,,없음
깨비물거미,가디안,83,84,4.000,3.000,-0.2980,,-0.2980,-0.5319,기합의띠
깨비물거미,왕구리,83,85,4.000,6.000,0.3933,,0.3933,,없음
깨비물거미,엘레이드,83,86,4.000,4.000,-0.2062,,-0.2291,-0.4676,생명의구슬
깨비물거미,브리무음,83,87,4.000,4.000,0.1578,,0.1578,,기합의띠
깨비물거미,눈여아,83,88,4.000,4.000,-0.3830,,-0.3830,-0.4623,기합의띠
깨비물거미,어흥염,83,89,3.000,2.000,-0.4368,,-0.5249,,자뭉열매
깨비물거미,마릴리,83,90,8.000,5.000,-0.7093,,-0.7093,,자뭉열매
깨비물거미,올리르바,83,91,3.000,4.000,0.5454,,0.5454,,기합의띠
깨비물거미,스트린더(로우),83,92,4.000,2.000,-0.6947,,-0.6947,,풍선
깨비물거미,펜드라,83,93,4.000,3.000,-0.4998,,-0.4998,-0.7803,기합의띠
깨비물거미,화염레오,83,94,2.000,3.000,0.0068,,0.0068,-0.0639,기합의띠
깨비물거미,윈디(히스이),83,95,2.000,1.000,-0.4953,,-0.6519,,기합의띠
깨비물거미,캥카,83,96,5.000,2.000,-0.7556,,-0.7955,-0.7955,타입강화
깨비물거미,꿈트렁,83,97,4.000,5.000,-0.0581,,-0.1622,,자뭉열매
깨비물거미,에써르(암컷),83,98,2.000,4.000,0.4440,,0.4440,,없음
깨비물거미,후딘,83,99,2.000,3.000,0.1084,,0.1084,,기합의띠
깨비물거미,드래캄,83,100,4.000,3.000,-0.6947,,-0.7955,-0.7955,생명의구슬
가디안,보만다,84,1,2.000,3.000,0.0068,0.3100,0.0068,-0.3288,구애스카프
가디안,한카리아스,84,2,2.000,2.000,-0.3288,-0.0955,-0.3288,0.0068,구애스카프
가디안,누리레느,84,3,3.000,3.000,0.2400,0.4855,0.2116,,자뭉열매
가디안,갑주무사,84,4,2.000,2.000,0.0714,0.1379,0.1379,-0.1022,생명의구슬
가디안,하마돈,84,5,3.000,3.000,-0.0588,0.1754,-0.1454,,자뭉열매
가디안,루카리오,84,6,2.000,1.000,-0.6644,0.1379,-0.6644,-0.6644,기합의띠
가디안,드닐레이브,84,7,2.000,2.000,-0.3288,0.3712,-0.3288,-0.3288,기합의띠
가디안,브리두라스,84,8,3.000,2.000,-0.5621,0.1379,-0.5621,,자뭉열매
가디안,타부자고,84,9,3.000,2.000,-0.8272,-0.0230,-0.8272,,풍선
가디안,따라큐,84,10,3.000,2.000,-0.5621,0.1379,-0.3461,,생명의구슬
가디안,고릴타,84,11,3.000,2.000,-0.5621,0.1379,-0.3288,,생명의구슬
가디안,킬가르도,84,12,3.000,1.000,-0.4311,-0.4311,-0.6644,,먹다남은음식
가디안,마스카나,84,13,1.000,2.000,-0.0955,-0.0955,-0.0955,,구애스카프
가디안,갸라도스,84,14,2.000,3.000,0.0068,0.7068,0.0068,-0.3288,울퉁불퉁멧
가디안,아머까오,84,15,3.000,2.000,-0.0955,-0.0955,-0.0955,,울퉁불퉁멧
가디안,킬라플로르,84,16,2.000,2.000,-0.3288,0.3712,-0.3288,-0.6644,기합의띠
가디안,대쓰여너,84,17,2.000,2.000,0.1379,0.1379,-0.3288,,구애스카프
가디안,리자몽,84,18,2.000,2.000,-0.3057,-0.0724,-0.3057,-0.5396,구애스카프
가디안,포푸니크,84,19,1.000,2.000,-0.0955,-0.0955,-0.0955,,없음
가디안,개굴닌자,84,20,1.000,2.000,-0.0955,-0.0955,-0.3288,-0.3288,기합의띠
가디안,에이스번,84,21,3.000,1.000,-0.8977,-0.6644,-0.8977,,구애스카프
가디안,알로라 나인테일,84,22,3.000,3.000,-0.2267,0.3424,-0.2267,,없음
가디안,에써르(수컷),84,23,3.000,3.000,-0.2267,0.4735,-0.2267,,구애스카프
가디안,워시로토무,84,24,3.000,3.000,-0.2267,0.4735,-0.2267,,먹다남은음식
가디안,불카모스,84,25,4.000,4.000,-0.1891,0.0462,-0.4456,,자뭉열매
가디안,빠르모트,84,26,1.000,2.000,-0.0955,-0.0955,-0.3288,,기합의띠
가디안,라우드본,84,27,4.000,3.000,-0.0005,0.2236,-0.2361,,자뭉열매
가디안,삼삼드래,84,28,1.000,3.000,0.2401,0.7068,0.2401,,구애스카프
가디안,메타그로스,84,29,3.000,1.000,-0.4311,-0.1977,-0.1977,-0.8977,생명의구슬
가디안,망나뇽,84,30,2.495,3.000,0.2957,0.6434,0.2957,-0.0685,없음
가디안,님피아,84,31,5.000,2.000,-0.2590,-0.0240,-0.4938,,먹다남은음식
가디안,히트로토무,84,32,3.000,3.000,-0.2267,0.4735,-0.2267,,구애스카프
가디안,거북왕,84,33,3.000,3.000,0.2400,0.4735,0.2400,-0.0955,없음
가디안,대도각참,84,34,3.000,2.000,-0.0955,0.1379,-0.0955,,타입강화
가디안,팬텀,84,35,1.000,2.000,-0.0955,-0.0955,-0.3288,-0.3288,기합의띠
가디안,마폭시,84,36,4.000,3.000,-0.4623,-0.4623,-0.4623,-0.7955,기합의띠
가디안,엠페르트,84,37,3.000,2.000,-0.0566,0.1497,-0.0566,,없음
가디안,번치코,84,38,2.000,2.000,-0.0955,0.3712,0.1379,-0.3288,생명의구슬
가디안,대짱이,84,39,3.000,2.000,-0.0955,0.1379,-0.3288,-0.0955,자뭉열매
가디안,라이츄,84,40,2.000,3.000,0.0068,0.0068,0.0068,-0.3288,구애스카프
가디안,블래키,84,41,3.000,4.000,0.5566,0.7530,0.5566,,먹다남은음식
가디안,다크펫,84,42,2.000,1.000,-0.1977,-0.1977,-0.1977,-0.4311,기합의띠
가디안,더시마사리,84,43,2.000,5.000,0.9113,0.9113,0.9065,,먹다남은음식
가디안,핫삼,84,44,2.000,2.000,0.2371,0.2371,0.2371,0.1379,울퉁불퉁멧
가디안,오롱털,84,45,2.000,2.000,0.1379,0.3712,0.1379,,없음
가디안,픽시,84,46,4.000,5.000,0.4984,0.8962,0.2370,0.2961,먹다남은음식
가디안,카디나르마,84,47,4.000,3.000,0.0043,0.2400,0.0043,,기합의띠
가디안,앱솔,84,48,1.000,3.000,0.7068,0.7068,0.7068,0.2401,없음
가디안,찌리배리,84,49,4.000,5.000,0.5993,0.9001,0.2963,,먹다남은음식
가디안,맘모꾸리,84,50,3.000,2.000,-0.3288,0.1379,-0.3288,,기합의띠
가디안,파라블레이즈,84,51,3.000,1.000,-0.8977,-0.4311,-0.8977,,기합의띠
가디안,패리퍼,84,52,1.000,3.000,0.7231,0.7394,0.7231,,없음
가디안,찌르호크,84,53,2.000,2.000,-0.2454,0.1787,-0.2454,-0.3288,구애스카프
가디안,대검귀,84,54,2.000,3.000,0.0068,0.7068,0.0068,,타입강화
가디안,마기라스,84,55,2.000,2.000,0.1379,0.3712,0.1379,0.1379,먹다남은음식
가디안,이어롭,84,56,3.000,2.000,-0.5621,-0.3288,-0.5621,-0.3288,자뭉열매
가디안,플라엣테,84,57,4.000,3.000,-0.5180,0.0528,-0.5180,-0.7524,구애스카프
가디안,배바닐라,84,58,3.000,3.000,0.2400,0.4735,0.2400,,타입강화
가디안,드래펄트,84,59,2.000,1.000,-0.6644,-0.4311,-0.4311,,생명의구슬
가디안,입치트,84,60,2.000,2.000,0.1379,0.1379,0.1379,0.1379,기합의띠
가디안,메가니움,84,61,3.000,4.000,0.0505,0.7762,0.0505,-0.2591,기합의띠
가디안,메타몽,84,62,2.000,4.000,0.8090,0.8090,0.3424,,구애스카프
가디안,이상해꽃,84,63,2.000,2.000,0.1228,0.3562,-0.0955,-0.2473,생명의구슬
가디안,밀로틱,84,64,4.000,5.000,0.1343,0.9909,-0.1693,,먹다남은음식
가디안,스코빌런,84,65,3.000,3.000,0.3062,0.4735,0.2400,-0.0955,먹다남은음식
가디안,아쿠스타,84,66,2.000,3.000,0.0068,0.0068,0.0068,0.0068,기합의띠
가디안,몰드류,84,67,3.000,2.000,-0.5621,0.1379,-0.5621,-0.8977,구애스카프
가디안,조로아크(히스이),84,68,2.000,2.000,-0.3288,-0.3288,-0.3288,,기합의띠
가디안,미끄래곤(히스이),84,69,4.000,1.000,-0.6644,-0.4311,-0.8977,,먹다남은음식
가디안,잠만보,84,70,5.000,3.000,-0.1034,0.1323,-0.3389,,먹다남은음식
가디안,무장조,84,71,2.000,2.000,0.2118,0.3810,0.2118,-0.5903,자뭉열매
가디안,클레스퍼트라,84,72,2.000,3.000,0.0068,0.0068,0.0068,,기합의띠
가디안,창파나이트,84,73,1.000,3.000,0.7068,0.7068,0.7068,,없음
가디안,우츠보트,84,74,2.000,2.000,0.1379,0.1379,0.1379,0.1379,기합의띠
가디안,가라르야도킹,84,75,4.000,2.000,-0.4055,-0.0292,-0.6389,,먹다남은음식
가디안,깜까미,84,76,1.000,3.000,0.7512,0.7512,0.7512,0.6191,없음
가디안,엘풍,84,77,2.000,4.000,0.3424,0.3424,0.3424,,기합의띠
가디안,저승갓숭,84,78,2.000,2.000,-0.3288,0.1627,-0.3288,,먹다남은음식
가디안,스트린더(하이),84,79,2.000,2.000,0.1379,0.3712,0.1379,,풍선
가디안,샤미드,84,80,4.000,4.000,0.5235,0.8945,0.5235,,먹다남은음식
가디안,사마자르,84,81,2.000,3.000,0.0068,0.4735,0.0068,,기합의띠
가디안,인텔리레온,84,82,2.000,3.000,0.0068,0.0068,0.0068,,없음
가디안,깨비물거미,84,83,3.000,4.000,0.3408,0.5037,0.2590,,자뭉열매
가디안,왕구리,84,85,3.000,4.000,0.5732,0.8090,0.5732,,없음
가디안,엘레이드,84,86,2.000,2.000,-0.0842,0.3746,-0.0955,-0.3288,생명의구슬
가디안,브리무음,84,87,3.000,4.000,0.4067,0.8090,0.4067,,기합의띠
가디안,눈여아,84,88,2.000,3.000,0.0068,0.0068,0.0068,-0.5621,기합의띠
가디안,어흥염,84,89,3.000,2.000,-0.0955,0.1141,-0.3288,,자뭉열매
가디안,마릴리,84,90,2.000,4.000,0.8090,0.8090,0.1743,,자뭉열매
가디안,올리르바,84,91,3.000,3.000,0.4397,0.5333,0.4397,,기합의띠
가디안,스트린더(로우),84,92,2.000,2.000,0.1379,0.3712,0.1379,,풍선
가디안,펜드라,84,93,2.000,1.000,-0.5537,-0.4311,-0.6644,-0.1977,기합의띠
가디안,화염레오,84,94,3.000,3.000,-0.2267,0.0068,-0.2267,-0.5621,기합의띠
가디안,윈디(히스이),84,95,3.000,2.000,-0.5708,-0.0955,-0.5708,,기합의띠
가디안,캥카,84,96,3.000,2.000,-0.5621,0.1018,-0.5621,-0.5982,타입강화
가디안,꿈트렁,84,97,2.000,2.000,0.1379,0.1379,0.1256,,자뭉열매
가디안,에써르(암컷),84,98,3.000,6.000,0.7599,1.0000,0.7599,,없음
가디안,후딘,84,99,3.000,3.000,-0.2267,0.0068,-0.2267,,기합의띠
가디안,드래캄,84,100,2.000,2.000,0.1379,0.1379,-0.1977,-0.1977,생명의구슬
왕구리,보만다,85,1,2.000,3.000,-0.0937,,-0.0937,-0.3288,구애스카프
왕구리,한카리아스,85,2,2.000,2.000,-0.3288,,-0.3288,-0.5621,구애스카프
왕구리,누리레느,85,3,6.000,3.000,-0.4948,,-0.7000,,자뭉열매
왕구리,갑주무사,85,4,5.000,3.000,-0.2983,,-0.3952,-0.3011,생명의구슬
왕구리,하마돈,85,5,2.000,3.000,0.5101,,0.5101,,자뭉열매
왕구리,루카리오,85,6,2.000,2.000,-0.3288,,-0.3288,-0.3288,기합의띠
왕구리,드닐레이브,85,7,6.000,2.000,-0.7955,,-0.7955,-0.7955,기합의띠
왕구리,브리두라스,85,8,2.000,2.000,-0.3288,,-0.5621,,자뭉열매
왕구리,타부자고,85,9,4.000,3.000,-0.4933,,-0.7283,,풍선
왕구리,따라큐,85,10,3.000,2.000,-0.5794,,-0.5621,,생명의구슬
왕구리,고릴타,85,11,3.000,1.000,-0.8977,,-0.6644,,생명의구슬
왕구리,킬가르도,85,12,3.000,2.000,-0.0955,,-0.3288,,먹다남은음식
왕구리,마스카나,85,13,2.000,2.000,-0.3288,,-0.3288,,구애스카프
왕구리,갸라도스,85,14,6.000,2.000,-0.7955,,-0.7955,-0.7955,울퉁불퉁멧
왕구리,아머까오,85,15,5.000,4.000,0.0322,,-0.2313,,울퉁불퉁멧
왕구리,킬라플로르,85,16,2.000,3.000,0.0068,,0.0068,-0.3288,기합의띠
왕구리,대쓰여너,85,17,5.000,3.000,-0.6980,,-0.6980,,구애스카프
왕구리,리자몽,85,18,2.000,2.000,-0.3057,,-0.3057,-0.3815,구애스카프
왕구리,포푸니크,85,19,2.000,2.000,-0.3288,,-0.3288,,없음
왕구리,개굴닌자,85,20,4.000,3.000,-0.4623,,-0.4623,-0.7955,기합의띠
왕구리,에이스번,85,21,2.000,2.000,-0.3288,,-0.3288,,구애스카프
왕구리,알로라 나인테일,85,22,4.000,4.000,-0.1639,,-0.1639,,없음
왕구리,에써르(수컷),85,23,3.000,3.000,-0.2267,,-0.2267,,구애스카프
왕구리,워시로토무,85,24,5.000,2.000,-0.7955,,-0.7955,,먹다남은음식
왕구리,불카모스,85,25,3.000,3.000,0.0666,,-0.1891,,자뭉열매
왕구리,빠르모트,85,26,2.000,1.000,-0.6644,,-0.6644,,기합의띠
왕구리,라우드본,85,27,3.000,5.000,0.9018,,0.9018,,자뭉열매
왕구리,삼삼드래,85,28,3.000,2.000,-0.5621,,-0.5621,,구애스카프
왕구리,메타그로스,85,29,3.000,2.000,-0.3288,,-0.3288,-0.5621,생명의구슬
왕구리,망나뇽,85,30,2.495,3.000,0.0624,,0.0624,-0.3940,없음
왕구리,님피아,85,31,6.000,2.000,-0.4938,,-0.7271,,먹다남은음식
왕구리,히트로토무,85,32,2.000,2.000,-0.3288,,-0.3288,,구애스카프
왕구리,거북왕,85,33,6.000,5.000,-0.6818,,-0.6818,-0.7000,없음
왕구리,대도각참,85,34,3.000,3.000,0.2400,,-0.0955,,타입강화
왕구리,팬텀,85,35,2.000,3.000,0.0068,,0.0068,-0.2267,기합의띠
왕구리,마폭시,85,36,2.000,3.000,0.0068,,0.0068,0.0068,기합의띠
왕구리,엠페르트,85,37,3.000,4.000,0.5765,,0.5765,,없음
왕구리,번치코,85,38,2.000,2.000,-0.3288,,-0.3288,-0.3288,생명의구슬
왕구리,대짱이,85,39,4.000,3.000,0.0043,,-0.2313,-0.5621,자뭉열매
왕구리,라이츄,85,40,2.000,2.000,-0.3288,,-0.3288,-0.6644,구애스카프
왕구리,블래키,85,41,6.000,5.000,0.0054,,-0.4277,,먹다남은음식
왕구리,다크펫,85,42,3.000,3.000,0.2400,,0.2400,-0.5621,기합의띠
왕구리,더시마사리,85,43,4.000,12.000,0.8910,,0.7887,,먹다남은음식
왕구리,핫삼,85,44,4.000,3.000,0.1660,,0.1045,-0.5978,울퉁불퉁멧
왕구리,오롱털,85,45,3.000,3.000,0.2400,,0.2400,,없음
왕구리,픽시,85,46,5.000,5.000,0.2083,,-0.0747,0.0628,먹다남은음식
왕구리,카디나르마,85,47,2.000,3.000,0.0068,,0.0068,,기합의띠
왕구리,앱솔,85,48,3.000,3.000,-0.2267,,-0.2267,-0.2267,없음
왕구리,찌리배리,85,49,4.000,3.000,-0.0023,,-0.2224,,먹다남은음식
왕구리,맘모꾸리,85,50,2.000,3.000,0.0068,,0.0068,,기합의띠
왕구리,파라블레이즈,85,51,2.000,2.000,-0.3288,,-0.3288,,기합의띠
왕구리,패리퍼,85,52,4.000,3.000,0.0088,,0.0088,,없음
왕구리,찌르호크,85,53,3.000,3.000,-0.2454,,-0.2454,-0.4806,구애스카프
왕구리,대검귀,85,54,4.000,4.000,-0.2235,,-0.4623,,타입강화
왕구리,마기라스,85,55,2.000,2.000,0.1379,,-0.0955,-0.5621,먹다남은음식
왕구리,이어롭,85,56,3.000,2.000,-0.5621,,-0.7955,-0.5621,자뭉열매
왕구리,플라엣테,85,57,5.000,3.000,-0.7533,,-0.7533,-0.7533,구애스카프
왕구리,배바닐라,85,58,3.000,5.000,0.4399,,0.4399,,타입강화
왕구리,드래펄트,85,59,3.000,3.000,-0.2267,,-0.3288,,생명의구슬
왕구리,입치트,85,60,2.000,3.000,0.4735,,0.4735,0.4735,기합의띠
왕구리,메가니움,85,61,4.000,2.000,-0.7252,,-0.7252,-0.8263,기합의띠
왕구리,메타몽,85,62,2.000,7.000,1.0000,,1.0000,,구애스카프
왕구리,이상해꽃,85,63,4.000,3.000,-0.4972,,-0.4972,-0.4972,생명의구슬
왕구리,밀로틱,85,64,9.000,8.000,-0.4667,,-0.7000,,먹다남은음식
왕구리,스코빌런,85,65,3.000,2.000,-0.5621,,-0.7293,-0.8245,먹다남은음식
왕구리,아쿠스타,85,66,4.000,4.000,-0.1639,,-0.1639,-0.6980,기합의띠
왕구리,몰드류,85,67,2.000,2.000,-0.3288,,-0.3288,-0.3288,구애스카프
왕구리,조로아크(히스이),85,68,3.000,3.000,-0.2267,,-0.2267,,기합의띠
왕구리,미끄래곤(히스이),85,69,4.000,3.000,0.0043,,-0.2313,,먹다남은음식
왕구리,잠만보,85,70,6.000,3.000,-0.2322,,-0.7000,,먹다남은음식
왕구리,무장조,85,71,4.000,3.000,-0.0067,,-0.1958,-0.7248,자뭉열매
왕구리,클레스퍼트라,85,72,3.000,3.000,-0.2267,,-0.2267,,기합의띠
왕구리,창파나이트,85,73,2.000,2.000,0.1379,,0.1379,,없음
왕구리,우츠보트,85,74,3.000,3.000,0.0066,,0.0066,-0.3288,기합의띠
왕구리,가라르야도킹,85,75,4.000,4.000,0.4337,,0.1571,,먹다남은음식
왕구리,깜까미,85,76,3.000,4.000,0.7179,,0.7179,0.1498,없음
왕구리,엘풍,85,77,2.000,2.000,-0.3288,,-0.3288,,기합의띠
왕구리,저승갓숭,85,78,3.000,3.000,-0.4730,,-0.4978,,먹다남은음식
왕구리,스트린더(하이),85,79,1.000,2.000,-0.0955,,-0.3288,,풍선
왕구리,샤미드,85,80,9.000,9.000,0.2066,,-0.6749,,먹다남은음식
왕구리,사마자르,85,81,2.000,3.000,0.0068,,0.0068,,기합의띠
왕구리,인텔리레온,85,82,4.000,5.000,0.1345,,0.1345,,없음
왕구리,깨비물거미,85,83,6.000,4.000,-0.2333,,-0.4667,,자뭉열매
왕구리,가디안,85,84,4.000,3.000,-0.4623,,-0.4623,-0.7955,기합의띠
왕구리,엘레이드,85,86,4.000,2.000,-0.7955,,-0.5700,-0.7955,생명의구슬
왕구리,브리무음,85,87,4.000,3.000,0.1221,,0.1221,,기합의띠
왕구리,눈여아,85,88,3.000,3.000,-0.2267,,-0.2267,-0.7955,기합의띠
왕구리,어흥염,85,89,2.000,3.000,0.4735,,0.2400,,자뭉열매
왕구리,마릴리,85,90,5.000,4.000,-0.2924,,-0.5257,,자뭉열매
왕구리,올리르바,85,91,3.000,2.000,-0.2353,,-0.2353,,기합의띠
왕구리,스트린더(로우),85,92,1.000,2.000,-0.0955,,-0.3288,,풍선
왕구리,펜드라,85,93,2.000,3.000,0.0068,,0.0068,-0.0955,기합의띠
왕구리,화염레오,85,94,2.000,4.000,0.3424,,0.3424,0.0068,기합의띠
왕구리,윈디(히스이),85,95,1.000,2.000,-0.0917,,-0.3163,,기합의띠
왕구리,캥카,85,96,4.000,2.000,-0.7440,,-0.7955,-0.7955,타입강화
왕구리,꿈트렁,85,97,3.000,4.000,0.5732,,0.5591,,자뭉열매
왕구리,에써르(암컷),85,98,4.000,4.000,-0.1639,,-0.1639,,없음
왕구리,후딘,85,99,3.000,2.000,-0.5621,,-0.5621,,기합의띠
왕구리,드래캄,85,100,3.000,2.000,-0.0955,,-0.0955,-0.3288,생명의구슬
엘레이드,보만다,86,1,2.000,2.000,-0.3209,0.4428,-0.3209,-0.5969,구애스카프
엘레이드,한카리아스,86,2,1.000,2.000,-0.0955,0.3712,-0.0955,-0.3288,구애스카프
엘레이드,누리레느,86,3,2.000,2.000,0.1369,0.1379,-0.0955,,자뭉열매
엘레이드,갑주무사,86,4,5.000,2.000,-0.5612,0.0021,-0.3952,-0.4009,생명의구슬
엘레이드,하마돈,86,5,3.000,3.000,0.1783,0.5101,-0.0480,,자뭉열매
엘레이드,루카리오,86,6,2.000,2.000,-0.0920,0.3825,-0.3175,-0.3288,기합의띠
엘레이드,드닐레이브,86,7,2.000,2.000,-0.3288,0.1379,-0.3288,-0.3288,기합의띠
엘레이드,브리두라스,86,8,2.000,2.000,-0.3175,0.1492,-0.5508,,자뭉열매
엘레이드,타부자고,86,9,3.000,2.000,-0.2608,0.2083,-0.4958,,풍선
엘레이드,따라큐,86,10,2.000,2.000,-0.3534,0.1379,-0.6296,,생명의구슬
엘레이드,고릴타,86,11,2.000,2.000,-0.3288,0.1492,-0.3288,,생명의구슬
엘레이드,킬가르도,86,12,2.000,1.000,-0.2056,-0.1864,-0.4311,,먹다남은음식
엘레이드,마스카나,86,13,2.000,2.000,-0.3288,-0.0955,-0.3288,,구애스카프
엘레이드,갸라도스,86,14,5.000,3.000,-0.6980,0.0144,-0.7955,-0.3175,울퉁불퉁멧
엘레이드,아머까오,86,15,5.000,2.000,-0.5621,-0.3288,-0.5621,,울퉁불퉁멧
엘레이드,킬라플로르,86,16,1.000,3.000,0.2401,0.7068,0.0068,-0.1033,기합의띠
엘레이드,대쓰여너,86,17,2.000,2.000,0.1300,0.1379,-0.3367,,구애스카프
엘레이드,리자몽,86,18,3.000,2.000,-0.5309,-0.0128,-0.5309,-0.6123,구애스카프
엘레이드,포푸니크,86,19,1.000,2.000,-0.0842,0.2401,-0.0842,,없음
엘레이드,개굴닌자,86,20,1.000,3.000,0.2323,0.2401,0.0068,0.0068,기합의띠
엘레이드,에이스번,86,21,2.000,2.000,-0.3288,-0.3175,-0.3288,,구애스카프
엘레이드,알로라 나인테일,86,22,3.000,2.000,-0.5621,0.1379,-0.5621,,없음
엘레이드,에써르(수컷),86,23,2.000,3.000,0.0068,0.4735,0.0068,,구애스카프
엘레이드,워시로토무,86,24,2.000,3.000,0.0068,0.4735,-0.0011,,먹다남은음식
엘레이드,불카모스,86,25,4.000,4.000,-0.1945,0.2776,-0.4509,,자뭉열매
엘레이드,빠르모트,86,26,2.000,2.000,-0.3288,0.1492,-0.3288,,기합의띠
엘레이드,라우드본,86,27,3.000,3.000,0.2271,0.2350,-0.0005,,자뭉열매
엘레이드,삼삼드래,86,28,2.000,2.000,-0.3175,0.1492,-0.3175,,구애스카프
엘레이드,메타그로스,86,29,3.000,2.000,-0.0842,0.4735,0.1300,-0.5621,생명의구슬
엘레이드,망나뇽,86,30,1.495,3.000,0.0800,0.4323,0.0800,-0.1600,없음
엘레이드,님피아,86,31,4.000,1.000,-0.3579,-0.1964,-0.5271,,먹다남은음식
엘레이드,히트로토무,86,32,3.000,3.000,-0.2267,0.4656,-0.2267,,구애스카프
엘레이드,거북왕,86,33,2.000,3.000,0.4656,0.4735,0.4656,-0.0955,없음
엘레이드,대도각참,86,34,1.000,2.000,0.3825,0.7068,0.3712,,타입강화
엘레이드,팬텀,86,35,2.000,2.000,-0.3288,0.1300,-0.3288,-0.3288,기합의띠
엘레이드,마폭시,86,36,2.000,3.000,0.0068,0.4735,0.0068,-0.5621,기합의띠
엘레이드,엠페르트,86,37,2.000,3.000,0.5123,0.5123,0.5123,,없음
엘레이드,번치코,86,38,2.000,2.000,-0.0955,0.1492,-0.0955,-0.3288,생명의구슬
엘레이드,대짱이,86,39,2.000,2.000,0.1379,0.3825,0.1379,0.1379,자뭉열매
엘레이드,라이츄,86,40,2.000,3.000,0.0068,0.4656,0.0068,-0.3288,구애스카프
엘레이드,블래키,86,41,3.000,4.000,0.5678,0.8967,0.5678,,먹다남은음식
엘레이드,다크펫,86,42,2.000,1.000,-0.1977,0.1379,-0.1977,-0.2056,기합의띠
엘레이드,더시마사리,86,43,3.000,5.000,0.9065,0.9932,0.8962,,먹다남은음식
엘레이드,핫삼,86,44,4.000,2.000,-0.2296,-0.0935,-0.3675,-0.6008,울퉁불퉁멧
엘레이드,오롱털,86,45,3.000,1.000,-0.4198,0.1300,-0.4198,,없음
엘레이드,픽시,86,46,4.000,3.000,-0.0133,-0.0062,-0.2487,-0.0708,먹다남은음식
엘레이드,카디나르마,86,47,2.000,3.000,0.4656,0.4735,0.4656,,기합의띠
엘레이드,앱솔,86,48,1.000,2.000,0.3633,0.3712,0.3633,-0.5621,없음
엘레이드,찌리배리,86,49,3.000,5.000,0.8900,0.9001,0.5993,,먹다남은음식
엘레이드,맘모꾸리,86,50,2.000,2.000,-0.0955,0.4735,-0.0955,,기합의띠
엘레이드,파라블레이즈,86,51,2.000,1.000,-0.6644,-0.1864,-0.6644,,기합의띠
엘레이드,패리퍼,86,52,3.000,2.000,-0.1322,-0.1309,-0.1322,,없음
엘레이드,찌르호크,86,53,3.000,1.000,-0.5809,0.0721,-0.5809,-0.8458,구애스카프
엘레이드,대검귀,86,54,2.000,3.000,0.0068,0.8090,0.0068,,타입강화
엘레이드,마기라스,86,55,1.000,3.000,0.7068,0.8090,0.7068,0.6989,먹다남은음식
엘레이드,이어롭,86,56,2.000,2.000,-0.3288,0.3825,-0.3288,-0.3288,자뭉열매
엘레이드,플라엣테,86,57,3.000,2.000,-0.8525,-0.1569,-0.8525,-0.8525,구애스카프
엘레이드,배바닐라,86,58,2.000,3.000,0.4735,0.6989,0.4735,,타입강화
엘레이드,드래펄트,86,59,2.000,1.000,-0.6531,-0.3288,-0.6644,,생명의구슬
엘레이드,입치트,86,60,2.000,2.000,0.1300,0.1379,0.1300,0.1379,기합의띠
엘레이드,메가니움,86,61,2.000,4.000,0.3211,0.7138,0.3211,-0.2507,기합의띠
엘레이드,메타몽,86,62,1.000,3.000,0.7102,0.7102,0.2514,,구애스카프
엘레이드,이상해꽃,86,63,2.000,4.000,0.6755,0.7622,0.4584,0.3096,생명의구슬
엘레이드,밀로틱,86,64,3.000,4.000,0.1171,0.5839,0.1057,,먹다남은음식
엘레이드,스코빌런,86,65,3.000,3.000,0.3039,0.4735,0.2400,-0.0874,먹다남은음식
엘레이드,아쿠스타,86,66,2.000,3.000,0.0181,0.3424,0.0181,-0.0011,기합의띠
엘레이드,몰드류,86,67,2.000,2.000,-0.3288,0.6989,-0.3288,-0.3288,구애스카프
엘레이드,조로아크(히스이),86,68,2.000,2.000,-0.3288,-0.0955,-0.3288,,기합의띠
엘레이드,미끄래곤(히스이),86,69,2.000,2.000,0.1492,0.4735,0.1492,,먹다남은음식
엘레이드,잠만보,86,70,2.000,3.000,0.4735,0.6329,0.4699,,먹다남은음식
엘레이드,무장조,86,71,4.000,2.000,-0.5872,-0.2646,-0.7584,-0.8952,자뭉열매
엘레이드,클레스퍼트라,86,72,3.000,3.000,-0.2267,0.4735,-0.2267,,기합의띠
엘레이드,창파나이트,86,73,2.000,2.000,0.1379,0.1379,0.1379,,없음
엘레이드,우츠보트,86,74,2.000,3.000,0.4848,0.8090,0.4848,0.4735,기합의띠
엘레이드,가라르야도킹,86,75,3.000,4.000,0.5510,0.7024,0.5483,,먹다남은음식
엘레이드,깜까미,86,76,3.000,3.000,0.3850,0.8514,0.3850,0.1453,없음
엘레이드,엘풍,86,77,2.000,2.000,-0.3288,-0.1033,-0.3288,,기합의띠
엘레이드,저승갓숭,86,78,2.000,2.000,-0.3245,0.4735,-0.5269,,먹다남은음식
엘레이드,스트린더(하이),86,79,1.000,3.000,0.7102,0.7102,0.4848,,풍선
엘레이드,샤미드,86,80,3.000,4.000,0.8178,0.8187,0.7809,,먹다남은음식
엘레이드,사마자르,86,81,3.000,3.000,-0.2267,0.4656,-0.2267,,기합의띠
엘레이드,인텔리레온,86,82,2.000,3.000,0.0068,0.0068,0.0068,,없음
엘레이드,깨비물거미,86,83,4.000,4.000,0.2604,0.5814,0.0134,,자뭉열매
엘레이드,가디안,86,84,2.000,2.000,-0.1033,0.1379,-0.1033,-0.6610,기합의띠
엘레이드,왕구리,86,85,2.000,4.000,0.8090,0.8090,0.8090,,없음
엘레이드,브리무음,86,87,3.000,2.000,-0.0955,0.1339,-0.0955,,기합의띠
엘레이드,눈여아,86,88,2.000,3.000,-0.0011,0.2401,-0.0011,-0.3367,기합의띠
엘레이드,어흥염,86,89,2.000,2.000,0.1071,0.1813,-0.0963,,자뭉열매
엘레이드,마릴리,86,90,3.000,2.000,-0.0955,0.4735,-0.0955,,자뭉열매
엘레이드,올리르바,86,91,2.000,3.000,0.4802,0.5706,0.4802,,기합의띠
엘레이드,스트린더(로우),86,92,1.000,3.000,0.7102,0.7102,0.4848,,풍선
엘레이드,펜드라,86,93,2.000,2.000,-0.3229,0.0068,-0.3229,0.0115,기합의띠
엘레이드,화염레오,86,94,2.000,3.000,0.0068,0.6989,0.0068,-0.3175,기합의띠
엘레이드,윈디(히스이),86,95,1.000,2.000,-0.0917,0.3947,-0.3163,,기합의띠
엘레이드,캥카,86,96,2.000,2.000,-0.3288,0.1993,-0.3288,-0.3288,타입강화
엘레이드,꿈트렁,86,97,2.000,3.000,0.4730,0.5017,0.4538,,자뭉열매
엘레이드,에써르(암컷),86,98,2.000,3.000,0.0101,0.4848,0.0101,,없음
엘레이드,후딘,86,99,2.000,3.000,0.0068,0.0068,0.0068,,기합의띠
엘레이드,드래캄,86,100,2.000,2.000,0.1492,0.1492,0.1379,0.1379,생명의구슬
브리무음,보만다,87,1,2.000,4.000,0.1593,,0.1593,-0.2930,구애스카프
브리무음,한카리아스,87,2,2.000,3.000,-0.1610,,-0.1610,0.1746,구애스카프
브리무음,누리레느,87,3,3.000,3.000,-0.2409,,-0.4623,,자뭉열매
브리무음,갑주무사,87,4,3.000,3.000,-0.3466,,-0.4787,-0.3288,생명의구슬
브리무음,하마돈,87,5,3.000,3.000,-0.1540,,-0.2350,,자뭉열매
브리무음,루카리오,87,6,2.000,1.000,-0.6644,,-0.6644,-0.6644,기합의띠
브리무음,드닐레이브,87,7,2.000,2.000,-0.3288,,-0.3288,-0.3288,기합의띠
브리무음,브리두라스,87,8,3.000,2.000,-0.5621,,-0.6788,,자뭉열매
브리무음,타부자고,87,9,3.000,2.000,-0.8272,,-0.8272,,풍선
브리무음,따라큐,87,10,3.000,2.000,-0.3944,,-0.4542,,생명의구슬
브리무음,고릴타,87,11,3.000,2.000,-0.4455,,-0.3288,,생명의구슬
브리무음,킬가르도,87,12,3.000,1.000,-0.8977,,-0.8977,,먹다남은음식
브리무음,마스카나,87,13,2.000,3.000,-0.1610,,-0.1610,,구애스카프
브리무음,갸라도스,87,14,3.000,3.000,-0.3446,,-0.3446,0.0068,울퉁불퉁멧
브리무음,아머까오,87,15,4.000,3.000,-0.4623,,-0.4623,,울퉁불퉁멧
브리무음,킬라플로르,87,16,2.000,2.000,-0.3288,,-0.3288,-0.6644,기합의띠
브리무음,대쓰여너,87,17,3.000,2.000,-0.5621,,-0.5621,,구애스카프
브리무음,리자몽,87,18,3.000,3.000,-0.4097,,-0.4097,-0.5940,구애스카프
브리무음,포푸니크,87,19,1.000,2.000,-0.0955,,-0.0955,,없음
브리무음,개굴닌자,87,20,2.000,2.000,-0.3288,,-0.3288,-0.3288,기합의띠
브리무음,에이스번,87,21,3.000,1.000,-0.7299,,-0.7299,,구애스카프
브리무음,알로라 나인테일,87,22,3.000,3.000,-0.2267,,-0.2267,,없음
브리무음,에써르(수컷),87,23,3.000,3.000,-0.2267,,-0.2267,,구애스카프
브리무음,워시로토무,87,24,3.000,3.000,-0.1100,,-0.2267,,먹다남은음식
브리무음,불카모스,87,25,4.000,3.000,-0.2402,,-0.4967,,자뭉열매
브리무음,빠르모트,87,26,1.000,2.000,0.0724,,-0.1610,,기합의띠
브리무음,라우드본,87,27,4.000,3.000,-0.4672,,-0.6556,,자뭉열매
브리무음,삼삼드래,87,28,1.000,3.000,0.0724,,0.0724,,구애스카프
브리무음,메타그로스,87,29,3.000,2.000,-0.5621,,-0.7811,-0.7299,생명의구슬
브리무음,망나뇽,87,30,2.495,4.000,0.1624,,0.1624,-0.0017,없음
브리무음,님피아,87,31,5.000,2.000,-0.7611,,-0.7613,,먹다남은음식
브리무음,히트로토무,87,32,3.000,2.000,-0.3944,,-0.3944,,구애스카프
브리무음,거북왕,87,33,3.000,2.000,-0.3944,,-0.3944,-0.5621,없음
브리무음,대도각참,87,34,3.000,2.000,-0.5621,,-0.5621,,타입강화
브리무음,팬텀,87,35,1.000,2.000,-0.2122,,-0.3288,-0.4966,기합의띠
브리무음,마폭시,87,36,6.000,2.000,-0.7955,,-0.7955,-0.7955,기합의띠
브리무음,엠페르트,87,37,6.000,2.000,-0.7844,,-0.7844,,없음
브리무음,번치코,87,38,2.000,2.000,-0.2122,,-0.0955,-0.3288,생명의구슬
브리무음,대짱이,87,39,2.000,2.000,-0.1610,,-0.1610,-0.3288,자뭉열매
브리무음,라이츄,87,40,3.000,3.000,-0.1100,,-0.1100,-0.4455,구애스카프
브리무음,블래키,87,41,3.000,5.000,0.5569,,0.3974,,먹다남은음식
브리무음,다크펫,87,42,2.000,2.000,-0.4966,,-0.4966,-0.7811,기합의띠
브리무음,더시마사리,87,43,2.000,6.000,0.8799,,0.8799,,먹다남은음식
브리무음,핫삼,87,44,2.000,3.000,-0.0863,,-0.0863,-0.1359,울퉁불퉁멧
브리무음,오롱털,87,45,2.000,3.000,0.0068,,0.0068,,없음
브리무음,픽시,87,46,4.000,4.000,-0.0694,,-0.2424,-0.3355,먹다남은음식
브리무음,카디나르마,87,47,5.000,2.000,-0.7467,,-0.7467,,기합의띠
브리무음,앱솔,87,48,1.000,3.000,0.2913,,0.2913,0.1234,없음
브리무음,찌리배리,87,49,4.000,4.000,-0.0177,,-0.1961,,먹다남은음식
브리무음,맘모꾸리,87,50,3.000,3.000,-0.2777,,-0.2777,,기합의띠
브리무음,파라블레이즈,87,51,3.000,1.000,-0.7299,,-0.7299,,기합의띠
브리무음,패리퍼,87,52,2.000,3.000,0.0227,,0.0227,,없음
브리무음,찌르호크,87,53,3.000,3.000,-0.2668,,-0.2668,-0.0547,구애스카프
브리무음,대검귀,87,54,2.000,4.000,0.1746,,0.0068,,타입강화
브리무음,마기라스,87,55,2.000,3.000,-0.1610,,-0.1610,-0.3288,먹다남은음식
브리무음,이어롭,87,56,3.000,2.000,-0.3944,,-0.5122,-0.3288,자뭉열매
브리무음,플라엣테,87,57,4.000,2.000,-0.6160,,-0.6160,-0.7739,구애스카프
브리무음,배바닐라,87,58,3.000,3.000,-0.2267,,-0.5621,,타입강화
브리무음,드래펄트,87,59,2.000,2.000,-0.3288,,-0.6644,,생명의구슬
브리무음,입치트,87,60,2.000,2.000,-0.3288,,-0.3288,-0.3288,기합의띠
브리무음,메가니움,87,61,4.000,4.000,-0.1828,,-0.1828,-0.4924,기합의띠
브리무음,메타몽,87,62,2.000,4.000,0.5102,,0.5102,,구애스카프
브리무음,이상해꽃,87,63,2.000,2.000,-0.2196,,-0.3288,-0.4047,생명의구슬
브리무음,밀로틱,87,64,5.000,5.000,0.0378,,-0.2105,,먹다남은음식
브리무음,스코빌런,87,65,3.000,3.000,-0.2081,,-0.2412,-0.5621,먹다남은음식
브리무음,아쿠스타,87,66,2.000,4.000,0.3424,,0.3424,-0.0600,기합의띠
브리무음,몰드류,87,67,3.000,2.000,-0.4455,,-0.4455,-0.4455,구애스카프
브리무음,조로아크(히스이),87,68,2.000,2.000,-0.3288,,-0.3288,,기합의띠
브리무음,미끄래곤(히스이),87,69,4.000,2.000,-0.7955,,-0.7955,,먹다남은음식
브리무음,잠만보,87,70,5.000,3.000,-0.5302,,-0.6755,,먹다남은음식
브리무음,무장조,87,71,3.000,3.000,-0.2548,,-0.4045,-0.6467,자뭉열매
브리무음,클레스퍼트라,87,72,3.000,3.000,-0.2267,,-0.2267,,기합의띠
브리무음,창파나이트,87,73,2.000,3.000,0.1234,,0.1234,,없음
브리무음,우츠보트,87,74,2.000,2.000,-0.3288,,-0.3288,-0.3288,기합의띠
브리무음,가라르야도킹,87,75,4.000,2.000,-0.7563,,-0.7955,,먹다남은음식
브리무음,깜까미,87,76,2.000,4.000,0.4591,,0.4591,0.7363,없음
브리무음,엘풍,87,77,2.000,4.000,0.3424,,0.3424,,기합의띠
브리무음,저승갓숭,87,78,2.000,3.000,0.0068,,0.0068,,먹다남은음식
브리무음,스트린더(하이),87,79,2.000,2.000,-0.2122,,-0.2122,,풍선
브리무음,샤미드,87,80,4.000,4.000,-0.1551,,-0.3763,,먹다남은음식
브리무음,사마자르,87,81,2.000,3.000,-0.1100,,-0.1100,,기합의띠
브리무음,인텔리레온,87,82,2.000,3.000,-0.1610,,-0.1610,,없음
브리무음,깨비물거미,87,83,4.000,4.000,-0.0245,,-0.1479,,자뭉열매
브리무음,가디안,87,84,4.000,3.000,-0.3446,,-0.3446,-0.7955,기합의띠
브리무음,왕구리,87,85,3.000,4.000,-0.0600,,-0.0600,,없음
브리무음,엘레이드,87,86,2.000,3.000,0.0068,,-0.3232,-0.3232,생명의구슬
브리무음,눈여아,87,88,2.000,2.000,-0.1610,,-0.1610,-0.5621,기합의띠
브리무음,어흥염,87,89,4.000,2.000,-0.5072,,-0.6195,,자뭉열매
브리무음,마릴리,87,90,3.000,5.000,-0.1255,,-0.2574,,자뭉열매
브리무음,올리르바,87,91,3.000,3.000,-0.2079,,-0.2079,,기합의띠
브리무음,스트린더(로우),87,92,2.000,2.000,-0.2122,,-0.2122,,풍선
브리무음,펜드라,87,93,2.000,2.000,-0.2977,,-0.4084,-0.6644,기합의띠
브리무음,화염레오,87,94,3.000,2.000,-0.2777,,-0.2777,-0.5621,기합의띠
브리무음,윈디(히스이),87,95,3.000,2.000,-0.5584,,-0.5584,,기합의띠
브리무음,캥카,87,96,3.000,2.000,-0.5544,,-0.5802,-0.6969,타입강화
브리무음,꿈트렁,87,97,2.000,2.000,-0.3288,,-0.4516,,자뭉열매
브리무음,에써르(암컷),87,98,3.000,6.000,0.5999,,0.5999,,없음
브리무음,후딘,87,99,3.000,2.000,-0.3944,,-0.3944,,기합의띠
브리무음,드래캄,87,100,2.000,2.000,-0.3288,,-0.6644,-0.6644,생명의구슬
눈여아,보만다,88,1,1.000,2.000,0.3712,0.6063,-0.0955,-0.2589,구애스카프
눈여아,한카리아스,88,2,1.000,2.000,0.3712,0.3712,-0.0955,-0.3288,구애스카프
눈여아,누리레느,88,3,3.000,2.000,-0.0800,0.4453,-0.3136,,자뭉열매
눈여아,갑주무사,88,4,3.000,2.000,-0.0955,0.1379,-0.0955,-0.8022,생명의구슬
눈여아,하마돈,88,5,2.000,3.000,0.2611,0.4087,0.1754,,자뭉열매
눈여아,루카리오,88,6,3.000,1.000,-0.4311,-0.4311,-0.4311,-0.8977,기합의띠
눈여아,드닐레이브,88,7,4.000,2.000,-0.3288,-0.0955,-0.3288,-0.3288,기합의띠
눈여아,브리두라스,88,8,3.000,2.000,-0.0955,0.1379,-0.0955,,자뭉열매
눈여아,타부자고,88,9,3.000,1.000,-0.1272,0.0337,-0.1272,,풍선
눈여아,따라큐,88,10,2.000,2.000,0.1379,0.1379,0.1379,,생명의구슬
눈여아,고릴타,88,11,2.000,2.000,0.1379,0.3712,0.1379,,생명의구슬
눈여아,킬가르도,88,12,3.000,1.000,-0.4311,-0.1977,-0.4311,,먹다남은음식
눈여아,마스카나,88,13,2.000,2.000,-0.3288,-0.0955,-0.3288,,구애스카프
눈여아,갸라도스,88,14,2.000,2.000,0.1379,0.3712,0.1379,-0.6644,울퉁불퉁멧
눈여아,아머까오,88,15,4.000,3.000,0.0331,0.2400,-0.3288,,울퉁불퉁멧
눈여아,킬라플로르,88,16,3.000,2.000,-0.0955,0.1379,-0.0955,-0.4311,기합의띠
눈여아,대쓰여너,88,17,2.000,1.000,-0.1977,-0.1977,-0.6644,,구애스카프
눈여아,리자몽,88,18,3.000,1.000,-0.4080,-0.1746,-0.8746,-0.4838,구애스카프
눈여아,포푸니크,88,19,3.000,2.000,-0.5621,-0.0955,-0.5621,,없음
눈여아,개굴닌자,88,20,3.000,2.000,-0.5621,-0.3288,-0.5621,-0.5621,기합의띠
눈여아,에이스번,88,21,4.000,1.000,-0.8977,-0.4311,-0.8977,,구애스카프
눈여아,알로라 나인테일,88,22,4.000,3.000,0.0331,0.2400,0.0331,,없음
눈여아,에써르(수컷),88,23,3.000,2.000,-0.0955,0.4735,-0.5621,,구애스카프
눈여아,워시로토무,88,24,4.000,2.000,-0.3288,0.2400,-0.5621,,먹다남은음식
눈여아,불카모스,88,25,6.000,2.000,-0.8365,-0.2353,-0.8365,,자뭉열매
눈여아,빠르모트,88,26,2.000,2.000,0.1379,0.1379,0.1379,,기합의띠
눈여아,라우드본,88,27,3.000,2.000,-0.1005,0.1215,-0.3338,,자뭉열매
눈여아,삼삼드래,88,28,2.000,2.000,0.1379,0.3712,-0.3288,,구애스카프
눈여아,메타그로스,88,29,2.000,1.000,-0.1977,-0.1977,-0.1977,-0.6644,생명의구슬
눈여아,망나뇽,88,30,1.495,2.000,0.3078,0.4268,0.3078,0.1356,없음
눈여아,님피아,88,31,5.000,2.000,-0.6629,-0.2625,-0.7292,,먹다남은음식
눈여아,히트로토무,88,32,4.000,1.000,-0.6644,-0.4311,-0.8977,,구애스카프
눈여아,거북왕,88,33,3.000,2.000,-0.0955,0.1379,-0.0955,-0.0955,없음
눈여아,대도각참,88,34,6.000,1.000,-0.8977,-0.6644,-0.8977,,타입강화
눈여아,팬텀,88,35,2.000,2.000,-0.0955,0.1379,-0.0955,-0.6644,기합의띠
눈여아,마폭시,88,36,2.000,1.000,-0.1977,-0.1977,-0.1977,-0.8977,기합의띠
눈여아,엠페르트,88,37,3.000,2.000,-0.1225,0.1497,-0.1225,,없음
눈여아,번치코,88,38,4.000,1.000,-0.6644,-0.4311,-0.4311,-0.6644,생명의구슬
눈여아,대짱이,88,39,3.000,2.000,-0.0955,-0.0955,-0.3288,-0.3288,자뭉열매
눈여아,라이츄,88,40,3.000,2.000,-0.3288,0.4735,-0.5621,-0.5621,구애스카프
눈여아,블래키,88,41,5.000,2.000,-0.3960,0.0116,-0.6058,,먹다남은음식
눈여아,다크펫,88,42,2.000,1.000,-0.1977,0.0356,-0.1977,-0.1977,기합의띠
눈여아,더시마사리,88,43,4.000,5.000,0.6384,0.9065,0.3331,,먹다남은음식
눈여아,핫삼,88,44,4.000,2.000,-0.2563,-0.0216,-0.4629,-0.5970,울퉁불퉁멧
눈여아,오롱털,88,45,3.000,1.000,-0.4311,-0.1977,-0.4311,,없음
눈여아,픽시,88,46,4.000,3.000,-0.1912,0.5380,-0.4009,0.2292,먹다남은음식
눈여아,카디나르마,88,47,2.000,1.000,-0.1977,-0.1977,-0.1977,,기합의띠
눈여아,앱솔,88,48,2.000,2.000,0.1379,0.1379,0.1379,-0.3288,없음
눈여아,찌리배리,88,49,5.000,4.000,0.0768,0.8626,-0.1587,,먹다남은음식
눈여아,맘모꾸리,88,50,4.000,2.000,-0.3288,-0.0955,-0.3288,,기합의띠
눈여아,파라블레이즈,88,51,2.000,1.000,-0.1977,-0.1977,-0.1977,,기합의띠
눈여아,패리퍼,88,52,2.000,3.000,0.3875,0.7231,0.3875,,없음
눈여아,찌르호크,88,53,2.000,3.000,0.4120,0.4547,-0.0547,-0.0955,구애스카프
눈여아,대검귀,88,54,3.000,2.000,-0.0955,0.1379,-0.0955,,타입강화
눈여아,마기라스,88,55,4.000,1.000,-0.6644,-0.4311,-0.6644,-0.6644,먹다남은음식
눈여아,이어롭,88,56,3.000,5.000,0.7904,0.9113,0.5330,-0.0095,자뭉열매
눈여아,플라엣테,88,57,4.000,2.000,-0.4319,-0.0387,-0.7955,-0.5351,구애스카프
눈여아,배바닐라,88,58,4.000,2.000,-0.3288,0.2400,-0.3288,,타입강화
눈여아,드래펄트,88,59,2.000,2.000,-0.3288,-0.0955,-0.6644,,생명의구슬
눈여아,입치트,88,60,3.000,2.000,-0.0955,0.1379,-0.0955,-0.3288,기합의띠
눈여아,메가니움,88,61,2.000,3.000,0.3724,0.7783,0.3724,-0.0252,기합의띠
눈여아,메타몽,88,62,2.000,3.000,0.4735,0.4735,0.4735,,구애스카프
눈여아,이상해꽃,88,63,2.000,4.000,0.6918,0.8756,0.6918,0.0540,생명의구슬
눈여아,밀로틱,88,64,5.000,4.000,0.0651,0.6381,-0.1723,,먹다남은음식
눈여아,스코빌런,88,65,3.000,1.000,-0.4311,0.0427,-0.4311,-0.4311,먹다남은음식
눈여아,아쿠스타,88,66,2.000,3.000,0.0068,0.4735,0.0068,0.0068,기합의띠
눈여아,몰드류,88,67,3.000,2.000,-0.0955,0.1379,-0.5621,-0.4311,구애스카프
눈여아,조로아크(히스이),88,68,2.000,2.000,-0.0955,0.1379,-0.0955,,기합의띠
눈여아,미끄래곤(히스이),88,69,4.000,2.000,-0.3288,-0.0955,-0.5621,,먹다남은음식
눈여아,잠만보,88,70,9.000,2.000,-0.7955,-0.7955,-0.7955,,먹다남은음식
눈여아,무장조,88,71,3.000,2.000,0.2118,0.3810,-0.0023,-0.4979,자뭉열매
눈여아,클레스퍼트라,88,72,2.000,2.000,0.1379,0.4735,0.1379,,기합의띠
눈여아,창파나이트,88,73,3.000,2.000,-0.0955,0.1379,-0.0955,,없음
눈여아,우츠보트,88,74,2.000,3.000,0.4735,0.7068,0.4735,0.4735,기합의띠
눈여아,가라르야도킹,88,75,3.000,3.000,-0.0101,0.3183,-0.0101,,먹다남은음식
눈여아,깜까미,88,76,3.000,2.000,0.0366,0.1379,0.0366,-0.1967,없음
눈여아,엘풍,88,77,2.000,3.000,0.0068,0.8090,0.0068,,기합의띠
눈여아,저승갓숭,88,78,3.000,3.000,0.2043,0.4378,0.2043,,먹다남은음식
눈여아,스트린더(하이),88,79,3.000,3.000,0.2400,0.4735,0.2400,,풍선
눈여아,샤미드,88,80,5.000,3.000,0.0613,0.3239,-0.1725,,먹다남은음식
눈여아,사마자르,88,81,3.000,2.000,-0.0955,0.1379,-0.0955,,기합의띠
눈여아,인텔리레온,88,82,2.000,2.000,-0.3288,0.2401,-0.3288,,없음
눈여아,깨비물거미,88,83,4.000,4.000,0.5014,0.5732,0.2539,,자뭉열매
눈여아,가디안,88,84,3.000,2.000,-0.0955,0.4735,-0.0955,-0.0955,기합의띠
눈여아,왕구리,88,85,3.000,3.000,0.2400,0.8090,0.2400,,없음
눈여아,엘레이드,88,86,3.000,2.000,-0.0842,0.1492,0.1300,-0.3288,생명의구슬
눈여아,브리무음,88,87,2.000,2.000,0.0212,0.4735,0.0212,,기합의띠
눈여아,어흥염,88,89,6.000,1.000,-0.8977,-0.6881,-0.8977,,자뭉열매
눈여아,마릴리,88,90,3.000,4.000,0.1743,0.8090,-0.0306,,자뭉열매
눈여아,올리르바,88,91,2.000,3.000,0.4735,0.6746,0.4735,,기합의띠
눈여아,스트린더(로우),88,92,3.000,3.000,0.2400,0.4735,0.2400,,풍선
눈여아,펜드라,88,93,3.000,3.000,-0.2267,0.4735,-0.2267,-0.0955,기합의띠
눈여아,화염레오,88,94,5.000,1.000,-0.8977,-0.4311,-0.8977,-0.8977,기합의띠
눈여아,윈디(히스이),88,95,4.000,1.000,-0.6731,-0.4398,-0.6731,,기합의띠
눈여아,캥카,88,96,3.000,3.000,0.2080,0.4373,0.2080,-0.2728,타입강화
눈여아,꿈트렁,88,97,3.000,2.000,-0.1062,0.1256,-0.3273,,자뭉열매
눈여아,에써르(암컷),88,98,3.000,3.000,0.2400,0.4735,0.2400,,없음
눈여아,후딘,88,99,2.000,2.000,-0.3288,-0.0955,-0.3288,,기합의띠
눈여아,드래캄,88,100,2.000,2.000,0.1379,0.1379,0.1379,0.1379,생명의구슬
어흥염,보만다,89,1,6.000,3.000,-0.6994,,-0.6994,-0.7256,구애스카프
어흥염,한카리아스,89,2,4.000,2.000,-0.7955,,-0.7955,-0.7955,구애스카프
어흥염,누리레느,89,3,4.000,2.000,-0.5903,,-0.7955,,자뭉열매
어흥염,갑주무사,89,4,3.000,3.000,0.2331,,-0.0858,0.4911,생명의구슬
어흥염,하마돈,89,5,4.000,3.000,-0.0514,,-0.2717,,자뭉열매
어흥염,루카리오,89,6,1.000,2.000,-0.0955,,-0.3288,-0.4548,기합의띠
어흥염,드닐레이브,89,7,2.000,3.000,0.0068,,0.0068,-0.2267,기합의띠
어흥염,브리두라스,89,8,2.000,2.000,-0.3184,,-0.5280,,자뭉열매
어흥염,타부자고,89,9,2.000,2.000,-0.0974,,-0.0974,,풍선
어흥염,따라큐,89,10,2.000,5.000,0.6745,,0.3449,,생명의구슬
어흥염,고릴타,89,11,2.000,3.000,0.0068,,-0.1192,,생명의구슬
어흥염,킬가르도,89,12,2.000,3.000,0.2401,,0.2401,,먹다남은음식
어흥염,마스카나,89,13,1.000,5.000,0.9203,,0.9203,,구애스카프
어흥염,갸라도스,89,14,5.000,3.000,-0.6980,,-0.7955,-0.3184,울퉁불퉁멧
어흥염,아머까오,89,15,2.000,6.000,1.0000,,0.0409,,울퉁불퉁멧
어흥염,킬라플로르,89,16,3.000,2.000,-0.5859,,-0.5859,-0.8873,기합의띠
어흥염,대쓰여너,89,17,2.000,2.000,-0.3288,,-0.3288,,구애스카프
어흥염,리자몽,89,18,3.000,4.000,0.1178,,0.1178,-0.1813,구애스카프
어흥염,포푸니크,89,19,2.000,2.000,-0.3288,,-0.3288,,없음
어흥염,개굴닌자,89,20,2.000,2.000,-0.3288,,-0.3288,-0.3288,기합의띠
어흥염,에이스번,89,21,3.000,2.000,-0.5621,,-0.5621,,구애스카프
어흥염,알로라 나인테일,89,22,1.000,4.000,0.5757,,0.5757,,없음
어흥염,에써르(수컷),89,23,1.000,4.000,0.2505,,0.2505,,구애스카프
어흥염,워시로토무,89,24,3.000,2.000,-0.5621,,-0.7955,,먹다남은음식
어흥염,불카모스,89,25,3.000,4.000,0.0668,,-0.0433,,자뭉열매
어흥염,빠르모트,89,26,2.000,2.000,-0.3288,,-0.3288,,기합의띠
어흥염,라우드본,89,27,3.000,4.000,0.1017,,0.0642,,자뭉열매
어흥염,삼삼드래,89,28,2.000,2.000,-0.2947,,-0.2947,,구애스카프
어흥염,메타그로스,89,29,2.000,3.000,0.0068,,-0.2947,0.0068,생명의구슬
어흥염,망나뇽,89,30,4.495,3.000,-0.4698,,-0.4698,-0.7464,없음
어흥염,님피아,89,31,3.000,2.000,-0.0224,,-0.0463,,먹다남은음식
어흥염,히트로토무,89,32,3.000,4.000,-0.1968,,-0.1968,,구애스카프
어흥염,거북왕,89,33,3.000,2.000,-0.5859,,-0.5859,-0.8977,없음
어흥염,대도각참,89,34,1.000,4.000,0.8090,,0.8090,,타입강화
어흥염,팬텀,89,35,1.000,2.000,-0.1192,,-0.3288,-0.3288,기합의띠
어흥염,마폭시,89,36,2.000,5.000,0.3765,,0.3765,0.3424,기합의띠
어흥염,엠페르트,89,37,2.000,2.000,-0.1225,,-0.1225,,없음
어흥염,번치코,89,38,3.000,2.000,-0.5621,,-0.5621,-0.5859,생명의구슬
어흥염,대짱이,89,39,4.000,2.000,-0.5621,,-0.5859,-0.7955,자뭉열매
어흥염,라이츄,89,40,2.000,2.000,-0.2947,,-0.2947,-0.3288,구애스카프
어흥염,블래키,89,41,3.000,15.000,0.9942,,0.9846,,먹다남은음식
어흥염,다크펫,89,42,2.000,5.000,0.7107,,0.7107,0.3765,기합의띠
어흥염,더시마사리,89,43,5.000,5.000,0.2657,,-0.0237,,먹다남은음식
어흥염,핫삼,89,44,1.000,3.000,0.4330,,0.0974,0.1315,울퉁불퉁멧
어흥염,오롱털,89,45,2.000,5.000,0.6098,,0.6098,,없음
어흥염,픽시,89,46,3.000,5.000,0.5282,,0.4783,-0.1706,먹다남은음식
어흥염,카디나르마,89,47,2.000,2.000,-0.3288,,-0.3288,,기합의띠
어흥염,앱솔,89,48,2.000,3.000,0.0068,,0.0068,-0.2947,없음
어흥염,찌리배리,89,49,4.000,5.000,0.5796,,0.5488,,먹다남은음식
어흥염,맘모꾸리,89,50,2.000,2.000,-0.3288,,-0.3288,,기합의띠
어흥염,파라블레이즈,89,51,2.000,3.000,0.0068,,0.0068,,기합의띠
어흥염,패리퍼,89,52,3.000,2.000,-0.5978,,-0.5978,,없음
어흥염,찌르호크,89,53,4.000,4.000,-0.1754,,-0.1754,-0.5539,구애스카프
어흥염,대검귀,89,54,2.000,3.000,0.0068,,0.0068,,타입강화
어흥염,마기라스,89,55,1.000,2.000,-0.1192,,-0.1192,-0.3288,먹다남은음식
어흥염,이어롭,89,56,2.000,3.000,0.0409,,0.0409,-0.3288,자뭉열매
어흥염,플라엣테,89,57,2.000,3.000,-0.2837,,-0.2837,-0.2969,구애스카프
어흥염,배바닐라,89,58,1.000,5.000,0.9203,,0.5861,,타입강화
어흥염,드래펄트,89,59,2.000,3.000,0.0068,,-0.3288,,생명의구슬
어흥염,입치트,89,60,2.000,5.000,0.9203,,0.9203,0.8194,기합의띠
어흥염,메가니움,89,61,2.000,4.000,0.2652,,0.2652,-0.0840,기합의띠
어흥염,메타몽,89,62,1.000,4.000,0.8090,,0.5757,,구애스카프
어흥염,이상해꽃,89,63,2.000,3.000,0.2984,,-0.0170,-0.3603,생명의구슬
어흥염,밀로틱,89,64,4.000,3.000,-0.4869,,-0.6987,,먹다남은음식
어흥염,스코빌런,89,65,2.000,5.000,0.7014,,0.6839,0.3495,먹다남은음식
어흥염,아쿠스타,89,66,2.000,3.000,0.0409,,0.0409,0.0068,기합의띠
어흥염,몰드류,89,67,1.000,2.000,-0.1192,,-0.1192,-0.3288,구애스카프
어흥염,조로아크(히스이),89,68,1.000,2.000,-0.1192,,-0.3288,,기합의띠
어흥염,미끄래곤(히스이),89,69,2.000,3.000,0.2401,,0.2401,,먹다남은음식
어흥염,잠만보,89,70,2.000,4.000,0.5376,,0.5246,,먹다남은음식
어흥염,무장조,89,71,2.000,4.000,0.5856,,0.3473,0.2841,자뭉열매
어흥염,클레스퍼트라,89,72,2.000,6.000,1.0000,,1.0000,,기합의띠
어흥염,창파나이트,89,73,2.000,2.000,-0.6540,,-0.6540,,없음
어흥염,우츠보트,89,74,1.000,4.000,0.5520,,0.3424,0.0409,기합의띠
어흥염,가라르야도킹,89,75,2.000,4.000,0.7092,,0.5685,,먹다남은음식
어흥염,깜까미,89,76,2.000,12.000,0.9971,,0.9971,0.9887,없음
어흥염,엘풍,89,77,1.000,4.000,0.5757,,0.3424,,기합의띠
어흥염,저승갓숭,89,78,3.000,2.000,-0.5621,,-0.5833,,먹다남은음식
어흥염,스트린더(하이),89,79,2.000,3.000,0.0409,,0.0409,,풍선
어흥염,샤미드,89,80,4.000,2.000,-0.4986,,-0.7102,,먹다남은음식
어흥염,사마자르,89,81,2.000,3.000,-0.0169,,-0.0169,,기합의띠
어흥염,인텔리레온,89,82,3.000,2.000,-0.5621,,-0.5621,,없음
어흥염,깨비물거미,89,83,2.000,3.000,0.3862,,0.2400,,자뭉열매
어흥염,가디안,89,84,2.000,3.000,0.0068,,0.0068,-0.2947,기합의띠
어흥염,왕구리,89,85,3.000,2.000,-0.5621,,-0.5621,,없음
어흥염,엘레이드,89,86,2.000,2.000,-0.2845,,-0.3288,-0.3584,생명의구슬
어흥염,브리무음,89,87,2.000,4.000,0.5284,,0.5284,,기합의띠
어흥염,눈여아,89,88,1.000,6.000,1.0000,,1.0000,0.6098,기합의띠
어흥염,마릴리,89,90,5.000,4.000,-0.2924,,-0.5257,,자뭉열매
어흥염,올리르바,89,91,2.000,3.000,0.4366,,0.3526,,기합의띠
어흥염,스트린더(로우),89,92,2.000,3.000,0.0409,,0.0409,,풍선
어흥염,펜드라,89,93,1.000,4.000,0.5632,,0.3424,0.0247,기합의띠
어흥염,화염레오,89,94,2.000,3.000,0.0409,,0.0409,0.0068,기합의띠
어흥염,윈디(히스이),89,95,2.000,2.000,-0.3362,,-0.3362,,기합의띠
어흥염,캥카,89,96,2.000,4.000,0.3424,,0.0121,-0.0241,타입강화
어흥염,꿈트렁,89,97,2.000,4.000,0.0567,,0.0554,,자뭉열매
어흥염,에써르(암컷),89,98,2.000,6.000,1.0000,,1.0000,,없음
어흥염,후딘,89,99,1.000,2.000,-0.0955,,-0.3288,,기합의띠
어흥염,드래캄,89,100,3.000,2.000,-0.0614,,-0.0955,-0.1192,생명의구슬
마릴리,보만다,90,1,4.000,4.000,-0.1318,,-0.1318,-0.2950,구애스카프
마릴리,한카리아스,90,2,3.000,3.000,-0.0870,,-0.0870,0.2486,구애스카프
마릴리,누리레느,90,3,4.000,3.000,-0.2092,,-0.4275,,자뭉열매
마릴리,갑주무사,90,4,6.000,5.000,0.4490,,0.2678,-0.1658,생명의구슬
마릴리,하마돈,90,5,4.000,3.000,0.3709,,0.2716,,자뭉열매
마릴리,루카리오,90,6,2.000,2.000,-0.3288,,-0.3288,-0.5621,기합의띠
마릴리,드닐레이브,90,7,3.000,3.000,-0.0870,,-0.2267,-0.0870,기합의띠
마릴리,브리두라스,90,8,4.000,2.000,-0.7955,,-0.7955,,자뭉열매
마릴리,타부자고,90,9,6.000,3.000,-0.6645,,-0.6645,,풍선
마릴리,따라큐,90,10,4.000,3.000,-0.1808,,-0.5794,,생명의구슬
마릴리,고릴타,90,11,5.000,2.000,-0.7955,,-0.8977,,생명의구슬
마릴리,킬가르도,90,12,5.000,2.000,-0.7955,,-0.7955,,먹다남은음식
마릴리,마스카나,90,13,2.000,2.000,-0.3288,,-0.3288,,구애스카프
마릴리,갸라도스,90,14,7.000,2.000,-0.7955,,-0.7955,-0.5621,울퉁불퉁멧
마릴리,아머까오,90,15,8.000,4.000,-0.4370,,-0.6980,,울퉁불퉁멧
마릴리,킬라플로르,90,16,3.000,2.000,-0.5621,,-0.5621,-0.8977,기합의띠
마릴리,대쓰여너,90,17,5.000,3.000,-0.4161,,-0.4161,,구애스카프
마릴리,리자몽,90,18,3.000,2.000,-0.2742,,-0.2742,-0.3815,구애스카프
마릴리,포푸니크,90,19,4.000,2.000,-0.7955,,-0.7955,,없음
마릴리,개굴닌자,90,20,2.000,2.000,-0.3288,,-0.3288,-0.3288,기합의띠
마릴리,에이스번,90,21,2.000,2.000,-0.3288,,-0.3288,,구애스카프
마릴리,알로라 나인테일,90,22,4.000,4.000,0.1548,,0.1548,,없음
마릴리,에써르(수컷),90,23,3.000,3.000,-0.0870,,-0.0870,,구애스카프
마릴리,워시로토무,90,24,4.000,2.000,-0.7955,,-0.7955,,먹다남은음식
마릴리,불카모스,90,25,3.000,3.000,0.1517,,0.0579,,자뭉열매
마릴리,빠르모트,90,26,2.000,2.000,-0.3288,,-0.3288,,기합의띠
마릴리,라우드본,90,27,4.000,5.000,0.4787,,0.1925,,자뭉열매
마릴리,삼삼드래,90,28,2.000,4.000,0.3424,,0.3424,,구애스카프
마릴리,메타그로스,90,29,6.000,3.000,-0.5108,,-0.7955,-0.5108,생명의구슬
마릴리,망나뇽,90,30,3.495,3.000,-0.0861,,-0.0861,-0.4848,없음
마릴리,님피아,90,31,5.000,2.000,-0.7955,,-0.7955,,먹다남은음식
마릴리,히트로토무,90,32,3.000,2.000,-0.5621,,-0.5621,,구애스카프
마릴리,거북왕,90,33,5.000,4.000,-0.3923,,-0.3923,-0.4161,없음
마릴리,대도각참,90,34,2.000,3.000,0.2401,,0.2401,,타입강화
마릴리,팬텀,90,35,3.000,2.000,-0.5621,,-0.5621,-0.8977,기합의띠
마릴리,마폭시,90,36,2.000,3.000,0.0068,,0.0068,0.0068,기합의띠
마릴리,엠페르트,90,37,3.000,4.000,0.2766,,0.2766,,없음
마릴리,번치코,90,38,2.000,3.000,0.0068,,-0.3288,-0.5621,생명의구슬
마릴리,대짱이,90,39,5.000,3.000,-0.4161,,-0.5108,-0.7955,자뭉열매
마릴리,라이츄,90,40,3.000,2.000,-0.5621,,-0.5621,-0.8977,구애스카프
마릴리,블래키,90,41,4.000,10.000,1.0000,,0.9768,,먹다남은음식
마릴리,다크펫,90,42,4.000,2.000,-0.7955,,-0.7955,-0.7955,기합의띠
마릴리,더시마사리,90,43,14.000,12.000,0.7000,,-0.7000,,먹다남은음식
마릴리,핫삼,90,44,6.000,4.000,-0.4679,,-0.5250,-0.5655,울퉁불퉁멧
마릴리,오롱털,90,45,2.000,3.000,0.0068,,0.0068,,없음
마릴리,픽시,90,46,6.000,4.000,-0.0525,,-0.2975,-0.3376,먹다남은음식
마릴리,카디나르마,90,47,3.000,3.000,-0.0870,,-0.2267,,기합의띠
마릴리,앱솔,90,48,2.000,4.000,0.3424,,0.3424,0.0068,없음
마릴리,찌리배리,90,49,7.000,2.000,-0.1668,,-0.4476,,먹다남은음식
마릴리,맘모꾸리,90,50,3.000,3.000,-0.0870,,-0.2267,,기합의띠
마릴리,파라블레이즈,90,51,3.000,3.000,-0.0870,,-0.2267,,기합의띠
마릴리,패리퍼,90,52,5.000,3.000,-0.1870,,-0.1870,,없음
마릴리,찌르호크,90,53,7.000,3.000,-0.7159,,-0.7159,-0.2506,구애스카프
마릴리,대검귀,90,54,3.000,7.000,1.0000,,0.7857,,타입강화
마릴리,마기라스,90,55,2.000,3.000,0.0068,,0.0068,-0.3288,먹다남은음식
마릴리,이어롭,90,56,3.000,3.000,-0.0870,,-0.0870,-0.3288,자뭉열매
마릴리,플라엣테,90,57,5.000,2.000,-0.6278,,-0.6278,-0.6697,구애스카프
마릴리,배바닐라,90,58,3.000,5.000,0.5842,,0.2486,,타입강화
마릴리,드래펄트,90,59,2.000,3.000,0.0068,,-0.3288,,생명의구슬
마릴리,입치트,90,60,6.000,3.000,-0.2775,,-0.2775,-0.1828,기합의띠
마릴리,메가니움,90,61,6.000,2.000,-0.6627,,-0.6627,-0.8263,기합의띠
마릴리,메타몽,90,62,2.000,6.000,1.0000,,1.0000,,구애스카프
마릴리,이상해꽃,90,63,11.000,2.000,-0.7955,,-0.7955,-0.7955,생명의구슬
마릴리,밀로틱,90,64,6.000,8.000,0.8184,,0.5495,,먹다남은음식
마릴리,스코빌런,90,65,4.000,2.000,-0.7955,,-0.7955,-0.8245,먹다남은음식
마릴리,아쿠스타,90,66,4.000,4.000,0.1548,,-0.0021,-0.1109,기합의띠
마릴리,몰드류,90,67,3.000,3.000,-0.0870,,-0.0870,-0.5621,구애스카프
마릴리,조로아크(히스이),90,68,3.000,2.000,-0.5621,,-0.5621,,기합의띠
마릴리,미끄래곤(히스이),90,69,3.000,3.000,-0.0870,,-0.1808,,먹다남은음식
마릴리,잠만보,90,70,3.000,4.000,0.4902,,0.4392,,먹다남은음식
마릴리,무장조,90,71,8.000,4.000,-0.5092,,-0.6740,-0.6578,자뭉열매
마릴리,클레스퍼트라,90,72,4.000,3.000,-0.1808,,-0.3214,,기합의띠
마릴리,창파나이트,90,73,2.000,3.000,0.0068,,0.0068,,없음
마릴리,우츠보트,90,74,9.000,2.000,-0.7955,,-0.7955,-0.7955,기합의띠
마릴리,가라르야도킹,90,75,6.000,2.000,-0.7172,,-0.7955,,먹다남은음식
마릴리,깜까미,90,76,2.000,8.000,1.0000,,1.0000,1.0000,없음
마릴리,엘풍,90,77,4.000,2.000,-0.7955,,-0.7955,,기합의띠
마릴리,저승갓숭,90,78,3.000,5.000,0.5558,,0.4720,,먹다남은음식
마릴리,스트린더(하이),90,79,4.000,2.000,-0.7955,,-0.7955,,풍선
마릴리,샤미드,90,80,6.000,8.000,0.7514,,0.4983,,먹다남은음식
마릴리,사마자르,90,81,3.000,4.000,0.2486,,0.1066,,기합의띠
마릴리,인텔리레온,90,82,4.000,5.000,0.4904,,0.4904,,없음
마릴리,깨비물거미,90,83,5.000,8.000,0.9731,,0.8986,,자뭉열매
마릴리,가디안,90,84,4.000,2.000,-0.7955,,-0.7955,-0.7955,기합의띠
마릴리,왕구리,90,85,4.000,5.000,0.4904,,0.4904,,없음
마릴리,엘레이드,90,86,2.000,3.000,0.0068,,-0.3288,-0.5621,생명의구슬
마릴리,브리무음,90,87,5.000,3.000,0.1682,,0.0979,,기합의띠
마릴리,눈여아,90,88,4.000,3.000,-0.1808,,-0.3214,-0.7955,기합의띠
마릴리,어흥염,90,89,4.000,5.000,0.4904,,0.1944,,자뭉열매
마릴리,올리르바,90,91,3.000,2.000,0.1893,,0.1055,,기합의띠
마릴리,스트린더(로우),90,92,4.000,2.000,-0.7955,,-0.7955,,풍선
마릴리,펜드라,90,93,5.000,2.000,-0.7955,,-0.7955,-0.8977,기합의띠
마릴리,화염레오,90,94,3.000,3.000,-0.0870,,-0.2267,-0.0870,기합의띠
마릴리,윈디(히스이),90,95,2.000,2.000,-0.3163,,-0.3163,,기합의띠
마릴리,캥카,90,96,3.000,3.000,-0.4887,,-0.5621,-0.5982,타입강화
마릴리,꿈트렁,90,97,4.000,3.000,-0.1632,,-0.1771,,자뭉열매
마릴리,에써르(암컷),90,98,4.000,3.000,-0.1808,,-0.1808,,없음
마릴리,후딘,90,99,3.000,3.000,-0.0870,,-0.2267,,기합의띠
마릴리,드래캄,90,100,4.000,2.000,-0.3288,,-0.6644,-0.8977,생명의구슬
올리르바,보만다,91,1,3.000,3.000,-0.3659,,-0.3659,-0.8548,구애스카프
올리르바,한카리아스,91,2,3.000,3.000,-0.3611,,-0.3611,-0.3611,구애스카프
올리르바,누리레느,91,3,2.000,3.000,-0.1444,,-0.2267,,자뭉열매
올리르바,갑주무사,91,4,3.000,2.000,-0.6019,,-0.6966,-0.8248,생명의구슬
올리르바,하마돈,91,5,2.000,4.000,0.2440,,0.0874,,자뭉열매
올리르바,루카리오,91,6,2.000,2.000,-0.4633,,-0.4633,-0.6644,기합의띠
올리르바,드닐레이브,91,7,3.000,2.000,-0.5621,,-0.5621,-0.7020,기합의띠
올리르바,브리두라스,91,8,2.000,3.000,-0.1277,,-0.3611,,자뭉열매
올리르바,타부자고,91,9,3.000,3.000,-0.3992,,-0.6341,,풍선
올리르바,따라큐,91,10,4.000,3.000,-0.3458,,-0.2372,,생명의구슬
올리르바,고릴타,91,11,3.000,2.000,-0.5621,,-0.5621,,생명의구슬
올리르바,킬가르도,91,12,3.000,2.000,-0.5621,,-0.7020,,먹다남은음식
올리르바,마스카나,91,13,2.000,2.000,-0.4686,,-0.4686,,구애스카프
올리르바,갸라도스,91,14,4.000,3.000,-0.3679,,-0.3679,-0.1331,울퉁불퉁멧
올리르바,아머까오,91,15,8.000,2.000,-0.7955,,-0.7955,,울퉁불퉁멧
올리르바,킬라플로르,91,16,1.000,2.000,-0.2353,,-0.3288,-0.3698,기합의띠
올리르바,대쓰여너,91,17,2.000,3.000,0.0068,,0.0068,,구애스카프
올리르바,리자몽,91,18,3.000,2.000,-0.6148,,-0.6148,-0.8746,구애스카프
올리르바,포푸니크,91,19,2.000,2.000,-0.4633,,-0.4633,,없음
올리르바,개굴닌자,91,20,2.000,2.000,-0.3288,,-0.3288,-0.3288,기합의띠
올리르바,에이스번,91,21,2.000,2.000,-0.4633,,-0.4633,,구애스카프
올리르바,알로라 나인테일,91,22,3.000,2.000,-0.5621,,-0.5621,,없음
올리르바,에써르(수컷),91,23,3.000,4.000,-0.0270,,-0.0270,,구애스카프
올리르바,워시로토무,91,24,2.000,6.000,1.0000,,1.0000,,먹다남은음식
올리르바,불카모스,91,25,4.000,2.000,-0.7230,,-0.7612,,자뭉열매
올리르바,빠르모트,91,26,2.000,2.000,-0.4633,,-0.4633,,기합의띠
올리르바,라우드본,91,27,3.000,2.000,-0.6906,,-0.7841,,자뭉열매
올리르바,삼삼드래,91,28,2.000,2.000,-0.1277,,-0.1277,,구애스카프
올리르바,메타그로스,91,29,3.000,2.000,-0.4686,,-0.3288,-0.5621,생명의구슬
올리르바,망나뇽,91,30,4.495,3.000,-0.4432,,-0.4432,-0.6992,없음
올리르바,님피아,91,31,5.000,3.000,-0.7265,,-0.7271,,먹다남은음식
올리르바,히트로토무,91,32,3.000,2.000,-0.5621,,-0.5621,,구애스카프
올리르바,거북왕,91,33,2.000,3.000,0.2079,,0.2079,-0.2676,없음
올리르바,대도각참,91,34,3.000,3.000,-0.2676,,-0.2676,,타입강화
올리르바,팬텀,91,35,2.000,2.000,-0.3288,,-0.3288,-0.4686,기합의띠
올리르바,마폭시,91,36,3.000,2.000,-0.4686,,-0.4686,-0.8977,기합의띠
올리르바,엠페르트,91,37,3.000,3.000,-0.2069,,-0.2069,,없음
올리르바,번치코,91,38,2.000,1.000,-0.4633,,-0.6644,-0.6644,생명의구슬
올리르바,대짱이,91,39,1.000,3.000,0.2401,,0.0068,-0.0342,자뭉열매
올리르바,라이츄,91,40,2.000,3.000,-0.1277,,-0.1277,-0.3288,구애스카프
올리르바,블래키,91,41,5.000,6.000,0.1098,,-0.2016,,먹다남은음식
올리르바,다크펫,91,42,3.000,2.000,-0.5621,,-0.5621,-0.5621,기합의띠
올리르바,더시마사리,91,43,4.000,13.000,0.9319,,0.8297,,먹다남은음식
올리르바,핫삼,91,44,5.000,2.000,-0.7626,,-0.7955,-0.7955,울퉁불퉁멧
올리르바,오롱털,91,45,3.000,3.000,-0.1331,,-0.1331,,없음
올리르바,픽시,91,46,4.000,4.000,-0.2421,,-0.5014,-0.5361,먹다남은음식
올리르바,카디나르마,91,47,2.000,2.000,-0.4686,,-0.4686,,기합의띠
올리르바,앱솔,91,48,2.000,2.000,-0.3288,,-0.3288,-0.3288,없음
올리르바,찌리배리,91,49,4.000,8.000,0.9298,,0.8915,,먹다남은음식
올리르바,맘모꾸리,91,50,2.000,2.000,-0.3288,,-0.3288,,기합의띠
올리르바,파라블레이즈,91,51,3.000,2.000,-0.4686,,-0.4686,,기합의띠
올리르바,패리퍼,91,52,3.000,2.000,-0.4740,,-0.4740,,없음
올리르바,찌르호크,91,53,3.000,2.000,-0.6839,,-0.6839,-0.7010,구애스카프
올리르바,대검귀,91,54,2.000,3.000,0.0068,,0.0068,,타입강화
올리르바,마기라스,91,55,2.000,2.000,-0.4686,,-0.4686,-0.4686,먹다남은음식
올리르바,이어롭,91,56,3.000,2.000,-0.3611,,-0.5023,-0.8042,자뭉열매
올리르바,플라엣테,91,57,4.000,3.000,-0.5712,,-0.5712,-0.7529,구애스카프
올리르바,배바닐라,91,58,3.000,2.000,-0.5621,,-0.5621,,타입강화
올리르바,드래펄트,91,59,3.000,3.000,-0.2676,,-0.3288,,생명의구슬
올리르바,입치트,91,60,2.000,4.000,0.2079,,0.2079,0.0068,기합의띠
올리르바,메가니움,91,61,4.000,8.000,0.7902,,0.7902,-0.1763,기합의띠
올리르바,메타몽,91,62,2.000,5.000,0.5435,,0.5435,,구애스카프
올리르바,이상해꽃,91,63,4.000,3.000,-0.6380,,-0.7139,-0.7248,생명의구슬
올리르바,밀로틱,91,64,3.000,4.000,0.1219,,0.0136,,먹다남은음식
올리르바,스코빌런,91,65,3.000,2.000,-0.5356,,-0.5621,-0.6966,먹다남은음식
올리르바,아쿠스타,91,66,2.000,3.000,0.0068,,0.0068,0.0068,기합의띠
올리르바,몰드류,91,67,2.000,3.000,-0.1331,,-0.1331,-0.2676,구애스카프
올리르바,조로아크(히스이),91,68,3.000,2.000,-0.4686,,-0.4686,,기합의띠
올리르바,미끄래곤(히스이),91,69,3.000,3.000,-0.3679,,-0.4623,,먹다남은음식
올리르바,잠만보,91,70,5.000,3.000,-0.3170,,-0.7208,,먹다남은음식
올리르바,무장조,91,71,6.000,2.000,-0.7540,,-0.7540,-0.8068,자뭉열매
올리르바,클레스퍼트라,91,72,3.000,4.000,0.2076,,0.2076,,기합의띠
올리르바,창파나이트,91,73,2.000,1.000,-0.8042,,-0.8042,,없음
올리르바,우츠보트,91,74,3.000,2.000,-0.3611,,-0.3611,-0.7955,기합의띠
올리르바,가라르야도킹,91,75,4.000,2.000,-0.0292,,-0.1699,,먹다남은음식
올리르바,깜까미,91,76,2.000,5.000,0.5093,,0.5093,0.6383,없음
올리르바,엘풍,91,77,3.000,4.000,0.4008,,0.4008,,기합의띠
올리르바,저승갓숭,91,78,3.000,2.000,-0.7014,,-0.7998,,먹다남은음식
올리르바,스트린더(하이),91,79,1.000,2.000,-0.0955,,-0.3288,,풍선
올리르바,샤미드,91,80,3.000,4.000,-0.0651,,-0.1717,,먹다남은음식
올리르바,사마자르,91,81,3.000,2.000,-0.5621,,-0.5621,,기합의띠
올리르바,인텔리레온,91,82,2.000,3.000,0.0068,,0.0068,,없음
올리르바,깨비물거미,91,83,4.000,3.000,-0.4902,,-0.7252,,자뭉열매
올리르바,가디안,91,84,3.000,3.000,-0.3679,,-0.3679,-0.5023,기합의띠
올리르바,왕구리,91,85,2.000,3.000,0.2079,,0.2079,,없음
올리르바,엘레이드,91,86,3.000,2.000,-0.5669,,-0.6017,-0.6968,생명의구슬
올리르바,브리무음,91,87,3.000,3.000,0.2588,,0.2588,,기합의띠
올리르바,눈여아,91,88,3.000,2.000,-0.5621,,-0.5621,-0.7020,기합의띠
올리르바,어흥염,91,89,3.000,2.000,-0.5990,,-0.6972,,자뭉열매
올리르바,마릴리,91,90,2.000,3.000,-0.2533,,-0.4273,,자뭉열매
올리르바,스트린더(로우),91,92,1.000,2.000,-0.0955,,-0.3288,,풍선
올리르바,펜드라,91,93,3.000,2.000,-0.5178,,-0.5178,-0.7701,기합의띠
올리르바,화염레오,91,94,2.000,2.000,-0.3288,,-0.3288,-0.6031,기합의띠
올리르바,윈디(히스이),91,95,2.000,2.000,-0.3683,,-0.4583,,기합의띠
올리르바,캥카,91,96,3.000,3.000,-0.4815,,-0.6711,-0.6856,타입강화
올리르바,꿈트렁,91,97,4.000,3.000,-0.7350,,-0.7363,,자뭉열매
올리르바,에써르(암컷),91,98,3.000,4.000,-0.1891,,-0.1891,,없음
올리르바,후딘,91,99,3.000,2.000,-0.5621,,-0.5621,,기합의띠
올리르바,드래캄,91,100,3.000,2.000,-0.5621,,-0.6031,-0.6966,생명의구슬
스트린더(로우),보만다,92,1,4.000,1.000,-0.8977,,-0.8977,-0.8977,구애스카프
스트린더(로우),한카리아스,92,2,3.000,1.000,-0.8977,,-0.8977,-0.8977,구애스카프
스트린더(로우),누리레느,92,3,2.000,3.000,0.4735,,0.4453,,자뭉열매
스트린더(로우),갑주무사,92,4,2.000,1.000,-0.1977,,-0.1977,-0.6644,생명의구슬
스트린더(로우),하마돈,92,5,3.000,1.000,-0.5167,,-0.7501,,자뭉열매
스트린더(로우),루카리오,92,6,3.000,3.000,-0.2267,,-0.2267,-0.5621,기합의띠
스트린더(로우),드닐레이브,92,7,3.000,1.000,-0.8977,,-0.8977,-0.8977,기합의띠
스트린더(로우),브리두라스,92,8,5.000,2.000,-0.7955,,-0.7955,,자뭉열매
스트린더(로우),타부자고,92,9,4.000,3.000,-0.6109,,-0.6109,,풍선
스트린더(로우),따라큐,92,10,3.000,4.000,-0.1724,,-0.2267,,생명의구슬
스트린더(로우),고릴타,92,11,2.000,1.000,-0.6644,,-0.6644,,생명의구슬
스트린더(로우),킬가르도,92,12,4.000,2.000,-0.3288,,-0.5621,,먹다남은음식
스트린더(로우),마스카나,92,13,2.000,2.000,-0.3288,,-0.3288,,구애스카프
스트린더(로우),갸라도스,92,14,1.000,1.000,-0.4311,,-0.4311,-0.6644,울퉁불퉁멧
스트린더(로우),아머까오,92,15,3.000,6.000,0.9779,,0.9065,,울퉁불퉁멧
스트린더(로우),킬라플로르,92,16,3.000,1.000,-0.8977,,-0.8977,-0.8977,기합의띠
스트린더(로우),대쓰여너,92,17,2.000,2.000,-0.3288,,-0.3288,,구애스카프
스트린더(로우),리자몽,92,18,2.000,2.000,-0.2530,,-0.2530,-0.3815,구애스카프
스트린더(로우),포푸니크,92,19,2.000,4.000,0.3424,,0.3424,,없음
스트린더(로우),개굴닌자,92,20,2.000,2.000,-0.3288,,-0.3288,-0.6644,기합의띠
스트린더(로우),에이스번,92,21,3.000,2.000,-0.5621,,-0.5621,,구애스카프
스트린더(로우),알로라 나인테일,92,22,2.000,3.000,0.0068,,0.0068,,없음
스트린더(로우),에써르(수컷),92,23,3.000,2.000,-0.5621,,-0.5621,,구애스카프
스트린더(로우),워시로토무,92,24,3.000,2.000,-0.5621,,-0.5621,,먹다남은음식
스트린더(로우),불카모스,92,25,4.000,2.000,-0.5023,,-0.7371,,자뭉열매
스트린더(로우),빠르모트,92,26,2.000,4.000,0.3424,,0.3424,,기합의띠
스트린더(로우),라우드본,92,27,5.000,2.000,-0.5558,,-0.7891,,자뭉열매
스트린더(로우),삼삼드래,92,28,3.000,1.000,-0.8977,,-0.8977,,구애스카프
스트린더(로우),메타그로스,92,29,3.000,1.000,-0.4311,,-0.4311,-0.8977,생명의구슬
스트린더(로우),망나뇽,92,30,4.495,1.000,-0.8977,,-0.8977,-0.8977,없음
스트린더(로우),님피아,92,31,3.000,3.000,0.5449,,0.5449,,먹다남은음식
스트린더(로우),히트로토무,92,32,3.000,2.000,-0.5621,,-0.5621,,구애스카프
스트린더(로우),거북왕,92,33,2.000,2.000,-0.3288,,-0.3288,-0.3288,없음
스트린더(로우),대도각참,92,34,4.000,3.000,0.0043,,-0.3288,,타입강화
스트린더(로우),팬텀,92,35,2.000,3.000,0.0068,,0.0068,-0.5621,기합의띠
스트린더(로우),마폭시,92,36,3.000,2.000,-0.5621,,-0.5621,-0.8977,기합의띠
스트린더(로우),엠페르트,92,37,2.000,2.000,0.1497,,0.1497,,없음
스트린더(로우),번치코,92,38,3.000,1.000,-0.8977,,-0.6644,-0.8977,생명의구슬
스트린더(로우),대짱이,92,39,3.000,1.000,-0.4311,,-0.6644,-0.6644,자뭉열매
스트린더(로우),라이츄,92,40,3.000,4.000,0.0314,,0.0314,-0.2267,구애스카프
스트린더(로우),블래키,92,41,5.000,4.000,0.2471,,-0.0386,,먹다남은음식
스트린더(로우),다크펫,92,42,3.000,2.000,-0.0955,,-0.0955,-0.3288,기합의띠
스트린더(로우),더시마사리,92,43,3.000,5.000,0.9065,,0.9065,,먹다남은음식
스트린더(로우),핫삼,92,44,4.000,5.000,0.5915,,0.4497,0.0466,울퉁불퉁멧
스트린더(로우),오롱털,92,45,2.000,3.000,0.4735,,0.4735,,없음
스트린더(로우),픽시,92,46,2.000,6.000,0.9798,,0.9521,0.7492,먹다남은음식
스트린더(로우),카디나르마,92,47,3.000,2.000,-0.3288,,-0.3288,,기합의띠
스트린더(로우),앱솔,92,48,2.000,2.000,-0.0955,,-0.0955,-0.5621,없음
스트린더(로우),찌리배리,92,49,4.000,2.000,-0.0023,,-0.2378,,먹다남은음식
스트린더(로우),맘모꾸리,92,50,3.000,1.000,-0.8977,,-0.8977,,기합의띠
스트린더(로우),파라블레이즈,92,51,4.000,2.000,-0.7955,,-0.7955,,기합의띠
스트린더(로우),패리퍼,92,52,1.000,3.000,0.7068,,0.7068,,없음
스트린더(로우),찌르호크,92,53,2.000,3.000,-0.0547,,-0.0547,0.0883,구애스카프
스트린더(로우),대검귀,92,54,2.000,3.000,0.0068,,0.0068,,타입강화
스트린더(로우),마기라스,92,55,4.000,1.000,-0.6644,,-0.8977,-0.6644,먹다남은음식
스트린더(로우),이어롭,92,56,3.000,2.000,-0.5621,,-0.5621,-0.5621,자뭉열매
스트린더(로우),플라엣테,92,57,2.000,2.000,-0.2837,,-0.2837,-0.4319,구애스카프
스트린더(로우),배바닐라,92,58,3.000,2.000,-0.5621,,-0.5621,,타입강화
스트린더(로우),드래펄트,92,59,5.000,2.000,-0.7955,,-0.7955,,생명의구슬
스트린더(로우),입치트,92,60,2.000,3.000,0.4735,,0.4735,-0.0955,기합의띠
스트린더(로우),메가니움,92,61,2.000,2.000,-0.3288,,-0.3288,-0.5942,기합의띠
스트린더(로우),메타몽,92,62,2.000,3.000,0.4735,,0.0068,,구애스카프
스트린더(로우),이상해꽃,92,63,4.000,2.000,-0.8312,,-0.8977,-0.8312,생명의구슬
스트린더(로우),밀로틱,92,64,3.000,4.000,0.1060,,-0.1643,,먹다남은음식
스트린더(로우),스코빌런,92,65,2.000,2.000,-0.0293,,-0.0293,-0.0955,먹다남은음식
스트린더(로우),아쿠스타,92,66,2.000,2.000,-0.3288,,-0.3288,-0.3288,기합의띠
스트린더(로우),몰드류,92,67,5.000,1.000,-0.8977,,-0.8977,-0.8977,구애스카프
스트린더(로우),조로아크(히스이),92,68,2.000,3.000,0.0068,,0.0068,,기합의띠
스트린더(로우),미끄래곤(히스이),92,69,8.000,2.000,-0.7955,,-0.7955,,먹다남은음식
스트린더(로우),잠만보,92,70,5.000,1.000,-0.8977,,-0.8977,,먹다남은음식
스트린더(로우),무장조,92,71,2.000,2.000,0.1379,,-0.0312,-0.5903,자뭉열매
스트린더(로우),클레스퍼트라,92,72,3.000,2.000,-0.5621,,-0.5621,,기합의띠
스트린더(로우),창파나이트,92,73,3.000,3.000,0.2400,,0.2400,,없음
스트린더(로우),우츠보트,92,74,3.000,6.000,0.9932,,0.9932,0.9065,기합의띠
스트린더(로우),가라르야도킹,92,75,4.000,2.000,-0.4838,,-0.6389,,먹다남은음식
스트린더(로우),깜까미,92,76,3.000,4.000,0.3846,,0.3846,0.1498,없음
스트린더(로우),엘풍,92,77,1.000,6.000,1.0000,,1.0000,,기합의띠
스트린더(로우),저승갓숭,92,78,4.000,4.000,-0.1352,,-0.1639,,먹다남은음식
스트린더(로우),스트린더(하이),92,79,2.000,2.000,-0.0955,,-0.0955,,풍선
스트린더(로우),샤미드,92,80,3.000,4.000,0.5609,,0.2950,,먹다남은음식
스트린더(로우),사마자르,92,81,3.000,3.000,-0.2267,,-0.2267,,기합의띠
스트린더(로우),인텔리레온,92,82,2.000,3.000,0.0068,,0.0068,,없음
스트린더(로우),깨비물거미,92,83,2.000,4.000,0.7377,,0.5732,,자뭉열매
스트린더(로우),가디안,92,84,2.000,2.000,-0.3288,,-0.3288,-0.6644,기합의띠
스트린더(로우),왕구리,92,85,2.000,1.000,-0.1977,,-0.1977,,없음
스트린더(로우),엘레이드,92,86,3.000,1.000,-0.8977,,-0.8977,-0.8977,생명의구슬
스트린더(로우),브리무음,92,87,2.000,2.000,-0.0299,,-0.0299,,기합의띠
스트린더(로우),눈여아,92,88,3.000,3.000,-0.2267,,-0.2267,-0.5621,기합의띠
스트린더(로우),어흥염,92,89,3.000,2.000,-0.1192,,-0.3288,,자뭉열매
스트린더(로우),마릴리,92,90,2.000,4.000,0.8090,,0.8090,,자뭉열매
스트린더(로우),올리르바,92,91,2.000,1.000,-0.1977,,-0.1977,,기합의띠
스트린더(로우),펜드라,92,93,2.000,1.000,-0.7870,,-0.7870,-0.4311,기합의띠
스트린더(로우),화염레오,92,94,3.000,2.000,-0.5621,,-0.5621,-0.8977,기합의띠
스트린더(로우),윈디(히스이),92,95,3.000,2.000,-0.5708,,-0.5708,,기합의띠
스트린더(로우),캥카,92,96,3.000,1.000,-0.8977,,-0.8977,-0.8977,타입강화
스트린더(로우),꿈트렁,92,97,3.000,1.000,-0.4135,,-0.4257,,자뭉열매
스트린더(로우),에써르(암컷),92,98,3.000,2.000,-0.5621,,-0.5621,,없음
스트린더(로우),후딘,92,99,3.000,1.000,-0.8977,,-0.8977,,기합의띠
스트린더(로우),드래캄,92,100,3.000,2.000,-0.0955,,-0.0955,-0.3288,생명의구슬
펜드라,보만다,93,1,5.000,2.000,-0.3415,-0.3822,-0.7307,-0.8601,구애스카프
펜드라,한카리아스,93,2,4.000,2.000,-0.4514,-0.3052,-0.7955,-0.5621,구애스카프
펜드라,누리레느,93,3,2.000,3.000,0.4308,0.7133,0.3334,,자뭉열매
펜드라,갑주무사,93,4,4.000,5.000,0.6645,0.9723,0.4053,-0.3202,생명의구슬
펜드라,하마돈,93,5,6.000,3.000,-0.1014,0.4694,-0.3058,,자뭉열매
펜드라,루카리오,93,6,2.000,2.000,0.1379,-0.3288,0.1379,-0.5537,기합의띠
펜드라,드닐레이브,93,7,3.000,2.000,-0.0955,-0.2267,-0.0955,-0.3288,기합의띠
펜드라,브리두라스,93,8,3.000,2.000,-0.0955,-0.5621,-0.3288,,자뭉열매
펜드라,타부자고,93,9,3.000,2.000,-0.0024,-0.2584,-0.2365,,풍선
펜드라,따라큐,93,10,2.000,4.000,0.8020,0.8586,0.4865,,생명의구슬
펜드라,고릴타,93,11,2.000,4.000,0.8090,0.9579,0.4735,,생명의구슬
펜드라,킬가르도,93,12,3.000,2.000,-0.0955,0.0152,-0.2181,,먹다남은음식
펜드라,마스카나,93,13,1.000,3.000,0.0809,0.4165,0.0809,,구애스카프
펜드라,갸라도스,93,14,4.000,3.000,0.1614,0.1066,-0.0711,0.3507,울퉁불퉁멧
펜드라,아머까오,93,15,10.000,2.000,-0.7955,-0.6998,-0.7955,,울퉁불퉁멧
펜드라,킬라플로르,93,16,2.000,2.000,0.2486,-0.0955,0.1379,-0.1977,기합의띠
펜드라,대쓰여너,93,17,5.000,2.000,-0.4514,-0.7955,-0.7955,,구애스카프
펜드라,리자몽,93,18,2.000,1.000,-0.1219,-0.3664,-0.5886,-0.1977,구애스카프
펜드라,포푸니크,93,19,2.000,3.000,-0.1524,0.1832,-0.1524,,없음
펜드라,개굴닌자,93,20,2.000,2.000,-0.3288,0.0068,-0.3288,-0.3288,기합의띠
펜드라,에이스번,93,21,2.000,1.000,-0.6644,-0.3288,-0.6644,,구애스카프
펜드라,알로라 나인테일,93,22,1.000,3.000,0.5841,0.2401,0.5841,,없음
펜드라,에써르(수컷),93,23,2.000,2.000,0.1379,-0.0955,-0.3288,,구애스카프
펜드라,워시로토무,93,24,3.000,2.000,-0.0955,0.0068,-0.0955,,먹다남은음식
펜드라,불카모스,93,25,2.000,2.000,0.0740,-0.2353,0.0006,,자뭉열매
펜드라,빠르모트,93,26,2.000,2.000,0.1379,0.0068,0.1379,,기합의띠
펜드라,라우드본,93,27,4.000,2.000,-0.3338,-0.5645,-0.5617,,자뭉열매
펜드라,삼삼드래,93,28,2.000,2.000,0.1379,-0.3288,-0.3288,,구애스카프
펜드라,메타그로스,93,29,3.000,2.000,-0.0955,-0.4514,-0.4311,-0.0955,생명의구슬
펜드라,망나뇽,93,30,4.495,2.000,-0.1989,-0.4530,-0.1989,-0.3936,없음
펜드라,님피아,93,31,2.000,3.000,0.4597,0.7800,0.4282,,먹다남은음식
펜드라,히트로토무,93,32,3.000,1.000,-0.4311,-0.4880,-0.8977,,구애스카프
펜드라,거북왕,93,33,3.000,2.000,-0.0955,-0.2751,-0.0955,-0.0955,없음
펜드라,대도각참,93,34,3.000,3.000,0.2400,0.3557,0.0808,,타입강화
펜드라,팬텀,93,35,2.000,3.000,0.4735,0.0068,0.4735,-0.3288,기합의띠
펜드라,마폭시,93,36,2.000,1.000,-0.1977,-0.6644,-0.1977,-0.7870,기합의띠
펜드라,엠페르트,93,37,3.000,2.000,0.0365,0.4667,0.0365,,없음
펜드라,번치코,93,38,2.000,1.000,-0.1977,-0.3288,-0.1977,-0.3204,생명의구슬
펜드라,대짱이,93,39,4.000,2.000,-0.0711,0.1987,-0.3057,-0.4514,자뭉열매
펜드라,라이츄,93,40,2.000,2.000,0.3142,0.0068,-0.1524,-0.3288,구애스카프
펜드라,블래키,93,41,3.000,5.000,0.8926,0.9406,0.8337,,먹다남은음식
펜드라,다크펫,93,42,4.000,3.000,0.0395,-0.0515,0.0395,-0.3288,기합의띠
펜드라,더시마사리,93,43,4.000,6.000,0.8859,0.9932,0.8680,,먹다남은음식
펜드라,핫삼,93,44,6.000,2.000,-0.6492,-0.6492,-0.6492,-0.7484,울퉁불퉁멧
펜드라,오롱털,93,45,2.000,3.000,0.5841,0.8090,0.5841,,없음
펜드라,픽시,93,46,2.000,3.000,0.4379,0.6559,0.4379,0.2956,먹다남은음식
펜드라,카디나르마,93,47,3.000,1.000,-0.4311,-0.4880,-0.4311,,기합의띠
펜드라,앱솔,93,48,2.000,2.000,0.1379,0.1175,0.1379,-0.5621,없음
펜드라,찌리배리,93,49,4.000,4.000,0.4670,0.7419,0.4228,,먹다남은음식
펜드라,맘모꾸리,93,50,4.000,2.000,-0.3288,-0.2680,-0.3288,,기합의띠
펜드라,파라블레이즈,93,51,2.000,2.000,0.1379,-0.3288,0.1379,,기합의띠
펜드라,패리퍼,93,52,3.000,2.000,-0.2489,-0.3660,-0.2489,,없음
펜드라,찌르호크,93,53,4.000,2.000,-0.4477,-0.6623,-0.8142,-0.3475,구애스카프
펜드라,대검귀,93,54,2.000,4.000,0.6498,0.5188,0.4735,,타입강화
펜드라,마기라스,93,55,3.000,1.000,-0.1440,0.1379,-0.2547,-0.4311,먹다남은음식
펜드라,이어롭,93,56,2.000,2.000,0.1915,0.0068,0.0808,-0.5621,자뭉열매
펜드라,플라엣테,93,57,2.000,2.000,0.4164,-0.0014,-0.0503,0.1379,구애스카프
펜드라,배바닐라,93,58,3.000,2.000,0.0152,0.0068,0.0152,,타입강화
펜드라,드래펄트,93,59,4.000,2.000,-0.7955,-0.6848,-0.7955,,생명의구슬
펜드라,입치트,93,60,3.000,3.000,0.2400,0.5883,0.2400,0.0808,기합의띠
펜드라,메가니움,93,61,2.000,4.000,0.7987,0.7286,0.7987,0.6964,기합의띠
펜드라,메타몽,93,62,2.000,4.000,0.8090,0.8628,0.8090,,구애스카프
펜드라,이상해꽃,93,63,3.000,5.000,0.8080,0.8110,0.6094,0.5642,생명의구슬
펜드라,밀로틱,93,64,4.000,4.000,0.5243,0.4393,0.4817,,먹다남은음식
펜드라,스코빌런,93,65,1.000,1.000,-0.0523,-0.1406,-0.0523,-0.1664,먹다남은음식
펜드라,아쿠스타,93,66,2.000,2.000,-0.3288,0.0068,-0.3288,-0.3288,기합의띠
펜드라,몰드류,93,67,2.000,2.000,0.3142,0.0068,-0.1524,-0.0955,구애스카프
펜드라,조로아크(히스이),93,68,3.000,2.000,-0.0955,-0.5621,-0.0955,,기합의띠
펜드라,미끄래곤(히스이),93,69,3.000,2.000,-0.0955,0.3142,-0.0955,,먹다남은음식
펜드라,잠만보,93,70,3.000,2.000,-0.0338,0.2400,-0.1962,,먹다남은음식
펜드라,무장조,93,71,9.000,2.000,-0.7955,-0.7261,-0.7955,-0.8236,자뭉열매
펜드라,클레스퍼트라,93,72,2.000,2.000,0.1379,-0.3288,0.1379,,기합의띠
펜드라,창파나이트,93,73,3.000,2.000,-0.0955,-0.3288,-0.0955,,없음
펜드라,우츠보트,93,74,3.000,6.000,0.9521,1.0000,0.9521,0.7484,기합의띠
펜드라,가라르야도킹,93,75,3.000,2.000,-0.1398,0.1000,-0.2505,,먹다남은음식
펜드라,깜까미,93,76,3.000,4.000,0.5842,0.9180,0.5842,0.3215,없음
펜드라,엘풍,93,77,1.000,6.000,0.9579,1.0000,0.8472,,기합의띠
펜드라,저승갓숭,93,78,5.000,3.000,-0.1111,-0.1269,-0.3379,,먹다남은음식
펜드라,스트린더(하이),93,79,1.000,2.000,0.5476,0.2401,0.3142,,풍선
펜드라,샤미드,93,80,4.000,3.000,0.3193,0.2284,0.3193,,먹다남은음식
펜드라,사마자르,93,81,3.000,2.000,-0.0955,-0.2751,-0.0955,,기합의띠
펜드라,인텔리레온,93,82,2.000,2.000,-0.3288,0.0068,-0.3288,,없음
펜드라,깨비물거미,93,83,3.000,4.000,0.6263,0.8905,0.6101,,자뭉열매
펜드라,가디안,93,84,1.000,2.000,0.2120,-0.0955,-0.0213,0.0356,기합의띠
펜드라,왕구리,93,85,3.000,2.000,-0.0955,0.0068,-0.0955,,없음
펜드라,엘레이드,93,86,2.000,2.000,0.1337,-0.1471,0.1379,-0.0955,생명의구슬
펜드라,브리무음,93,87,2.000,2.000,0.0340,0.3712,-0.0213,,기합의띠
펜드라,눈여아,93,88,3.000,3.000,0.2400,0.0068,0.2400,-0.5621,기합의띠
펜드라,어흥염,93,89,4.000,1.000,-0.6465,-0.1079,-0.7804,,자뭉열매
펜드라,마릴리,93,90,2.000,5.000,0.8628,1.0000,0.8628,,자뭉열매
펜드라,올리르바,93,91,2.000,3.000,0.4097,0.6727,0.4097,,기합의띠
펜드라,스트린더(로우),93,92,1.000,2.000,0.5476,0.2401,0.3142,,풍선
펜드라,화염레오,93,94,2.000,1.000,-0.1977,-0.4880,-0.1977,-0.8977,기합의띠
펜드라,윈디(히스이),93,95,2.000,1.000,-0.0846,-0.2574,-0.1912,,기합의띠
펜드라,캥카,93,96,3.000,2.000,-0.0682,-0.1060,-0.0955,-0.1144,타입강화
펜드라,꿈트렁,93,97,9.000,3.000,-0.7000,-0.5397,-0.7000,,자뭉열매
펜드라,에써르(암컷),93,98,2.000,2.000,0.1379,-0.2181,0.1379,,없음
펜드라,후딘,93,99,2.000,1.000,-0.3773,-0.0955,-0.4880,,기합의띠
펜드라,드래캄,93,100,2.000,2.000,0.1379,0.1379,-0.0213,-0.1440,생명의구슬
화염레오,보만다,94,1,4.000,2.000,-0.0256,-0.0256,-0.4922,-0.7256,구애스카프
화염레오,한카리아스,94,2,3.000,1.000,-0.4311,-0.0955,-0.8977,-0.5621,구애스카프
화염레오,누리레느,94,3,4.000,2.000,-0.3288,-0.1236,-0.3569,,자뭉열매
화염레오,갑주무사,94,4,2.000,2.000,0.0714,0.1379,-0.1022,0.3712,생명의구슬
화염레오,하마돈,94,5,3.000,2.000,0.0522,0.0522,-0.1812,,자뭉열매
화염레오,루카리오,94,6,1.000,1.000,0.0356,0.0356,-0.1977,-0.4311,기합의띠
화염레오,드닐레이브,94,7,3.000,2.000,-0.0955,0.1379,-0.0955,-0.0955,기합의띠
화염레오,브리두라스,94,8,2.000,2.000,0.1379,0.1379,-0.0955,,자뭉열매
화염레오,타부자고,94,9,2.000,2.000,0.2103,0.2103,0.2103,,풍선
화염레오,따라큐,94,10,2.000,3.000,0.4561,0.4983,0.1627,,생명의구슬
화염레오,고릴타,94,11,1.000,2.000,0.3712,0.3712,0.0356,,생명의구슬
화염레오,킬가르도,94,12,2.000,2.000,0.1379,0.1379,0.1379,,먹다남은음식
화염레오,마스카나,94,13,1.000,3.000,0.2401,0.8090,0.2401,,구애스카프
화염레오,갸라도스,94,14,4.000,2.000,-0.3288,-0.0955,-0.3288,-0.3288,울퉁불퉁멧
화염레오,아머까오,94,15,2.000,3.000,0.4735,0.8090,0.4735,,울퉁불퉁멧
화염레오,킬라플로르,94,16,2.000,2.000,0.1379,0.1379,0.1379,-0.1977,기합의띠
화염레오,대쓰여너,94,17,3.000,1.000,-0.4311,-0.4311,-0.8977,,구애스카프
화염레오,리자몽,94,18,3.000,3.000,0.2541,0.5796,-0.2125,0.0106,구애스카프
화염레오,포푸니크,94,19,2.000,1.000,-0.6644,-0.1977,-0.6644,,없음
화염레오,개굴닌자,94,20,3.000,1.000,-0.8977,0.1379,-0.8977,-0.8977,기합의띠
화염레오,에이스번,94,21,3.000,1.000,-0.8977,-0.4311,-0.8977,,구애스카프
화염레오,알로라 나인테일,94,22,1.000,5.000,0.9113,1.0000,0.9113,,없음
화염레오,에써르(수컷),94,23,2.000,3.000,0.4735,0.4735,0.0068,,구애스카프
화염레오,워시로토무,94,24,3.000,1.000,-0.4311,-0.0955,-0.4311,,먹다남은음식
화염레오,불카모스,94,25,3.000,4.000,0.5755,0.8681,0.4132,,자뭉열매
화염레오,빠르모트,94,26,2.000,1.000,-0.1977,0.1379,-0.1977,,기합의띠
화염레오,라우드본,94,27,4.000,3.000,-0.0005,0.2400,-0.2247,,자뭉열매
화염레오,삼삼드래,94,28,3.000,2.000,-0.0955,-0.0955,-0.5621,,구애스카프
화염레오,메타그로스,94,29,1.000,2.000,0.3712,0.3712,0.3712,-0.3288,생명의구슬
화염레오,망나뇽,94,30,4.495,2.000,-0.3952,-0.1607,-0.3952,-0.5644,없음
화염레오,님피아,94,31,4.000,3.000,0.2849,0.2849,0.0243,,먹다남은음식
화염레오,히트로토무,94,32,3.000,3.000,0.2400,0.2400,-0.2267,,구애스카프
화염레오,거북왕,94,33,3.000,1.000,-0.4311,-0.4311,-0.4311,-0.6644,없음
화염레오,대도각참,94,34,1.000,2.000,0.3712,0.7068,0.3712,,타입강화
화염레오,팬텀,94,35,2.000,2.000,-0.3288,0.1379,-0.3288,-0.6644,기합의띠
화염레오,마폭시,94,36,3.000,3.000,0.2400,0.2400,0.2400,-0.5621,기합의띠
화염레오,엠페르트,94,37,3.000,1.000,-0.3922,0.1108,-0.3922,,없음
화염레오,번치코,94,38,3.000,1.000,-0.4311,-0.1977,-0.1977,-0.4311,생명의구슬
화염레오,대짱이,94,39,3.000,1.000,-0.4311,-0.0955,-0.6644,-0.6644,자뭉열매
화염레오,라이츄,94,40,2.000,2.000,-0.3288,0.1379,-0.3288,-0.3288,구애스카프
화염레오,블래키,94,41,4.000,5.000,0.5965,0.8379,0.2970,,먹다남은음식
화염레오,다크펫,94,42,2.000,3.000,0.4735,0.8090,0.4735,0.4735,기합의띠
화염레오,더시마사리,94,43,5.000,3.000,-0.2313,0.0043,-0.2313,,먹다남은음식
화염레오,핫삼,94,44,1.000,2.000,0.3712,0.5641,0.3712,0.3712,울퉁불퉁멧
화염레오,오롱털,94,45,2.000,3.000,0.4735,0.4735,0.4735,,없음
화염레오,픽시,94,46,3.000,7.000,0.9840,0.9939,0.8926,0.7652,먹다남은음식
화염레오,카디나르마,94,47,3.000,2.000,-0.0955,0.1379,-0.0955,,기합의띠
화염레오,앱솔,94,48,2.000,2.000,0.1379,0.1379,0.1379,-0.3288,없음
화염레오,찌리배리,94,49,3.000,4.000,0.5513,0.5667,0.2986,,먹다남은음식
화염레오,맘모꾸리,94,50,2.000,1.000,-0.1977,0.1379,-0.1977,,기합의띠
화염레오,파라블레이즈,94,51,3.000,2.000,-0.0955,-0.0955,-0.0955,,기합의띠
화염레오,패리퍼,94,52,3.000,2.000,-0.0955,0.1007,-0.0955,,없음
화염레오,찌르호크,94,53,3.000,2.000,-0.0528,0.4120,-0.5194,-0.5809,구애스카프
화염레오,대검귀,94,54,3.000,2.000,-0.0955,-0.0955,-0.0955,,타입강화
화염레오,마기라스,94,55,4.000,1.000,-0.6644,-0.0955,-0.6644,-0.6644,먹다남은음식
화염레오,이어롭,94,56,2.000,2.000,0.1379,0.1379,-0.0955,-0.6644,자뭉열매
화염레오,플라엣테,94,57,3.000,4.000,0.2677,0.7205,-0.1990,0.2677,구애스카프
화염레오,배바닐라,94,58,1.000,4.000,0.8090,0.9113,0.8090,,타입강화
화염레오,드래펄트,94,59,3.000,2.000,-0.5621,-0.3288,-0.3288,,생명의구슬
화염레오,입치트,94,60,1.000,3.000,0.7068,0.7068,0.4735,0.7068,기합의띠
화염레오,메가니움,94,61,2.000,3.000,0.4735,0.7783,0.4735,0.3724,기합의띠
화염레오,메타몽,94,62,2.000,4.000,0.8090,0.8090,0.8090,,구애스카프
화염레오,이상해꽃,94,63,2.000,3.000,0.3562,0.7733,0.4377,-0.0306,생명의구슬
화염레오,밀로틱,94,64,5.000,2.000,-0.5608,-0.2319,-0.7942,,먹다남은음식
화염레오,스코빌런,94,65,2.000,4.000,0.8090,0.8823,0.8090,0.7139,먹다남은음식
화염레오,아쿠스타,94,66,2.000,2.000,-0.3288,0.1379,-0.3288,-0.5621,기합의띠
화염레오,몰드류,94,67,1.000,1.000,0.0356,0.3712,-0.4311,0.0356,구애스카프
화염레오,조로아크(히스이),94,68,2.000,2.000,-0.3288,0.1379,-0.3288,,기합의띠
화염레오,미끄래곤(히스이),94,69,3.000,2.000,-0.0955,-0.0955,-0.3288,,먹다남은음식
화염레오,잠만보,94,70,5.000,2.000,-0.6688,-0.2843,-0.7955,,먹다남은음식
화염레오,무장조,94,71,2.000,3.000,0.3810,0.4735,0.3810,-0.0214,자뭉열매
화염레오,클레스퍼트라,94,72,2.000,3.000,0.4735,0.8090,0.4735,,기합의띠
화염레오,창파나이트,94,73,2.000,1.000,-0.1977,-0.1977,-0.1977,,없음
화염레오,우츠보트,94,74,1.000,3.000,0.7068,0.8090,0.4735,0.4735,기합의띠
화염레오,가라르야도킹,94,75,3.000,3.000,0.2817,0.4614,0.2817,,먹다남은음식
화염레오,깜까미,94,76,2.000,4.000,0.6635,0.8534,0.6635,0.5168,없음
화염레오,엘풍,94,77,1.000,6.000,1.0000,1.0000,1.0000,,기합의띠
화염레오,저승갓숭,94,78,3.000,1.000,-0.4311,-0.0707,-0.4311,,먹다남은음식
화염레오,스트린더(하이),94,79,2.000,3.000,0.4735,0.7068,0.2400,,풍선
화염레오,샤미드,94,80,5.000,2.000,-0.5334,-0.5334,-0.7667,,먹다남은음식
화염레오,사마자르,94,81,2.000,2.000,0.1379,0.1379,0.1379,,기합의띠
화염레오,인텔리레온,94,82,3.000,2.000,-0.5621,0.1379,-0.5621,,없음
화염레오,깨비물거미,94,83,3.000,2.000,-0.0955,0.0060,-0.1661,,자뭉열매
화염레오,가디안,94,84,3.000,3.000,0.2400,0.4735,0.2400,-0.0955,기합의띠
화염레오,왕구리,94,85,4.000,2.000,-0.3288,-0.0955,-0.3288,,없음
화염레오,엘레이드,94,86,3.000,2.000,-0.0955,0.1300,-0.2056,-0.8864,생명의구슬
화염레오,브리무음,94,87,2.000,3.000,0.1889,0.4735,0.1889,,기합의띠
화염레오,눈여아,94,88,1.000,5.000,0.9113,0.9113,0.6780,0.2401,기합의띠
화염레오,어흥염,94,89,3.000,2.000,-0.1192,-0.0955,-0.3288,,자뭉열매
화염레오,마릴리,94,90,3.000,3.000,0.0394,0.0394,-0.1939,,자뭉열매
화염레오,올리르바,94,91,2.000,2.000,0.1379,0.4325,0.1379,,기합의띠
화염레오,스트린더(로우),94,92,2.000,3.000,0.4735,0.7068,0.2400,,풍선
화염레오,펜드라,94,93,1.000,2.000,-0.0955,0.7068,-0.3288,0.2486,기합의띠
화염레오,윈디(히스이),94,95,2.000,1.000,-0.1852,-0.1852,-0.1852,,기합의띠
화염레오,캥카,94,96,3.000,2.000,0.1018,0.4373,0.1018,-0.0955,타입강화
화염레오,꿈트렁,94,97,1.000,2.000,0.3712,0.3888,0.3712,,자뭉열매
화염레오,에써르(암컷),94,98,2.000,3.000,0.4735,0.4735,0.4735,,없음
화염레오,후딘,94,99,2.000,2.000,-0.3288,0.1379,-0.3288,,기합의띠
화염레오,드래캄,94,100,3.000,2.000,-0.0955,-0.0955,-0.0955,-0.3288,생명의구슬
윈디(히스이),보만다,95,1,2.000,2.000,-0.4317,,-0.4317,-0.4317,구애스카프
윈디(히스이),한카리아스,95,2,2.000,1.000,-0.6731,,-0.6731,-0.6606,구애스카프
윈디(히스이),누리레느,95,3,2.000,1.000,-0.2064,,-0.2335,,자뭉열매
윈디(히스이),갑주무사,95,4,2.000,2.000,0.1379,,-0.0245,0.1314,생명의구슬
윈디(히스이),하마돈,95,5,4.000,1.000,-0.5240,,-0.7542,,자뭉열매
윈디(히스이),루카리오,95,6,1.000,2.000,-0.1939,,-0.4186,-0.4398,기합의띠
윈디(히스이),드닐레이브,95,7,1.000,1.000,0.0394,,-0.1852,-0.1977,기합의띠
윈디(히스이),브리두라스,95,8,2.000,2.000,0.1417,,-0.0918,,자뭉열매
윈디(히스이),타부자고,95,9,2.000,2.000,0.1405,,0.1405,,풍선
윈디(히스이),따라큐,95,10,2.000,3.000,0.0427,,0.0193,,생명의구슬
윈디(히스이),고릴타,95,11,2.000,1.000,-0.1852,,0.0269,,생명의구슬
윈디(히스이),킬가르도,95,12,2.000,2.000,0.1379,,0.1379,,먹다남은음식
윈디(히스이),마스카나,95,13,1.000,4.000,0.5795,,0.5795,,구애스카프
윈디(히스이),갸라도스,95,14,2.000,1.000,-0.1852,,-0.1977,-0.2064,울퉁불퉁멧
윈디(히스이),아머까오,95,15,2.000,4.000,0.8127,,0.4772,,울퉁불퉁멧
윈디(히스이),킬라플로르,95,16,2.000,1.000,-0.1939,,-0.1939,-0.6606,기합의띠
윈디(히스이),대쓰여너,95,17,2.000,1.000,-0.2064,,-0.6731,,구애스카프
윈디(히스이),리자몽,95,18,1.000,4.000,0.6619,,0.6619,0.3284,구애스카프
윈디(히스이),포푸니크,95,19,1.000,1.000,-0.4273,,-0.4273,,없음
윈디(히스이),개굴닌자,95,20,2.000,1.000,-0.6644,,-0.6644,-0.6644,기합의띠
윈디(히스이),에이스번,95,21,1.000,1.000,-0.4273,,-0.4273,,구애스카프
윈디(히스이),알로라 나인테일,95,22,1.000,6.000,1.0000,,1.0000,,없음
윈디(히스이),에써르(수컷),95,23,2.000,4.000,0.3549,,0.3549,,구애스카프
윈디(히스이),워시로토무,95,24,2.000,1.000,-0.2064,,-0.2064,,먹다남은음식
윈디(히스이),불카모스,95,25,1.000,5.000,0.7838,,0.7838,,자뭉열매
윈디(히스이),빠르모트,95,26,2.000,2.000,-0.3375,,-0.3375,,기합의띠
윈디(히스이),라우드본,95,27,2.000,2.000,0.1607,,0.1415,,자뭉열매
윈디(히스이),삼삼드래,95,28,2.000,1.000,-0.6606,,-0.6606,,구애스카프
윈디(히스이),메타그로스,95,29,2.000,1.000,-0.1852,,-0.1977,-0.6519,생명의구슬
윈디(히스이),망나뇽,95,30,2.495,1.000,-0.0259,,-0.0259,-0.4937,없음
윈디(히스이),님피아,95,31,2.000,4.000,0.7197,,0.5544,,먹다남은음식
윈디(히스이),히트로토무,95,32,1.000,3.000,0.7106,,0.2439,,구애스카프
윈디(히스이),거북왕,95,33,2.000,1.000,-0.2064,,-0.2064,-0.2064,없음
윈디(히스이),대도각참,95,34,1.000,3.000,0.7106,,0.6981,,타입강화
윈디(히스이),팬텀,95,35,2.000,2.000,-0.3288,,-0.3288,-0.3288,기합의띠
윈디(히스이),마폭시,95,36,1.000,3.000,0.2526,,0.0193,0.2401,기합의띠
윈디(히스이),엠페르트,95,37,2.000,1.000,-0.2310,,-0.2310,,없음
윈디(히스이),번치코,95,38,2.000,1.000,-0.1852,,-0.1977,-0.6606,생명의구슬
윈디(히스이),대짱이,95,39,4.000,1.000,-0.6731,,-0.8977,-0.6731,자뭉열매
윈디(히스이),라이츄,95,40,2.000,2.000,-0.3163,,-0.3163,-0.3288,구애스카프
윈디(히스이),블래키,95,41,3.000,5.000,0.9599,,0.9169,,먹다남은음식
윈디(히스이),다크펫,95,42,2.000,3.000,0.4859,,0.4859,0.1503,기합의띠
윈디(히스이),더시마사리,95,43,3.000,2.000,-0.0918,,-0.1005,,먹다남은음식
윈디(히스이),핫삼,95,44,1.000,2.000,0.5641,,0.3784,0.3734,울퉁불퉁멧
윈디(히스이),오롱털,95,45,2.000,3.000,0.4772,,0.4772,,없음
윈디(히스이),픽시,95,46,3.000,8.000,0.9939,,0.9905,0.9910,먹다남은음식
윈디(히스이),카디나르마,95,47,1.000,2.000,0.3625,,0.1379,,기합의띠
윈디(히스이),앱솔,95,48,2.000,2.000,0.1379,,0.1379,-0.3288,없음
윈디(히스이),찌리배리,95,49,3.000,3.000,0.2357,,0.2109,,먹다남은음식
윈디(히스이),맘모꾸리,95,50,2.000,1.000,-0.2064,,-0.2064,,기합의띠
윈디(히스이),파라블레이즈,95,51,1.000,2.000,0.3750,,0.1503,,기합의띠
윈디(히스이),패리퍼,95,52,1.000,1.000,-0.0069,,-0.0069,,없음
윈디(히스이),찌르호크,95,53,2.000,2.000,-0.0112,,-0.0112,-0.5873,구애스카프
윈디(히스이),대검귀,95,54,2.000,1.000,-0.1939,,-0.1939,,타입강화
윈디(히스이),마기라스,95,55,1.000,1.000,0.0394,,0.0394,-0.1977,먹다남은음식
윈디(히스이),이어롭,95,56,2.000,2.000,-0.3163,,-0.3250,-0.6519,자뭉열매
윈디(히스이),플라엣테,95,57,2.000,4.000,0.4995,,0.4995,0.0591,구애스카프
윈디(히스이),배바닐라,95,58,1.000,5.000,0.9146,,0.8162,,타입강화
윈디(히스이),드래펄트,95,59,2.000,3.000,0.0068,,-0.3163,,생명의구슬
윈디(히스이),입치트,95,60,2.000,3.000,0.4897,,0.4897,0.4859,기합의띠
윈디(히스이),메가니움,95,61,2.000,2.000,0.1405,,0.1405,0.0345,기합의띠
윈디(히스이),메타몽,95,62,1.000,2.000,0.3750,,-0.0917,,구애스카프
윈디(히스이),이상해꽃,95,63,2.000,2.000,0.2245,,0.1034,-0.1355,생명의구슬
윈디(히스이),밀로틱,95,64,3.000,2.000,-0.1047,,-0.1047,,먹다남은음식
윈디(히스이),스코빌런,95,65,1.000,3.000,0.6152,,0.6090,0.3775,먹다남은음식
윈디(히스이),아쿠스타,95,66,2.000,1.000,-0.6519,,-0.6519,-0.6606,기합의띠
윈디(히스이),몰드류,95,67,1.000,1.000,0.0269,,-0.4398,-0.6644,구애스카프
윈디(히스이),조로아크(히스이),95,68,2.000,2.000,-0.3288,,-0.3288,,기합의띠
윈디(히스이),미끄래곤(히스이),95,69,2.000,2.000,0.1417,,0.1417,,먹다남은음식
윈디(히스이),잠만보,95,70,2.000,2.000,-0.1489,,-0.1529,,먹다남은음식
윈디(히스이),무장조,95,71,2.000,2.000,0.3747,,0.2031,-0.4241,자뭉열매
윈디(히스이),클레스퍼트라,95,72,2.000,4.000,0.3549,,0.3549,,기합의띠
윈디(히스이),창파나이트,95,73,2.000,1.000,-0.2064,,-0.2064,,없음
윈디(히스이),우츠보트,95,74,1.000,5.000,0.8162,,0.8162,0.8129,기합의띠
윈디(히스이),가라르야도킹,95,75,3.000,4.000,0.5474,,0.5474,,먹다남은음식
윈디(히스이),깜까미,95,76,2.000,4.000,0.8569,,0.8569,0.8532,없음
윈디(히스이),엘풍,95,77,1.000,4.000,0.5795,,0.3549,,기합의띠
윈디(히스이),저승갓숭,95,78,3.000,2.000,-0.3375,,-0.3453,,먹다남은음식
윈디(히스이),스트린더(하이),95,79,2.000,3.000,0.4897,,0.4897,,풍선
윈디(히스이),샤미드,95,80,3.000,1.000,-0.4000,,-0.4000,,먹다남은음식
윈디(히스이),사마자르,95,81,1.000,2.000,0.3625,,0.1379,,기합의띠
윈디(히스이),인텔리레온,95,82,2.000,1.000,-0.6644,,-0.6644,,없음
윈디(히스이),깨비물거미,95,83,1.000,2.000,0.1372,,0.0692,,자뭉열매
윈디(히스이),가디안,95,84,2.000,3.000,0.4859,,0.4859,0.0068,기합의띠
윈디(히스이),왕구리,95,85,2.000,1.000,-0.1939,,-0.1939,,없음
윈디(히스이),엘레이드,95,86,2.000,1.000,-0.1939,,-0.1976,-0.6805,생명의구슬
윈디(히스이),브리무음,95,87,2.000,3.000,0.4772,,0.4772,,기합의띠
윈디(히스이),눈여아,95,88,1.000,4.000,0.5915,,0.3669,0.2526,기합의띠
윈디(히스이),어흥염,95,89,2.000,2.000,0.1495,,0.1417,,자뭉열매
윈디(히스이),마릴리,95,90,2.000,2.000,0.1292,,-0.0955,,자뭉열매
윈디(히스이),올리르바,95,91,2.000,2.000,0.0984,,0.0084,,기합의띠
윈디(히스이),스트린더(로우),95,92,2.000,3.000,0.4897,,0.4897,,풍선
윈디(히스이),펜드라,95,93,1.000,2.000,-0.2533,,-0.4821,-0.0787,기합의띠
윈디(히스이),화염레오,95,94,1.000,2.000,-0.1042,,-0.3288,-0.1042,기합의띠
윈디(히스이),캥카,95,96,2.000,2.000,-0.1042,,-0.1042,-0.6953,타입강화
윈디(히스이),꿈트렁,95,97,2.000,2.000,0.1374,,0.1292,,자뭉열매
윈디(히스이),에써르(암컷),95,98,2.000,3.000,0.4897,,0.4897,,없음
윈디(히스이),후딘,95,99,1.000,2.000,-0.1042,,-0.3288,,기합의띠
윈디(히스이),드래캄,95,100,2.000,2.000,0.1379,,-0.1852,-0.1939,생명의구슬
캥카,보만다,96,1,3.000,3.000,-0.2457,0.3100,-0.2457,-0.2681,구애스카프
캥카,한카리아스,96,2,2.000,2.000,-0.2769,0.0068,-0.2769,-0.5621,구애스카프
캥카,누리레느,96,3,2.000,3.000,0.4753,0.5596,0.2462,,자뭉열매
캥카,갑주무사,96,4,3.000,2.000,-0.1057,-0.0807,-0.0955,0.0456,생명의구슬
캥카,하마돈,96,5,4.000,3.000,0.2626,0.4052,0.0127,,자뭉열매
캥카,루카리오,96,6,2.000,2.000,-0.0955,0.1379,-0.0955,-0.7005,기합의띠
캥카,드닐레이브,96,7,3.000,2.000,-0.0436,0.4373,-0.0436,-0.1316,기합의띠
캥카,브리두라스,96,8,3.000,2.000,-0.0436,0.2400,-0.2773,,자뭉열매
캥카,타부자고,96,9,3.000,2.000,-0.0848,0.1971,-0.3184,,풍선
캥카,따라큐,96,10,4.000,3.000,-0.4545,0.2798,-0.2779,,생명의구슬
캥카,고릴타,96,11,3.000,2.000,-0.0955,0.1379,0.1018,,생명의구슬
캥카,킬가르도,96,12,3.000,2.000,-0.0955,0.1018,-0.1316,,먹다남은음식
캥카,마스카나,96,13,2.000,3.000,0.0068,0.0068,0.0068,,구애스카프
캥카,갸라도스,96,14,2.000,3.000,0.4889,0.8090,0.4373,0.2400,울퉁불퉁멧
캥카,아머까오,96,15,5.000,4.000,0.0169,0.3017,-0.2677,,울퉁불퉁멧
캥카,킬라플로르,96,16,2.000,3.000,0.4735,0.7226,0.4735,-0.3288,기합의띠
캥카,대쓰여너,96,17,3.000,2.000,-0.0955,-0.0436,-0.5621,,구애스카프
캥카,리자몽,96,18,2.000,3.000,-0.2539,0.2627,-0.2539,-0.3057,구애스카프
캥카,포푸니크,96,19,2.000,1.000,-0.6125,-0.3288,-0.6125,,없음
캥카,개굴닌자,96,20,2.000,3.000,0.0068,0.0587,0.0068,0.0068,기합의띠
캥카,에이스번,96,21,2.000,1.000,-0.6125,-0.3288,-0.6125,,구애스카프
캥카,알로라 나인테일,96,22,2.000,3.000,0.0587,0.3424,0.0587,,없음
캥카,에써르(수컷),96,23,2.000,3.000,0.0587,0.8090,0.0587,,구애스카프
캥카,워시로토무,96,24,2.000,3.000,0.4373,0.5254,0.2400,,먹다남은음식
캥카,불카모스,96,25,3.000,4.000,0.0666,0.6410,-0.0521,,자뭉열매
캥카,빠르모트,96,26,2.000,2.000,-0.3288,-0.3288,-0.3288,,기합의띠
캥카,라우드본,96,27,4.000,3.000,0.0459,0.5268,-0.1852,,자뭉열매
캥카,삼삼드래,96,28,3.000,2.000,-0.5103,0.4735,-0.5103,,구애스카프
캥카,메타그로스,96,29,3.000,2.000,-0.0955,-0.0436,-0.0955,-0.5982,생명의구슬
캥카,망나뇽,96,30,2.495,3.000,0.5090,0.5290,0.5090,-0.3940,없음
캥카,님피아,96,31,3.000,2.000,0.2110,0.3523,0.1746,,먹다남은음식
캥카,히트로토무,96,32,2.000,3.000,0.4373,0.4735,-0.0293,,구애스카프
캥카,거북왕,96,33,3.000,3.000,0.2400,0.4735,0.2400,-0.0955,없음
캥카,대도각참,96,34,2.000,3.000,0.4735,0.4735,0.4735,,타입강화
캥카,팬텀,96,35,2.000,2.000,-0.3288,-0.3288,-0.3288,-0.3288,기합의띠
캥카,마폭시,96,36,2.000,2.000,-0.2769,0.0068,-0.2769,-0.3288,기합의띠
캥카,엠페르트,96,37,3.000,3.000,0.4482,0.5369,0.4482,,없음
캥카,번치코,96,38,2.000,1.000,-0.1458,0.1379,-0.1977,-0.6644,생명의구슬
캥카,대짱이,96,39,3.000,3.000,0.2400,0.4735,0.2400,-0.0955,자뭉열매
캥카,라이츄,96,40,2.000,2.000,-0.2769,0.0068,-0.2769,-0.3288,구애스카프
캥카,블래키,96,41,4.000,5.000,0.8465,0.9662,0.7954,,먹다남은음식
캥카,다크펫,96,42,3.000,4.000,0.5732,0.8249,0.5732,0.2400,기합의띠
캥카,더시마사리,96,43,4.000,7.000,0.8910,0.9932,0.8751,,먹다남은음식
캥카,핫삼,96,44,2.000,2.000,0.3100,0.3307,0.1171,0.0336,울퉁불퉁멧
캥카,오롱털,96,45,2.000,3.000,0.4735,0.5254,0.4735,,없음
캥카,픽시,96,46,3.000,5.000,0.7680,0.9049,0.7049,0.5006,먹다남은음식
캥카,카디나르마,96,47,3.000,2.000,-0.0955,0.1379,-0.0955,,기합의띠
캥카,앱솔,96,48,2.000,2.000,0.1379,0.1379,0.1379,-0.5982,없음
캥카,찌리배리,96,49,4.000,5.000,0.5807,0.9102,0.5366,,먹다남은음식
캥카,맘모꾸리,96,50,3.000,3.000,0.2400,0.4735,0.2400,,기합의띠
캥카,파라블레이즈,96,51,2.000,2.000,0.1379,0.1379,0.1379,,기합의띠
캥카,패리퍼,96,52,2.000,3.000,0.5295,0.5869,0.5295,,없음
캥카,찌르호크,96,53,4.000,3.000,-0.4806,-0.0484,-0.4806,-0.6436,구애스카프
캥카,대검귀,96,54,2.000,3.000,0.4373,0.4735,0.4373,,타입강화
캥카,마기라스,96,55,2.000,2.000,0.1379,0.1379,0.1018,0.1018,먹다남은음식
캥카,이어롭,96,56,2.000,2.000,-0.2769,0.0068,-0.5103,-0.7005,자뭉열매
캥카,플라엣테,96,57,2.000,2.000,-0.2837,0.3220,-0.2837,-0.3038,구애스카프
캥카,배바닐라,96,58,2.000,3.000,0.4735,0.5254,0.1898,,타입강화
캥카,드래펄트,96,59,3.000,3.000,-0.2267,-0.2267,-0.5621,,생명의구슬
캥카,입치트,96,60,3.000,4.000,0.2630,0.7441,0.2630,0.2400,기합의띠
캥카,메가니움,96,61,3.000,4.000,0.4759,0.7918,0.4759,-0.0101,기합의띠
캥카,메타몽,96,62,2.000,4.000,0.8090,0.7226,0.3424,,구애스카프
캥카,이상해꽃,96,63,3.000,4.000,0.7606,0.8812,0.5384,0.3108,생명의구슬
캥카,밀로틱,96,64,3.000,5.000,0.9191,0.9923,0.6456,,먹다남은음식
캥카,스코빌런,96,65,2.000,3.000,0.3930,0.4735,0.3671,0.1492,먹다남은음식
캥카,아쿠스타,96,66,2.000,4.000,0.3943,0.6780,0.3943,0.3059,기합의띠
캥카,몰드류,96,67,2.000,3.000,0.4373,0.4735,-0.0293,-0.5103,구애스카프
캥카,조로아크(히스이),96,68,2.000,2.000,-0.3649,-0.3288,-0.3649,,기합의띠
캥카,미끄래곤(히스이),96,69,3.000,3.000,-0.0436,0.4735,-0.0436,,먹다남은음식
캥카,잠만보,96,70,3.000,4.000,0.5732,0.7051,0.4497,,먹다남은음식
캥카,무장조,96,71,5.000,3.000,-0.2225,0.1873,-0.4317,-0.5120,자뭉열매
캥카,클레스퍼트라,96,72,2.000,4.000,0.3424,0.3943,0.3424,,기합의띠
캥카,창파나이트,96,73,2.000,1.000,-0.1977,-0.1977,-0.1977,,없음
캥카,우츠보트,96,74,2.000,4.000,0.7726,0.8249,0.7726,0.2915,기합의띠
캥카,가라르야도킹,96,75,3.000,4.000,0.5406,0.8380,0.3225,,먹다남은음식
캥카,깜까미,96,76,4.000,4.000,0.3172,0.7403,0.3172,0.0182,없음
캥카,엘풍,96,77,2.000,4.000,0.3424,0.3943,0.3424,,기합의띠
캥카,저승갓숭,96,78,5.000,2.000,-0.7955,-0.5373,-0.7955,,먹다남은음식
캥카,스트린더(하이),96,79,1.000,3.000,0.7068,0.8090,0.4735,,풍선
캥카,샤미드,96,80,3.000,4.000,0.7823,0.9063,0.5349,,먹다남은음식
캥카,사마자르,96,81,4.000,2.000,-0.3649,-0.3288,-0.3649,,기합의띠
캥카,인텔리레온,96,82,2.000,3.000,0.0587,0.3424,0.0587,,없음
캥카,깨비물거미,96,83,2.000,5.000,0.8531,0.9250,0.7141,,자뭉열매
캥카,가디안,96,84,2.000,3.000,0.4735,0.5254,0.4735,-0.2769,기합의띠
캥카,왕구리,96,85,2.000,4.000,0.7726,0.8249,0.7726,,없음
캥카,엘레이드,96,86,2.000,2.000,0.1379,0.1379,-0.1363,-0.3715,생명의구슬
캥카,브리무음,96,87,2.000,3.000,0.4812,0.6672,0.4812,,기합의띠
캥카,눈여아,96,88,3.000,3.000,-0.1814,0.2996,-0.1814,-0.5103,기합의띠
캥카,어흥염,96,89,4.000,2.000,-0.3288,-0.0473,-0.3849,,자뭉열매
캥카,마릴리,96,90,3.000,3.000,0.4063,0.5254,0.0394,,자뭉열매
캥카,올리르바,96,91,3.000,3.000,0.5188,0.6735,0.5188,,기합의띠
캥카,스트린더(로우),96,92,1.000,3.000,0.7068,0.8090,0.4735,,풍선
캥카,펜드라,96,93,2.000,3.000,-0.0122,0.0341,-0.0122,0.0863,기합의띠
캥카,화염레오,96,94,2.000,3.000,-0.2769,0.0068,-0.2769,-0.5103,기합의띠
캥카,윈디(히스이),96,95,2.000,2.000,-0.0830,0.4250,-0.0830,,기합의띠
캥카,꿈트렁,96,97,4.000,3.000,-0.2645,0.1931,-0.4982,,자뭉열매
캥카,에써르(암컷),96,98,2.000,4.000,0.8090,0.8249,0.8090,,없음
캥카,후딘,96,99,2.000,2.000,-0.3288,-0.1316,-0.3288,,기합의띠
캥카,드래캄,96,100,2.000,2.000,0.1379,0.1898,0.1379,0.1018,생명의구슬
꿈트렁,보만다,97,1,6.000,2.000,-0.7955,,-0.7955,-0.7955,구애스카프
꿈트렁,한카리아스,97,2,4.000,2.000,-0.7780,,-0.7780,-0.7955,구애스카프
꿈트렁,누리레느,97,3,3.000,2.000,-0.0411,,-0.2748,,자뭉열매
꿈트렁,갑주무사,97,4,6.000,2.000,-0.7647,,-0.6373,-0.7941,생명의구슬
꿈트렁,하마돈,97,5,5.000,17.000,0.8174,,0.7532,,자뭉열매
꿈트렁,루카리오,97,6,2.000,1.000,-0.6644,,-0.6644,-0.6644,기합의띠
꿈트렁,드닐레이브,97,7,2.000,5.000,0.6831,,0.6831,0.3413,기합의띠
꿈트렁,브리두라스,97,8,3.000,2.000,-0.5621,,-0.7955,,자뭉열매
꿈트렁,타부자고,97,9,3.000,2.000,-0.8218,,-0.8256,,풍선
꿈트렁,따라큐,97,10,2.000,4.000,0.3452,,0.0332,,생명의구슬
꿈트렁,고릴타,97,11,4.000,2.000,-0.7780,,-0.5744,,생명의구슬
꿈트렁,킬가르도,97,12,3.000,2.000,-0.0955,,-0.3288,,먹다남은음식
꿈트렁,마스카나,97,13,2.000,4.000,0.3600,,0.3600,,구애스카프
꿈트렁,갸라도스,97,14,6.000,4.000,-0.7000,,-0.7000,0.1066,울퉁불퉁멧
꿈트렁,아머까오,97,15,7.000,5.000,-0.7000,,-0.7000,,울퉁불퉁멧
꿈트렁,킬라플로르,97,16,2.000,4.000,0.3600,,0.3600,0.0244,기합의띠
꿈트렁,대쓰여너,97,17,5.000,2.000,-0.7904,,-0.7904,,구애스카프
꿈트렁,리자몽,97,18,3.000,1.000,-0.7226,,-0.7226,-0.7266,구애스카프
꿈트렁,포푸니크,97,19,2.000,2.000,-0.3288,,-0.3288,,없음
꿈트렁,개굴닌자,97,20,2.000,2.000,-0.3288,,-0.3288,-0.3288,기합의띠
꿈트렁,에이스번,97,21,2.000,2.000,-0.3410,,-0.3410,,구애스카프
꿈트렁,알로라 나인테일,97,22,1.000,4.000,0.5933,,0.5933,,없음
꿈트렁,에써르(수컷),97,23,2.000,2.000,-0.3235,,-0.3235,,구애스카프
꿈트렁,워시로토무,97,24,4.000,2.000,-0.7955,,-0.7955,,먹다남은음식
꿈트렁,불카모스,97,25,3.000,2.000,-0.6080,,-0.8365,,자뭉열매
꿈트렁,빠르모트,97,26,2.000,2.000,-0.3288,,-0.3288,,기합의띠
꿈트렁,라우드본,97,27,4.000,1.000,-0.8926,,-0.8926,,자뭉열매
꿈트렁,삼삼드래,97,28,3.000,2.000,-0.3410,,-0.3410,,구애스카프
꿈트렁,메타그로스,97,29,3.000,3.000,-0.2390,,-0.5621,-0.7780,생명의구슬
꿈트렁,망나뇽,97,30,4.495,2.000,-0.7464,,-0.7464,-0.7955,없음
꿈트렁,님피아,97,31,2.000,3.000,0.3743,,0.3743,,먹다남은음식
꿈트렁,히트로토무,97,32,4.000,1.000,-0.8977,,-0.8977,,구애스카프
꿈트렁,거북왕,97,33,4.000,2.000,-0.7955,,-0.7955,-0.7955,없음
꿈트렁,대도각참,97,34,2.000,3.000,0.4796,,0.4796,,타입강화
꿈트렁,팬텀,97,35,2.000,1.000,-0.6468,,-0.6468,-0.6766,기합의띠
꿈트렁,마폭시,97,36,2.000,1.000,-0.6766,,-0.6766,-0.8977,기합의띠
꿈트렁,엠페르트,97,37,2.000,2.000,0.1389,,0.1389,,없음
꿈트렁,번치코,97,38,2.000,2.000,-0.3410,,-0.6468,-0.6591,생명의구슬
꿈트렁,대짱이,97,39,5.000,3.000,-0.2175,,-0.4545,-0.6981,자뭉열매
꿈트렁,라이츄,97,40,2.000,2.000,-0.3288,,-0.3288,-0.6644,구애스카프
꿈트렁,블래키,97,41,4.000,6.000,0.8574,,0.8500,,먹다남은음식
꿈트렁,다크펫,97,42,3.000,3.000,0.0241,,0.0241,-0.2267,기합의띠
꿈트렁,더시마사리,97,43,4.000,8.000,0.8856,,0.7887,,먹다남은음식
꿈트렁,핫삼,97,44,5.000,3.000,-0.6392,,-0.6986,-0.7406,울퉁불퉁멧
꿈트렁,오롱털,97,45,2.000,4.000,0.8090,,0.8090,,없음
꿈트렁,픽시,97,46,2.000,3.000,0.4270,,0.2292,-0.5217,먹다남은음식
꿈트렁,카디나르마,97,47,3.000,1.000,-0.8977,,-0.8977,,기합의띠
꿈트렁,앱솔,97,48,2.000,2.000,-0.3112,,-0.3112,-0.5621,없음
꿈트렁,찌리배리,97,49,4.000,3.000,0.0135,,-0.2091,,먹다남은음식
꿈트렁,맘모꾸리,97,50,2.000,7.000,1.0000,,1.0000,,기합의띠
꿈트렁,파라블레이즈,97,51,2.000,2.000,-0.3410,,-0.3410,,기합의띠
꿈트렁,패리퍼,97,52,5.000,2.000,-0.5798,,-0.5798,,없음
꿈트렁,찌르호크,97,53,5.000,3.000,-0.7150,,-0.7150,-0.7955,구애스카프
꿈트렁,대검귀,97,54,2.000,3.000,0.0085,,0.0085,,타입강화
꿈트렁,마기라스,97,55,2.000,2.000,0.1554,,0.1554,-0.3288,먹다남은음식
꿈트렁,이어롭,97,56,2.000,3.000,0.0068,,-0.2267,-0.3288,자뭉열매
꿈트렁,플라엣테,97,57,2.000,3.000,0.1551,,0.1551,-0.1684,구애스카프
꿈트렁,배바닐라,97,58,2.000,4.000,0.3424,,0.0244,,타입강화
꿈트렁,드래펄트,97,59,3.000,2.000,-0.5744,,-0.8802,,생명의구슬
꿈트렁,입치트,97,60,3.000,4.000,0.4065,,0.4065,0.3891,기합의띠
꿈트렁,메가니움,97,61,4.000,5.000,-0.1546,,-0.1546,0.0765,기합의띠
꿈트렁,메타몽,97,62,2.000,4.000,0.8144,,0.3600,,구애스카프
꿈트렁,이상해꽃,97,63,4.000,7.000,0.7295,,0.3273,0.2535,생명의구슬
꿈트렁,밀로틱,97,64,6.000,4.000,-0.6987,,-0.7000,,먹다남은음식
꿈트렁,스코빌런,97,65,4.000,1.000,-0.8977,,-0.8977,-0.8977,먹다남은음식
꿈트렁,아쿠스타,97,66,4.000,5.000,0.1321,,0.1321,-0.4206,기합의띠
꿈트렁,몰드류,97,67,2.000,3.000,0.0181,,0.0181,-0.2267,구애스카프
꿈트렁,조로아크(히스이),97,68,2.000,2.000,-0.6591,,-0.6591,,기합의띠
꿈트렁,미끄래곤(히스이),97,69,3.000,2.000,0.1256,,-0.0955,,먹다남은음식
꿈트렁,잠만보,97,70,3.000,3.000,0.2479,,0.2415,,먹다남은음식
꿈트렁,무장조,97,71,6.000,4.000,-0.6995,,-0.7000,-0.5185,자뭉열매
꿈트렁,클레스퍼트라,97,72,3.000,4.000,0.1066,,0.1066,,기합의띠
꿈트렁,창파나이트,97,73,3.000,1.000,-0.6644,,-0.6644,,없음
꿈트렁,우츠보트,97,74,3.000,6.000,0.7545,,0.7545,0.1497,기합의띠
꿈트렁,가라르야도킹,97,75,3.000,2.000,-0.0292,,-0.0374,,먹다남은음식
꿈트렁,깜까미,97,76,3.000,5.000,0.9418,,0.9418,0.5716,없음
꿈트렁,엘풍,97,77,2.000,5.000,0.6948,,0.6948,,기합의띠
꿈트렁,저승갓숭,97,78,4.000,2.000,-0.7955,,-0.7955,,먹다남은음식
꿈트렁,스트린더(하이),97,79,1.000,3.000,0.2279,,-0.0054,,풍선
꿈트렁,샤미드,97,80,6.000,3.000,-0.6717,,-0.7112,,먹다남은음식
꿈트렁,사마자르,97,81,2.000,2.000,-0.3288,,-0.3288,,기합의띠
꿈트렁,인텔리레온,97,82,3.000,2.000,-0.5569,,-0.5569,,없음
꿈트렁,깨비물거미,97,83,5.000,4.000,0.2068,,-0.0615,,자뭉열매
꿈트렁,가디안,97,84,2.000,2.000,-0.3288,,-0.3288,-0.3288,기합의띠
꿈트렁,왕구리,97,85,4.000,3.000,-0.4623,,-0.4623,,없음
꿈트렁,엘레이드,97,86,3.000,2.000,-0.5616,,-0.3485,-0.5818,생명의구슬
꿈트렁,브리무음,97,87,2.000,2.000,0.1379,,0.1379,,기합의띠
꿈트렁,눈여아,97,88,2.000,3.000,0.0222,,0.0222,-0.3112,기합의띠
꿈트렁,어흥염,97,89,4.000,2.000,-0.1302,,-0.3635,,자뭉열매
꿈트렁,마릴리,97,90,3.000,4.000,0.1621,,-0.0713,,자뭉열매
꿈트렁,올리르바,97,91,3.000,4.000,0.8695,,0.8695,,기합의띠
꿈트렁,스트린더(로우),97,92,1.000,3.000,0.2279,,-0.0054,,풍선
꿈트렁,펜드라,97,93,3.000,9.000,0.9904,,0.9904,0.6718,기합의띠
꿈트렁,화염레오,97,94,2.000,1.000,-0.6644,,-0.6644,-0.6766,기합의띠
꿈트렁,윈디(히스이),97,95,2.000,2.000,-0.3282,,-0.3282,,기합의띠
꿈트렁,캥카,97,96,3.000,4.000,0.2982,,0.2982,-0.1604,타입강화
꿈트렁,에써르(암컷),97,98,3.000,2.000,-0.5446,,-0.5446,,없음
꿈트렁,후딘,97,99,2.000,1.000,-0.6468,,-0.6468,,기합의띠
꿈트렁,드래캄,97,100,2.000,2.000,0.1256,,-0.1802,-0.4135,생명의구슬
에써르(암컷),보만다,98,1,4.000,2.000,-0.7256,,-0.7256,-0.7256,구애스카프
에써르(암컷),한카리아스,98,2,3.000,2.000,-0.5621,,-0.5621,-0.5621,구애스카프
에써르(암컷),누리레느,98,3,4.000,3.000,-0.0241,,-0.2597,,자뭉열매
에써르(암컷),갑주무사,98,4,4.000,1.000,-0.4975,,-0.4311,-0.1977,생명의구슬
에써르(암컷),하마돈,98,5,4.000,3.000,-0.1454,,-0.3794,,자뭉열매
에써르(암컷),루카리오,98,6,3.000,2.000,-0.5621,,-0.5621,-0.8977,기합의띠
에써르(암컷),드닐레이브,98,7,3.000,2.000,-0.5621,,-0.5621,-0.7955,기합의띠
에써르(암컷),브리두라스,98,8,5.000,2.000,-0.7955,,-0.7955,,자뭉열매
에써르(암컷),타부자고,98,9,4.000,3.000,-0.0267,,-0.0267,,풍선
에써르(암컷),따라큐,98,10,3.000,3.000,-0.2442,,-0.5373,,생명의구슬
에써르(암컷),고릴타,98,11,3.000,2.000,-0.3288,,-0.3288,,생명의구슬
에써르(암컷),킬가르도,98,12,4.000,2.000,-0.3288,,-0.3288,,먹다남은음식
에써르(암컷),마스카나,98,13,3.000,2.000,-0.5621,,-0.5621,,구애스카프
에써르(암컷),갸라도스,98,14,4.000,2.000,-0.3288,,-0.3288,-0.6644,울퉁불퉁멧
에써르(암컷),아머까오,98,15,4.000,3.000,0.0043,,0.0043,,울퉁불퉁멧
에써르(암컷),킬라플로르,98,16,2.000,3.000,0.0068,,0.0068,-0.3288,기합의띠
에써르(암컷),대쓰여너,98,17,4.000,2.000,-0.3288,,-0.7955,,구애스카프
에써르(암컷),리자몽,98,18,4.000,3.000,-0.5396,,-0.5396,-0.7735,구애스카프
에써르(암컷),포푸니크,98,19,1.000,2.000,-0.0955,,-0.0955,,없음
에써르(암컷),개굴닌자,98,20,3.000,2.000,-0.5621,,-0.5621,-0.5621,기합의띠
에써르(암컷),에이스번,98,21,3.000,2.000,-0.5621,,-0.5621,,구애스카프
에써르(암컷),알로라 나인테일,98,22,3.000,3.000,-0.2267,,-0.2267,,없음
에써르(암컷),에써르(수컷),98,23,5.000,3.000,-0.6980,,-0.6980,,구애스카프
에써르(암컷),워시로토무,98,24,3.000,3.000,-0.2267,,-0.4623,,먹다남은음식
에써르(암컷),불카모스,98,25,5.000,2.000,-0.7955,,-0.7955,,자뭉열매
에써르(암컷),빠르모트,98,26,2.000,2.000,-0.3288,,-0.3288,,기합의띠
에써르(암컷),라우드본,98,27,5.000,3.000,-0.2247,,-0.4600,,자뭉열매
에써르(암컷),삼삼드래,98,28,2.000,2.000,-0.3288,,-0.3288,,구애스카프
에써르(암컷),메타그로스,98,29,3.000,2.000,-0.0955,,-0.0955,-0.7955,생명의구슬
에써르(암컷),망나뇽,98,30,4.495,3.000,0.0032,,0.0032,-0.7464,없음
에써르(암컷),님피아,98,31,6.000,2.000,-0.4938,,-0.7271,,먹다남은음식
에써르(암컷),히트로토무,98,32,3.000,2.000,-0.5621,,-0.5621,,구애스카프
에써르(암컷),거북왕,98,33,4.000,2.000,-0.3288,,-0.3288,-0.3288,없음
에써르(암컷),대도각참,98,34,3.000,1.000,-0.4311,,-0.4311,,타입강화
에써르(암컷),팬텀,98,35,2.000,3.000,0.0068,,0.0068,-0.3288,기합의띠
에써르(암컷),마폭시,98,36,6.000,2.000,-0.7955,,-0.7955,-0.7955,기합의띠
에써르(암컷),엠페르트,98,37,7.000,3.000,-0.4937,,-0.4937,,없음
에써르(암컷),번치코,98,38,2.000,2.000,0.1379,,0.1379,-0.3288,생명의구슬
에써르(암컷),대짱이,98,39,4.000,2.000,-0.3288,,-0.5621,-0.3288,자뭉열매
에써르(암컷),라이츄,98,40,3.000,3.000,-0.2267,,-0.2267,-0.5621,구애스카프
에써르(암컷),블래키,98,41,5.000,2.000,-0.5232,,-0.7565,,먹다남은음식
에써르(암컷),다크펫,98,42,3.000,2.000,-0.0955,,-0.0955,-0.0955,기합의띠
에써르(암컷),더시마사리,98,43,3.000,5.000,0.9065,,0.9065,,먹다남은음식
에써르(암컷),핫삼,98,44,2.000,2.000,-0.0049,,-0.0049,-0.0049,울퉁불퉁멧
에써르(암컷),오롱털,98,45,3.000,1.000,-0.4311,,-0.4311,,없음
에써르(암컷),픽시,98,46,5.000,4.000,0.1768,,-0.1026,-0.2082,먹다남은음식
에써르(암컷),카디나르마,98,47,5.000,2.000,-0.5621,,-0.5621,,기합의띠
에써르(암컷),앱솔,98,48,2.000,2.000,0.1379,,0.1379,-0.3288,없음
에써르(암컷),찌리배리,98,49,5.000,4.000,0.0304,,-0.2177,,먹다남은음식
에써르(암컷),맘모꾸리,98,50,3.000,2.000,-0.0955,,-0.0955,,기합의띠
에써르(암컷),파라블레이즈,98,51,4.000,2.000,-0.5621,,-0.5621,,기합의띠
에써르(암컷),패리퍼,98,52,3.000,3.000,0.2500,,0.2500,,없음
에써르(암컷),찌르호크,98,53,4.000,2.000,-0.4806,,-0.4806,-0.5194,구애스카프
에써르(암컷),대검귀,98,54,3.000,2.000,-0.3288,,-0.3288,,타입강화
에써르(암컷),마기라스,98,55,3.000,2.000,-0.0955,,-0.3288,-0.3288,먹다남은음식
에써르(암컷),이어롭,98,56,3.000,2.000,-0.5621,,-0.7955,-0.3288,자뭉열매
에써르(암컷),플라엣테,98,57,5.000,2.000,-0.7524,,-0.7524,-0.7533,구애스카프
에써르(암컷),배바닐라,98,58,3.000,3.000,0.2400,,-0.0955,,타입강화
에써르(암컷),드래펄트,98,59,3.000,2.000,-0.5621,,-0.5621,,생명의구슬
에써르(암컷),입치트,98,60,2.000,3.000,0.4735,,0.4735,0.2400,기합의띠
에써르(암컷),메가니움,98,61,4.000,4.000,0.2838,,0.2838,-0.2607,기합의띠
에써르(암컷),메타몽,98,62,2.000,7.000,1.0000,,1.0000,,구애스카프
에써르(암컷),이상해꽃,98,63,2.000,4.000,0.7552,,0.6918,0.5384,생명의구슬
에써르(암컷),밀로틱,98,64,6.000,5.000,0.0017,,-0.4654,,먹다남은음식
에써르(암컷),스코빌런,98,65,3.000,3.000,0.1449,,0.1449,-0.0955,먹다남은음식
에써르(암컷),아쿠스타,98,66,5.000,3.000,-0.6980,,-0.6980,-0.6980,기합의띠
에써르(암컷),몰드류,98,67,3.000,2.000,-0.5621,,-0.5621,-0.5621,구애스카프
에써르(암컷),조로아크(히스이),98,68,3.000,3.000,-0.2267,,-0.2267,,기합의띠
에써르(암컷),미끄래곤(히스이),98,69,7.000,2.000,-0.7955,,-0.7955,,먹다남은음식
에써르(암컷),잠만보,98,70,6.000,3.000,-0.3389,,-0.7000,,먹다남은음식
에써르(암컷),무장조,98,71,3.000,3.000,0.1476,,-0.0232,-0.7312,자뭉열매
에써르(암컷),클레스퍼트라,98,72,5.000,5.000,-0.3011,,-0.3011,,기합의띠
에써르(암컷),창파나이트,98,73,2.000,1.000,-0.1977,,-0.1977,,없음
에써르(암컷),우츠보트,98,74,2.000,3.000,0.4735,,0.4735,0.4735,기합의띠
에써르(암컷),가라르야도킹,98,75,5.000,4.000,-0.1536,,-0.3877,,먹다남은음식
에써르(암컷),깜까미,98,76,3.000,2.000,0.0366,,0.0366,-0.1967,없음
에써르(암컷),엘풍,98,77,3.000,4.000,0.1066,,0.1066,,기합의띠
에써르(암컷),저승갓숭,98,78,2.000,2.000,-0.3288,,-0.5373,,먹다남은음식
에써르(암컷),스트린더(하이),98,79,2.000,3.000,0.4735,,0.4735,,풍선
에써르(암컷),샤미드,98,80,6.000,4.000,-0.0254,,-0.4926,,먹다남은음식
에써르(암컷),사마자르,98,81,3.000,2.000,-0.3288,,-0.3288,,기합의띠
에써르(암컷),인텔리레온,98,82,3.000,3.000,-0.2267,,-0.2267,,없음
에써르(암컷),깨비물거미,98,83,4.000,2.000,-0.3994,,-0.6328,,자뭉열매
에써르(암컷),가디안,98,84,6.000,3.000,-0.4667,,-0.4667,-0.7955,기합의띠
에써르(암컷),왕구리,98,85,4.000,4.000,0.3027,,0.3027,,없음
에써르(암컷),엘레이드,98,86,3.000,2.000,-0.0921,,-0.0955,-0.5700,생명의구슬
에써르(암컷),브리무음,98,87,6.000,3.000,-0.3490,,-0.3490,,기합의띠
에써르(암컷),눈여아,98,88,3.000,3.000,-0.2267,,-0.2267,-0.5621,기합의띠
에써르(암컷),어흥염,98,89,6.000,2.000,-0.7955,,-0.7955,,자뭉열매
에써르(암컷),마릴리,98,90,3.000,4.000,0.1743,,-0.0591,,자뭉열매
에써르(암컷),올리르바,98,91,4.000,3.000,0.2776,,0.2776,,기합의띠
에써르(암컷),스트린더(로우),98,92,2.000,3.000,0.4735,,0.4735,,풍선
에써르(암컷),펜드라,98,93,2.000,2.000,-0.3288,,-0.3288,-0.0213,기합의띠
에써르(암컷),화염레오,98,94,3.000,2.000,-0.5621,,-0.5621,-0.5621,기합의띠
에써르(암컷),윈디(히스이),98,95,3.000,2.000,-0.5708,,-0.5708,,기합의띠
에써르(암컷),캥카,98,96,4.000,2.000,-0.7955,,-0.7955,-0.7955,타입강화
에써르(암컷),꿈트렁,98,97,2.000,3.000,0.4612,,0.2400,,자뭉열매
에써르(암컷),후딘,98,99,5.000,3.000,-0.6980,,-0.6980,,기합의띠
에써르(암컷),드래캄,98,100,2.000,2.000,0.1379,,0.1379,0.1379,생명의구슬
후딘,보만다,99,1,3.000,2.000,-0.0256,,-0.4923,-0.4293,구애스카프
후딘,한카리아스,99,2,3.000,2.000,-0.0955,,-0.5621,-0.5621,구애스카프
후딘,누리레느,99,3,3.000,3.000,0.2400,,0.2400,,자뭉열매
후딘,갑주무사,99,4,3.000,1.000,-0.4311,,-0.2642,-0.6644,생명의구슬
후딘,하마돈,99,5,3.000,2.000,0.1754,,-0.0235,,자뭉열매
후딘,루카리오,99,6,2.000,2.000,0.1379,,0.1379,-0.1977,기합의띠
후딘,드닐레이브,99,7,2.000,1.000,-0.1977,,-0.1977,-0.1977,기합의띠
후딘,브리두라스,99,8,2.000,2.000,0.1379,,0.1379,,자뭉열매
후딘,타부자고,99,9,3.000,2.000,-0.0955,,-0.0955,,풍선
후딘,따라큐,99,10,2.000,2.000,0.1206,,-0.1977,,생명의구슬
후딘,고릴타,99,11,3.000,2.000,-0.0955,,-0.1977,,생명의구슬
후딘,킬가르도,99,12,3.000,1.000,-0.4311,,-0.4311,,먹다남은음식
후딘,마스카나,99,13,2.000,1.000,-0.6644,,-0.6644,,구애스카프
후딘,갸라도스,99,14,3.000,2.000,-0.0955,,-0.0955,-0.1977,울퉁불퉁멧
후딘,아머까오,99,15,4.000,3.000,0.1004,,-0.3288,,울퉁불퉁멧
후딘,킬라플로르,99,16,2.000,3.000,0.4735,,0.4735,0.1379,기합의띠
후딘,대쓰여너,99,17,2.000,1.000,-0.1977,,-0.6644,,구애스카프
후딘,리자몽,99,18,3.000,2.000,-0.0512,,-0.5179,-0.1482,구애스카프
후딘,포푸니크,99,19,1.000,2.000,0.1379,,0.1379,,없음
후딘,개굴닌자,99,20,2.000,2.000,-0.3288,,-0.3288,-0.6644,기합의띠
후딘,에이스번,99,21,3.000,1.000,-0.4311,,-0.8977,,구애스카프
후딘,알로라 나인테일,99,22,3.000,3.000,0.2400,,0.2400,,없음
후딘,에써르(수컷),99,23,3.000,3.000,0.2400,,-0.2267,,구애스카프
후딘,워시로토무,99,24,2.000,2.000,0.1379,,0.1379,,먹다남은음식
후딘,불카모스,99,25,4.000,2.000,-0.2353,,-0.4686,,자뭉열매
후딘,빠르모트,99,26,1.000,2.000,0.3712,,0.1379,,기합의띠
후딘,라우드본,99,27,3.000,2.000,-0.0841,,-0.3175,,자뭉열매
후딘,삼삼드래,99,28,2.000,2.000,0.1379,,-0.3288,,구애스카프
후딘,메타그로스,99,29,2.000,2.000,0.1379,,0.1379,-0.0955,생명의구슬
후딘,망나뇽,99,30,3.495,3.000,-0.1117,,-0.1117,-0.3311,없음
후딘,님피아,99,31,5.000,2.000,-0.4959,,-0.7292,,먹다남은음식
후딘,히트로토무,99,32,3.000,2.000,-0.0955,,-0.5621,,구애스카프
후딘,거북왕,99,33,2.000,2.000,0.1379,,0.1379,-0.0955,없음
후딘,대도각참,99,34,1.000,1.000,0.0356,,0.0356,,타입강화
후딘,팬텀,99,35,1.000,2.000,0.3712,,0.1379,-0.6644,기합의띠
후딘,마폭시,99,36,3.000,2.000,-0.0955,,-0.0955,-0.5621,기합의띠
후딘,엠페르트,99,37,2.000,3.000,0.1497,,0.1497,,없음
후딘,번치코,99,38,2.000,2.000,0.1379,,0.0356,-0.1977,생명의구슬
후딘,대짱이,99,39,1.000,2.000,0.3712,,0.1379,-0.1977,자뭉열매
후딘,라이츄,99,40,2.000,3.000,0.4735,,0.0068,-0.3288,구애스카프
후딘,블래키,99,41,3.000,2.000,-0.0565,,-0.0955,,먹다남은음식
후딘,다크펫,99,42,2.000,1.000,-0.1977,,-0.1977,-0.1977,기합의띠
후딘,더시마사리,99,43,2.000,4.000,0.8090,,0.8090,,먹다남은음식
후딘,핫삼,99,44,3.000,1.000,-0.3723,,-0.5652,-0.5652,울퉁불퉁멧
후딘,오롱털,99,45,2.000,1.000,-0.1977,,-0.1977,,없음
후딘,픽시,99,46,4.000,4.000,0.3947,,0.2515,-0.1310,먹다남은음식
후딘,카디나르마,99,47,2.000,2.000,0.1379,,0.1379,,기합의띠
후딘,앱솔,99,48,1.000,1.000,0.0356,,0.0356,-0.6644,없음
후딘,찌리배리,99,49,4.000,3.000,0.4017,,0.2428,,먹다남은음식
후딘,맘모꾸리,99,50,2.000,2.000,0.1379,,0.1379,,기합의띠
후딘,파라블레이즈,99,51,3.000,1.000,-0.4311,,-0.4311,,기합의띠
후딘,패리퍼,99,52,2.000,3.000,0.4894,,0.4894,,없음
후딘,찌르호크,99,53,3.000,2.000,-0.0528,,-0.5194,0.1379,구애스카프
후딘,대검귀,99,54,2.000,2.000,0.1379,,-0.1977,,타입강화
후딘,마기라스,99,55,1.000,1.000,0.0356,,0.0356,0.0356,먹다남은음식
후딘,이어롭,99,56,2.000,2.000,0.1379,,0.1379,-0.6644,자뭉열매
후딘,플라엣테,99,57,4.000,2.000,-0.0089,,-0.4756,-0.4319,구애스카프
후딘,배바닐라,99,58,2.000,2.000,0.1379,,0.1379,,타입강화
후딘,드래펄트,99,59,2.000,1.000,-0.6644,,-0.6644,,생명의구슬
후딘,입치트,99,60,2.000,2.000,0.1379,,0.1379,-0.0955,기합의띠
후딘,메가니움,99,61,4.000,3.000,0.3610,,0.3610,0.0415,기합의띠
후딘,메타몽,99,62,1.000,3.000,0.7068,,0.7068,,구애스카프
후딘,이상해꽃,99,63,2.000,3.000,0.6918,,0.3562,0.6918,생명의구슬
후딘,밀로틱,99,64,4.000,5.000,0.7230,,0.7230,,먹다남은음식
후딘,스코빌런,99,65,2.000,2.000,-0.0293,,-0.0293,-0.0955,먹다남은음식
후딘,아쿠스타,99,66,2.000,3.000,0.4735,,0.4735,-0.0955,기합의띠
후딘,몰드류,99,67,2.000,2.000,0.1379,,-0.3288,0.1379,구애스카프
후딘,조로아크(히스이),99,68,2.000,2.000,0.1379,,0.1379,,기합의띠
후딘,미끄래곤(히스이),99,69,2.000,2.000,0.1379,,-0.0955,,먹다남은음식
후딘,잠만보,99,70,3.000,2.000,-0.0955,,-0.0955,,먹다남은음식
후딘,무장조,99,71,3.000,2.000,0.1476,,0.0465,-0.2646,자뭉열매
후딘,클레스퍼트라,99,72,2.000,3.000,0.4735,,0.4735,,기합의띠
후딘,창파나이트,99,73,1.000,1.000,0.0356,,0.0356,,없음
후딘,우츠보트,99,74,2.000,2.000,0.1379,,0.1379,0.1379,기합의띠
후딘,가라르야도킹,99,75,4.000,3.000,0.3550,,0.3550,,먹다남은음식
후딘,깜까미,99,76,2.000,2.000,-0.0521,,-0.0521,-0.1534,없음
후딘,엘풍,99,77,2.000,3.000,0.4735,,0.4735,,기합의띠
후딘,저승갓숭,99,78,2.000,2.000,0.1379,,0.1379,,먹다남은음식
후딘,스트린더(하이),99,79,1.000,3.000,0.7068,,0.7068,,풍선
후딘,샤미드,99,80,4.000,4.000,0.3917,,0.3917,,먹다남은음식
후딘,사마자르,99,81,2.000,1.000,-0.1977,,-0.1977,,기합의띠
후딘,인텔리레온,99,82,2.000,2.000,-0.0955,,-0.0955,,없음
후딘,깨비물거미,99,83,3.000,2.000,-0.1661,,-0.3288,,자뭉열매
후딘,가디안,99,84,3.000,3.000,0.2400,,0.2400,-0.0955,기합의띠
후딘,왕구리,99,85,2.000,3.000,0.4735,,0.4735,,없음
후딘,엘레이드,99,86,3.000,2.000,-0.0955,,0.1300,-0.0955,생명의구슬
후딘,브리무음,99,87,2.000,3.000,0.3567,,0.3567,,기합의띠
후딘,눈여아,99,88,2.000,2.000,0.1379,,0.1379,-0.0955,기합의띠
후딘,어흥염,99,89,2.000,1.000,-0.1977,,-0.2215,,자뭉열매
후딘,마릴리,99,90,3.000,3.000,0.0394,,0.0394,,자뭉열매
후딘,올리르바,99,91,2.000,3.000,0.4735,,0.4735,,기합의띠
후딘,스트린더(로우),99,92,1.000,3.000,0.7068,,0.7068,,풍선
후딘,펜드라,99,93,1.000,2.000,0.0893,,-0.0213,-0.1977,기합의띠
후딘,화염레오,99,94,2.000,2.000,0.1379,,0.1379,-0.3288,기합의띠
후딘,윈디(히스이),99,95,2.000,1.000,-0.1852,,-0.1852,,기합의띠
후딘,캥카,99,96,2.000,2.000,0.1379,,-0.1458,-0.1458,타입강화
후딘,꿈트렁,99,97,1.000,2.000,0.3590,,0.1379,,자뭉열매
후딘,에써르(암컷),99,98,3.000,5.000,0.9065,,0.9065,,없음
후딘,드래캄,99,100,2.000,2.000,0.1379,,0.1379,0.1379,생명의구슬
드래캄,보만다,100,1,2.000,2.000,-0.3594,-0.1960,-0.3594,-0.3594,구애스카프
드래캄,한카리아스,100,2,1.000,1.000,-0.4311,-0.4311,-0.4311,-0.4311,구애스카프
드래캄,누리레느,100,3,2.000,3.000,0.0068,0.2120,0.0068,,자뭉열매
드래캄,갑주무사,100,4,2.000,2.000,0.2334,0.4735,0.1379,-0.3952,생명의구슬
드래캄,하마돈,100,5,2.000,2.000,-0.4145,-0.3288,-0.5621,,자뭉열매
드래캄,루카리오,100,6,2.000,2.000,-0.3288,0.0068,-0.3288,-0.3288,기합의띠
드래캄,드닐레이브,100,7,1.000,1.000,-0.4311,-0.4311,-0.6644,-0.6644,기합의띠
드래캄,브리두라스,100,8,2.000,1.000,-0.6644,-0.3288,-0.6644,,자뭉열매
드래캄,타부자고,100,9,4.000,3.000,-0.3892,-0.2091,-0.3892,,풍선
드래캄,따라큐,100,10,3.000,3.000,-0.2227,0.3424,-0.0105,,생명의구슬
드래캄,고릴타,100,11,2.000,2.000,-0.3288,-0.0955,-0.0955,,생명의구슬
드래캄,킬가르도,100,12,3.000,2.000,-0.5621,-0.5621,-0.7955,,먹다남은음식
드래캄,마스카나,100,13,1.000,1.000,-0.4311,-0.0955,-0.4311,,구애스카프
드래캄,갸라도스,100,14,2.000,2.000,-0.3288,-0.3288,-0.3288,-0.5621,울퉁불퉁멧
드래캄,아머까오,100,15,4.000,4.000,-0.1639,0.1066,-0.4623,,울퉁불퉁멧
드래캄,킬라플로르,100,16,2.000,2.000,-0.3288,0.0068,-0.3288,-0.3288,기합의띠
드래캄,대쓰여너,100,17,2.000,2.000,-0.3288,0.0068,-0.3288,,구애스카프
드래캄,리자몽,100,18,2.000,2.000,-0.3057,-0.2530,-0.3057,-0.3057,구애스카프
드래캄,포푸니크,100,19,2.000,4.000,0.3424,0.3424,0.3424,,없음
드래캄,개굴닌자,100,20,2.000,2.000,-0.3288,0.0068,-0.3288,-0.3288,기합의띠
드래캄,에이스번,100,21,2.000,2.000,-0.3288,-0.3288,-0.3288,,구애스카프
드래캄,알로라 나인테일,100,22,2.000,2.000,-0.3288,-0.0955,-0.3288,,없음
드래캄,에써르(수컷),100,23,2.000,2.000,-0.3288,0.0068,-0.3288,,구애스카프
드래캄,워시로토무,100,24,2.000,5.000,0.6780,1.0000,0.6780,,먹다남은음식
드래캄,불카모스,100,25,3.000,3.000,-0.2676,0.2079,-0.5023,,자뭉열매
드래캄,빠르모트,100,26,2.000,3.000,0.0068,0.2401,0.0068,,기합의띠
드래캄,라우드본,100,27,3.000,4.000,0.1017,0.3261,0.0904,,자뭉열매
드래캄,삼삼드래,100,28,1.000,1.000,-0.4311,-0.0955,-0.4311,,구애스카프
드래캄,메타그로스,100,29,3.000,2.000,-0.5621,-0.3288,-0.8977,-0.5621,생명의구슬
드래캄,망나뇽,100,30,2.495,2.000,-0.3299,-0.2110,-0.3299,-0.6100,없음
드래캄,님피아,100,31,2.000,2.000,-0.2557,-0.0886,-0.2557,,먹다남은음식
드래캄,히트로토무,100,32,2.000,5.000,0.6780,1.0000,0.6780,,구애스카프
드래캄,거북왕,100,33,2.000,3.000,0.0068,0.3424,0.0068,-0.3288,없음
드래캄,대도각참,100,34,1.000,3.000,0.2401,0.2401,-0.0955,,타입강화
드래캄,팬텀,100,35,2.000,4.000,0.3424,0.5757,0.3424,0.0068,기합의띠
드래캄,마폭시,100,36,2.000,2.000,-0.3288,-0.3288,-0.3288,-0.3288,기합의띠
드래캄,엠페르트,100,37,2.000,3.000,0.0183,0.0183,0.0183,,없음
드래캄,번치코,100,38,2.000,2.000,-0.3288,-0.3288,-0.3288,-0.3288,생명의구슬
드래캄,대짱이,100,39,2.000,2.000,-0.3288,-0.3288,-0.5621,-0.8977,자뭉열매
드래캄,라이츄,100,40,2.000,6.000,1.0000,1.0000,1.0000,0.3424,구애스카프
드래캄,블래키,100,41,3.000,5.000,0.1298,0.4236,0.1298,,먹다남은음식
드래캄,다크펫,100,42,2.000,2.000,-0.3288,0.2401,-0.3288,-0.3288,기합의띠
드래캄,더시마사리,100,43,3.000,11.000,0.9932,1.0000,0.8910,,먹다남은음식
드래캄,핫삼,100,44,4.000,4.000,-0.4433,-0.3007,-0.4433,-0.5435,울퉁불퉁멧
드래캄,오롱털,100,45,2.000,3.000,0.0068,0.2401,0.0068,,없음
드래캄,픽시,100,46,2.000,5.000,0.6424,0.9551,0.6424,0.3068,먹다남은음식
드래캄,카디나르마,100,47,2.000,2.000,-0.3288,-0.3288,-0.3288,,기합의띠
드래캄,앱솔,100,48,2.000,3.000,0.0068,0.2401,0.0068,-0.3288,없음
드래캄,찌리배리,100,49,3.000,6.000,0.7323,0.9788,0.7168,,먹다남은음식
드래캄,맘모꾸리,100,50,2.000,1.000,-0.6644,-0.3288,-0.6644,,기합의띠
드래캄,파라블레이즈,100,51,2.000,2.000,-0.3288,0.0068,-0.3288,,기합의띠
드래캄,패리퍼,100,52,1.000,3.000,0.2564,0.3471,0.2564,,없음
드래캄,찌르호크,100,53,2.000,3.000,-0.0547,-0.0547,-0.0547,-0.2454,구애스카프
드래캄,대검귀,100,54,2.000,3.000,0.0068,0.0068,0.0068,,타입강화
드래캄,마기라스,100,55,1.000,2.000,-0.0955,-0.0955,-0.3288,-0.3288,먹다남은음식
드래캄,이어롭,100,56,2.000,2.000,-0.3288,-0.3288,-0.3288,-0.3288,자뭉열매
드래캄,플라엣테,100,57,2.000,3.000,-0.1805,0.1551,-0.1805,-0.2837,구애스카프
드래캄,배바닐라,100,58,2.000,2.000,-0.3288,-0.3288,-0.3288,,타입강화
드래캄,드래펄트,100,59,1.000,2.000,-0.0955,-0.0955,-0.4311,,생명의구슬
드래캄,입치트,100,60,3.000,3.000,-0.2267,0.0068,-0.2267,-0.5621,기합의띠
드래캄,메가니움,100,61,2.000,4.000,0.2414,0.6472,0.2414,0.1391,기합의띠
드래캄,메타몽,100,62,1.000,2.000,-0.0955,-0.0955,-0.0955,,구애스카프
드래캄,이상해꽃,100,63,3.000,3.000,0.0717,0.4434,-0.2624,-0.2267,생명의구슬
드래캄,밀로틱,100,64,4.000,4.000,-0.1643,0.4374,-0.1643,,먹다남은음식
드래캄,스코빌런,100,65,1.000,5.000,0.9113,1.0000,0.7441,0.6490,먹다남은음식
드래캄,아쿠스타,100,66,2.000,2.000,-0.3288,-0.3288,-0.3288,-0.3288,기합의띠
드래캄,몰드류,100,67,2.000,1.000,-0.6644,-0.3288,-0.6644,-0.6644,구애스카프
드래캄,조로아크(히스이),100,68,2.000,3.000,0.0068,0.5757,0.0068,,기합의띠
드래캄,미끄래곤(히스이),100,69,3.000,2.000,-0.5621,-0.3288,-0.5621,,먹다남은음식
드래캄,잠만보,100,70,3.000,2.000,-0.2021,0.0578,-0.3288,,먹다남은음식
드래캄,무장조,100,71,3.000,3.000,0.0134,0.2500,-0.2400,-0.4898,자뭉열매
드래캄,클레스퍼트라,100,72,2.000,2.000,-0.3288,0.0068,-0.3288,,기합의띠
드래캄,창파나이트,100,73,2.000,3.000,0.0068,0.0068,0.0068,,없음
드래캄,우츠보트,100,74,2.000,6.000,1.0000,1.0000,1.0000,0.7599,기합의띠
드래캄,가라르야도킹,100,75,3.000,2.000,0.1274,0.2057,-0.0292,,먹다남은음식
드래캄,깜까미,100,76,2.000,4.000,0.2981,0.6201,0.2981,0.5168,없음
드래캄,엘풍,100,77,1.000,4.000,0.5757,0.9113,0.3424,,기합의띠
드래캄,저승갓숭,100,78,3.000,3.000,-0.2019,0.0068,-0.2267,,먹다남은음식
드래캄,스트린더(하이),100,79,2.000,3.000,0.0068,0.3424,0.0068,,풍선
드래캄,샤미드,100,80,3.000,4.000,-0.1717,0.0943,-0.1717,,먹다남은음식
드래캄,사마자르,100,81,2.000,3.000,0.0068,0.3424,0.0068,,기합의띠
드래캄,인텔리레온,100,82,2.000,3.000,0.0068,0.2401,0.0068,,없음
드래캄,깨비물거미,100,83,3.000,4.000,0.7377,0.9113,0.5732,,자뭉열매
드래캄,가디안,100,84,2.000,2.000,-0.3288,-0.0955,-0.3288,-0.3288,기합의띠
드래캄,왕구리,100,85,2.000,3.000,0.0068,0.3424,0.0068,,없음
드래캄,엘레이드,100,86,2.000,2.000,-0.3367,-0.3288,-0.6531,-0.3367,생명의구슬
드래캄,브리무음,100,87,2.000,2.000,0.1379,0.3712,0.1379,,기합의띠
드래캄,눈여아,100,88,2.000,2.000,-0.3288,-0.3288,-0.3288,-0.3288,기합의띠
드래캄,어흥염,100,89,2.000,3.000,-0.0169,0.0409,-0.2267,,자뭉열매
드래캄,마릴리,100,90,2.000,4.000,0.3424,0.9113,0.3424,,자뭉열매
드래캄,올리르바,100,91,2.000,3.000,0.4735,0.5670,0.4735,,기합의띠
드래캄,스트린더(로우),100,92,2.000,3.000,0.0068,0.3424,0.0068,,풍선
드래캄,펜드라,100,93,2.000,2.000,-0.3288,-0.0417,-0.3288,-0.3288,기합의띠
드래캄,화염레오,100,94,2.000,3.000,0.0068,0.3424,0.0068,0.0068,기합의띠
드래캄,윈디(히스이),100,95,2.000,2.000,-0.3288,-0.0917,-0.3288,,기합의띠
드래캄,캥카,100,96,2.000,2.000,-0.3288,-0.2769,-0.3288,-0.3649,타입강화
드래캄,꿈트렁,100,97,2.000,2.000,-0.3112,0.2279,-0.3112,,자뭉열매
드래캄,에써르(암컷),100,98,2.000,2.000,-0.3288,-0.3288,-0.3288,,없음
드래캄,후딘,100,99,2.000,2.000,-0.3288,-0.3288,-0.3288,,기합의띠